video_path;width;height;frame_count;fps;file_name;dataset_name;video_label
/mnt/c/Users/ha/Desktop/new_dataset/pool/pexels/PEXELs__lb_firesmoke__68413-528670667.mp4;1920;1080;1218;60.0;PEXELs__lb_firesmoke__68413-528670667.mp4;PEXELs;firesmoke
/mnt/c/Users/ha/Desktop/new_dataset/pool/pexels/PEXELs__lb_firesmoke__143325-782178558.mp4;1920;1080;354;50.0;PEXELs__lb_firesmoke__143325-782178558.mp4;PEXELs;firesmoke
/mnt/c/Users/ha/Desktop/new_dataset/pool/pexels/PEXELs__lb_firesmoke__95009-644716367.mp4;1920;1080;647;50.0;PEXELs__lb_firesmoke__95009-644716367.mp4;PEXELs;firesmoke
/mnt/c/Users/ha/Desktop/new_dataset/pool/pexels/PEXELs__lb_firesmoke__95010-644716378.mp4;1920;1080;1486;50.0;PEXELs__lb_firesmoke__95010-644716378.mp4;PEXELs;firesmoke
/mnt/c/Users/ha/Desktop/new_dataset/pool/pexels/PEXELs__lb_firesmoke__97842-649761078.mp4;1920;1080;1284;50.0;PEXELs__lb_firesmoke__97842-649761078.mp4;PEXELs;firesmoke
/mnt/c/Users/ha/Desktop/new_dataset/pool/FireNet/NoFire/FireNet__lb_none__NoFireVid3.mp4;1280;720;113;30.25192086;FireNet__lb_none__NoFireVid3.mp4;FireNet;none
/mnt/c/Users/ha/Desktop/new_dataset/pool/FireNet/NoFire/FireNet__lb_none__NoFireVid9.mp4;1280;720;74;30.25185487;FireNet__lb_none__NoFireVid9.mp4;FireNet;none
/mnt/c/Users/ha/Desktop/new_dataset/pool/FireNet/NoFire/FireNet__lb_none__NoFireVid10.mp4;1280;720;70;30.25185098;FireNet__lb_none__NoFireVid10.mp4;FireNet;none
/mnt/c/Users/ha/Desktop/new_dataset/pool/FireNet/fire/FireNet__lb_firesmoke__FireVid20.mp4;1280;720;148;30.25178685;FireNet__lb_firesmoke__FireVid20.mp4;FireNet;firesmoke
/mnt/c/Users/ha/Desktop/new_dataset/pool/FireNet/fire/FireNet__lb_firesmoke__FireVid25.mp4;1280;720;174;30.25176773;FireNet__lb_firesmoke__FireVid25.mp4;FireNet;firesmoke
/mnt/c/Users/ha/Desktop/new_dataset/pool/FireNet/fire/FireNet__lb_firesmoke__FireVid21.mp4;1280;720;175;30.25176731;FireNet__lb_firesmoke__FireVid21.mp4;FireNet;firesmoke
/mnt/c/Users/ha/Desktop/new_dataset/pool/FireNet/NoFire/FireNet__lb_none__NoFireVid12.mp4;1280;720;369;30.25175114;FireNet__lb_none__NoFireVid12.mp4;FireNet;none
/mnt/c/Users/ha/Desktop/new_dataset/pool/FireNet/fire/FireNet__lb_firesmoke__FireVid22.mp4;1280;720;172;30.25171006;FireNet__lb_firesmoke__FireVid22.mp4;FireNet;firesmoke
/mnt/c/Users/ha/Desktop/new_dataset/pool/FireNet/NoFire/FireNet__lb_none__NoFireVid14.mp4;1280;720;109;30.25166051;FireNet__lb_none__NoFireVid14.mp4;FireNet;none
/mnt/c/Users/ha/Desktop/new_dataset/pool/FireNet/NoFire/FireNet__lb_none__NoFireVid13.mp4;1280;720;514;30.25165136;FireNet__lb_none__NoFireVid13.mp4;FireNet;none
/mnt/c/Users/ha/Desktop/new_dataset/pool/FireNet/fire/FireNet__lb_firesmoke__FireVid23.mp4;1280;720;168;30.25163417;FireNet__lb_firesmoke__FireVid23.mp4;FireNet;firesmoke
/mnt/c/Users/ha/Desktop/new_dataset/pool/FireNet/NoFire/FireNet__lb_none__NoFireVid11.mp4;1280;720;184;30.25161949;FireNet__lb_none__NoFireVid11.mp4;FireNet;none
/mnt/c/Users/ha/Desktop/new_dataset/pool/FireNet/fire/FireNet__lb_firesmoke__FireVid24.mp4;1280;720;145;30.25142901;FireNet__lb_firesmoke__FireVid24.mp4;FireNet;firesmoke
/mnt/c/Users/ha/Desktop/new_dataset/pool/FireNet/fire/FireNet__lb_firesmoke__FireVid26.mp4;1280;720;289;30.20151762;FireNet__lb_firesmoke__FireVid26.mp4;FireNet;firesmoke
/mnt/c/Users/ha/Desktop/new_dataset/pool/FireNet/NoFire/FireNet__lb_none__NoFireVid16.mp4;1280;720;217;30.15145199;FireNet__lb_none__NoFireVid16.mp4;FireNet;none
/mnt/c/Users/ha/Desktop/new_dataset/pool/FireNet/fire/FireNet__lb_firesmoke__FireVid67.mp4;1920;1080;442;30.04007609;FireNet__lb_firesmoke__FireVid67.mp4;FireNet;firesmoke
/mnt/c/Users/ha/Desktop/new_dataset/pool/FireNet/NoFire/FireNet__lb_none__NoFireVid6.mp4;1920;1080;380;30.00855507;FireNet__lb_none__NoFireVid6.mp4;FireNet;none
/mnt/c/Users/ha/Desktop/new_dataset/pool/FireNet/NoFire/FireNet__lb_none__NoFireVid2.mp4;1920;1080;260;30.00453915;FireNet__lb_none__NoFireVid2.mp4;FireNet;none
/mnt/c/Users/ha/Desktop/new_dataset/pool/Prof/Prof__lb_firesmoke__d3.mp4;1280;720;15594;30.00002693;Prof__lb_firesmoke__d3.mp4;Prof;firesmoke
/mnt/c/Users/ha/Desktop/new_dataset/pool/pexels/PEXELs__lb_firesmoke__11910087_1920_1080_30fps.mp4;1920;1080;1796;30.0;PEXELs__lb_firesmoke__11910087_1920_1080_30fps.mp4;PEXELs;firesmoke
/mnt/c/Users/ha/Desktop/new_dataset/pool/pexels/PEXELs__lb_firesmoke__214875_small.mp4;1920;1080;636;30.0;PEXELs__lb_firesmoke__214875_small.mp4;PEXELs;firesmoke
/mnt/c/Users/ha/Desktop/new_dataset/pool/pexels/PEXELs__lb_firesmoke__4525902-hd_1920_1080_30fps.mp4;1920;1080;1018;30.0;PEXELs__lb_firesmoke__4525902-hd_1920_1080_30fps.mp4;PEXELs;firesmoke
/mnt/c/Users/ha/Desktop/new_dataset/pool/pexels/PEXELs__lb_firesmoke__47889-452144042.mp4;1920;1080;988;30.0;PEXELs__lb_firesmoke__47889-452144042.mp4;PEXELs;firesmoke
/mnt/c/Users/ha/Desktop/new_dataset/pool/pexels/PEXELs__lb_firesmoke__4824124-hd_1920_1080_30fps.mp4;1920;1080;398;30.0;PEXELs__lb_firesmoke__4824124-hd_1920_1080_30fps.mp4;PEXELs;firesmoke
/mnt/c/Users/ha/Desktop/new_dataset/pool/pexels/PEXELs__lb_firesmoke__8064156-hd_1920_1080_30fps.mp4;1920;1080;259;30.0;PEXELs__lb_firesmoke__8064156-hd_1920_1080_30fps.mp4;PEXELs;firesmoke
/mnt/c/Users/ha/Desktop/new_dataset/pool/pexels/PEXELs__lb_firesmoke__9416733-hd_1920_1080_30fps.mp4;1920;1080;41;30.0;PEXELs__lb_firesmoke__9416733-hd_1920_1080_30fps.mp4;PEXELs;firesmoke
/mnt/c/Users/ha/Desktop/new_dataset/pool/FireNet/NoFire/FireNet__lb_none__NoFireVid7.mp4;1920;1080;86;30.0;FireNet__lb_none__NoFireVid7.mp4;FireNet;none
/mnt/c/Users/ha/Desktop/new_dataset/pool/fire video/VSD3__lb_firesmoke__video5.mp4;1280;720;9018;30.0;VSD3__lb_firesmoke__video5.mp4;VSD3;firesmoke
/mnt/c/Users/ha/Desktop/new_dataset/pool/Prof/Prof__lb_firesmoke__d0.mp4;1280;720;6300;30.0;Prof__lb_firesmoke__d0.mp4;Prof;firesmoke
/mnt/c/Users/ha/Desktop/new_dataset/pool/Prof/Prof__lb_firesmoke__d1.mp4;1280;720;6600;30.0;Prof__lb_firesmoke__d1.mp4;Prof;firesmoke
/mnt/c/Users/ha/Desktop/new_dataset/pool/Prof/Prof__lb_firesmoke__d2.mp4;1280;720;6750;30.0;Prof__lb_firesmoke__d2.mp4;Prof;firesmoke
/mnt/c/Users/ha/Desktop/new_dataset/pool/Prof/Prof__lb_firesmoke__d4.mp4;1280;720;11400;30.0;Prof__lb_firesmoke__d4.mp4;Prof;firesmoke
/mnt/c/Users/ha/Desktop/new_dataset/pool/FireNet/NoFire/FireNet__lb_none__NoFireVid15.mp4;1280;720;39;29.99384742;FireNet__lb_none__NoFireVid15.mp4;FireNet;none
/mnt/c/Users/ha/Desktop/new_dataset/pool/fire video/VSD3__lb_firesmoke__video4.mp4;1920;1080;1419;29.98326515;VSD3__lb_firesmoke__video4.mp4;VSD3;firesmoke
/mnt/c/Users/ha/Desktop/new_dataset/pool/pexels/PEXELs__lb_firesmoke__11574636-hd_1920_1080_30fps.mp4;1920;1080;1569;29.97002997;PEXELs__lb_firesmoke__11574636-hd_1920_1080_30fps.mp4;PEXELs;firesmoke
/mnt/c/Users/ha/Desktop/new_dataset/pool/pexels/PEXELs__lb_firesmoke__11584960-hd_1920_1080_30fps.mp4;1920;1080;2147;29.97002997;PEXELs__lb_firesmoke__11584960-hd_1920_1080_30fps.mp4;PEXELs;firesmoke
/mnt/c/Users/ha/Desktop/new_dataset/pool/pexels/PEXELs__lb_firesmoke__125899-735656332.mp4;1920;1080;1713;29.97002997;PEXELs__lb_firesmoke__125899-735656332.mp4;PEXELs;firesmoke
/mnt/c/Users/ha/Desktop/new_dataset/pool/pexels/PEXELs__lb_firesmoke__133858-758182528_small.mp4;1920;1080;600;29.97002997;PEXELs__lb_firesmoke__133858-758182528_small.mp4;PEXELs;firesmoke
/mnt/c/Users/ha/Desktop/new_dataset/pool/pexels/PEXELs__lb_firesmoke__14121175-hd_1920_1080_30fps.mp4;1920;1080;529;29.97002997;PEXELs__lb_firesmoke__14121175-hd_1920_1080_30fps.mp4;PEXELs;firesmoke
/mnt/c/Users/ha/Desktop/new_dataset/pool/pexels/PEXELs__lb_firesmoke__14121184-hd_1920_1080_30fps.mp4;1920;1080;591;29.97002997;PEXELs__lb_firesmoke__14121184-hd_1920_1080_30fps.mp4;PEXELs;firesmoke
/mnt/c/Users/ha/Desktop/new_dataset/pool/pexels/PEXELs__lb_firesmoke__153663-805688996_small.mp4;1920;1080;1001;29.97002997;PEXELs__lb_firesmoke__153663-805688996_small.mp4;PEXELs;firesmoke
/mnt/c/Users/ha/Desktop/new_dataset/pool/pexels/PEXELs__lb_firesmoke__17469008-hd_1920_1080_30fps.mp4;1920;1080;961;29.97002997;PEXELs__lb_firesmoke__17469008-hd_1920_1080_30fps.mp4;PEXELs;firesmoke
/mnt/c/Users/ha/Desktop/new_dataset/pool/pexels/PEXELs__lb_firesmoke__217739_small.mp4;1920;1080;1799;29.97002997;PEXELs__lb_firesmoke__217739_small.mp4;PEXELs;firesmoke
/mnt/c/Users/ha/Desktop/new_dataset/pool/pexels/PEXELs__lb_firesmoke__224207_small.mp4;1920;1080;247;29.97002997;PEXELs__lb_firesmoke__224207_small.mp4;PEXELs;firesmoke
/mnt/c/Users/ha/Desktop/new_dataset/pool/pexels/PEXELs__lb_firesmoke__3211457-hd_1920_1080_30fps.mp4;1920;1080;1835;29.97002997;PEXELs__lb_firesmoke__3211457-hd_1920_1080_30fps.mp4;PEXELs;firesmoke
/mnt/c/Users/ha/Desktop/new_dataset/pool/pexels/PEXELs__lb_firesmoke__3490083-hd_1920_1080_30fps.mp4;1920;1080;578;29.97002997;PEXELs__lb_firesmoke__3490083-hd_1920_1080_30fps.mp4;PEXELs;firesmoke
/mnt/c/Users/ha/Desktop/new_dataset/pool/pexels/PEXELs__lb_firesmoke__5470456-hd_1920_1080_30fps.mp4;1920;1080;1358;29.97002997;PEXELs__lb_firesmoke__5470456-hd_1920_1080_30fps.mp4;PEXELs;firesmoke
/mnt/c/Users/ha/Desktop/new_dataset/pool/pexels/PEXELs__lb_firesmoke__5488780-hd_1920_1080_30fps.mp4;1920;1080;1921;29.97002997;PEXELs__lb_firesmoke__5488780-hd_1920_1080_30fps.mp4;PEXELs;firesmoke
/mnt/c/Users/ha/Desktop/new_dataset/pool/pexels/PEXELs__lb_firesmoke__5509723-hd_1920_1080_30fps.mp4;1920;1080;273;29.97002997;PEXELs__lb_firesmoke__5509723-hd_1920_1080_30fps.mp4;PEXELs;firesmoke
/mnt/c/Users/ha/Desktop/new_dataset/pool/pexels/PEXELs__lb_firesmoke__5826368-hd_1920_1080_30fps.mp4;1920;1080;1494;29.97002997;PEXELs__lb_firesmoke__5826368-hd_1920_1080_30fps.mp4;PEXELs;firesmoke
/mnt/c/Users/ha/Desktop/new_dataset/pool/pexels/PEXELs__lb_firesmoke__6218554-hd_1920_1080_30fps.mp4;1920;1080;648;29.97002997;PEXELs__lb_firesmoke__6218554-hd_1920_1080_30fps.mp4;PEXELs;firesmoke
/mnt/c/Users/ha/Desktop/new_dataset/pool/pexels/PEXELs__lb_firesmoke__62402-504238747_medium.mp4;1920;1080;172;29.97002997;PEXELs__lb_firesmoke__62402-504238747_medium.mp4;PEXELs;firesmoke
/mnt/c/Users/ha/Desktop/new_dataset/pool/pexels/PEXELs__lb_firesmoke__6967877-hd_1920_1080_30fps.mp4;1920;1080;892;29.97002997;PEXELs__lb_firesmoke__6967877-hd_1920_1080_30fps.mp4;PEXELs;firesmoke
/mnt/c/Users/ha/Desktop/new_dataset/pool/fire video/VSD3__lb_firesmoke__video6.mp4;1280;720;5667;29.97002997;VSD3__lb_firesmoke__video6.mp4;VSD3;firesmoke
/mnt/c/Users/ha/Desktop/new_dataset/pool/pexels/PEXELs__lb_firesmoke__10999881-hd_1920_1080_30fps.mp4;1280;720;320;29.97002997;PEXELs__lb_firesmoke__10999881-hd_1920_1080_30fps.mp4;PEXELs;firesmoke
/mnt/c/Users/ha/Desktop/new_dataset/pool/pexels/PEXELs__lb_firesmoke__41348-429396499_large.mp4;1280;720;680;29.97002997;PEXELs__lb_firesmoke__41348-429396499_large.mp4;PEXELs;firesmoke
/mnt/c/Users/ha/Desktop/new_dataset/pool/pexels/PEXELs__lb_firesmoke__5503417-hd_1280_720_30fps.mp4;1280;720;454;29.97002997;PEXELs__lb_firesmoke__5503417-hd_1280_720_30fps.mp4;PEXELs;firesmoke
/mnt/c/Users/ha/Desktop/new_dataset/pool/pexels/PEXELs__lb_firesmoke__6186411-hd_1920_1080_30fps.mp4;1280;720;930;29.97002997;PEXELs__lb_firesmoke__6186411-hd_1920_1080_30fps.mp4;PEXELs;firesmoke
/mnt/c/Users/ha/Desktop/new_dataset/pool/pexels/PEXELs__lb_firesmoke__6968181-hd_1920_1080_30fps.mp4;1280;720;1110;29.97002997;PEXELs__lb_firesmoke__6968181-hd_1920_1080_30fps.mp4;PEXELs;firesmoke
/mnt/c/Users/ha/Desktop/new_dataset/pool/furg-fire/furg-fire-dataset-master/FURG__lb_firesmoke__case2_house.mp4;1920;1080;904;29.97;FURG__lb_firesmoke__case2_house.mp4;FURG;firesmoke
/mnt/c/Users/ha/Desktop/new_dataset/pool/furg-fire/furg-fire-dataset-master/FURG__lb_firesmoke__barbecue.mp4;1280;720;902;29.97;FURG__lb_firesmoke__barbecue.mp4;FURG;firesmoke
/mnt/c/Users/ha/Desktop/new_dataset/pool/furg-fire/furg-fire-dataset-master/FURG__lb_firesmoke__hand_held_batteries_night.mp4;1280;720;615;29.97;FURG__lb_firesmoke__hand_held_batteries_night.mp4;FURG;firesmoke
/mnt/c/Users/ha/Desktop/new_dataset/pool/furg-fire/furg-fire-dataset-master/FURG__lb_firesmoke__hand_held_camera_wildfire.mp4;1280;720;773;29.97;FURG__lb_firesmoke__hand_held_camera_wildfire.mp4;FURG;firesmoke
/mnt/c/Users/ha/Desktop/new_dataset/pool/furg-fire/furg-fire-dataset-master/FURG__lb_firesmoke__hand_held_winnebago.mp4;1280;720;1162;29.97;FURG__lb_firesmoke__hand_held_winnebago.mp4;FURG;firesmoke
/mnt/c/Users/ha/Desktop/new_dataset/pool/furg-fire/furg-fire-dataset-master/FURG__lb_none__case2_outside.mp4;1280;720;921;29.97;FURG__lb_none__case2_outside.mp4;FURG;none
/mnt/c/Users/ha/Desktop/new_dataset/pool/furg-fire/furg-fire-dataset-master/FURG__lb_none__icra.mp4;1280;720;1852;29.97;FURG__lb_none__icra.mp4;FURG;none
/mnt/c/Users/ha/Desktop/new_dataset/pool/furg-fire/furg-fire-dataset-master/FURG__lb_none__non_fire_patrolbot_onboard.mp4;1280;720;341;29.97;FURG__lb_none__non_fire_patrolbot_onboard.mp4;FURG;none
/mnt/c/Users/ha/Desktop/new_dataset/pool/FiSmo/RESCUER-videos/videos/FiSmo__lb_firesmoke__rescuer_016.mp4;1920;1080;170;29.85028036;FiSmo__lb_firesmoke__rescuer_016.mp4;FiSmo;firesmoke
/mnt/c/Users/ha/Desktop/new_dataset/pool/FiSmo/RESCUER-videos/videos/FiSmo__lb_firesmoke__rescuer_034.mp4;1920;1080;599;29.84757308;FiSmo__lb_firesmoke__rescuer_034.mp4;FiSmo;firesmoke
/mnt/c/Users/ha/Desktop/new_dataset/pool/FiSmo/RESCUER-videos/videos/FiSmo__lb_firesmoke__rescuer_014.mp4;1920;1080;448;29.82255138;FiSmo__lb_firesmoke__rescuer_014.mp4;FiSmo;firesmoke
/mnt/c/Users/ha/Desktop/new_dataset/pool/FiSmo/RESCUER-videos/videos/FiSmo__lb_firesmoke__rescuer_029.mp4;1920;1080;519;29.79280891;FiSmo__lb_firesmoke__rescuer_029.mp4;FiSmo;firesmoke
/mnt/c/Users/ha/Desktop/new_dataset/pool/FiSmo/RESCUER-videos/videos/FiSmo__lb_firesmoke__rescuer_026.mp4;1920;1080;417;29.77878954;FiSmo__lb_firesmoke__rescuer_026.mp4;FiSmo;firesmoke
/mnt/c/Users/ha/Desktop/new_dataset/pool/FiSmo/RESCUER-videos/videos/FiSmo__lb_firesmoke__rescuer_036.mp4;1920;1080;355;29.76634121;FiSmo__lb_firesmoke__rescuer_036.mp4;FiSmo;firesmoke
/mnt/c/Users/ha/Desktop/new_dataset/pool/FiSmo/RESCUER-videos/videos/FiSmo__lb_firesmoke__rescuer_019.mp4;1920;1080;375;29.76054008;FiSmo__lb_firesmoke__rescuer_019.mp4;FiSmo;firesmoke
/mnt/c/Users/ha/Desktop/new_dataset/pool/FiSmo/RESCUER-videos/videos/FiSmo__lb_firesmoke__rescuer_038.mp4;1920;1080;331;29.76029922;FiSmo__lb_firesmoke__rescuer_038.mp4;FiSmo;firesmoke
/mnt/c/Users/ha/Desktop/new_dataset/pool/FiSmo/RESCUER-videos/videos/FiSmo__lb_firesmoke__rescuer_031.mp4;1920;1080;390;29.74699797;FiSmo__lb_firesmoke__rescuer_031.mp4;FiSmo;firesmoke
/mnt/c/Users/ha/Desktop/new_dataset/pool/FiSmo/RESCUER-videos/videos/FiSmo__lb_firesmoke__rescuer_015.mp4;1920;1080;527;29.73732966;FiSmo__lb_firesmoke__rescuer_015.mp4;FiSmo;firesmoke
/mnt/c/Users/ha/Desktop/new_dataset/pool/FiSmo/RESCUER-videos/videos/FiSmo__lb_firesmoke__rescuer_032.mp4;1920;1080;366;29.73281089;FiSmo__lb_firesmoke__rescuer_032.mp4;FiSmo;firesmoke
/mnt/c/Users/ha/Desktop/new_dataset/pool/FiSmo/RESCUER-videos/videos/FiSmo__lb_firesmoke__rescuer_021.mp4;1920;1080;426;29.7106812;FiSmo__lb_firesmoke__rescuer_021.mp4;FiSmo;firesmoke
/mnt/c/Users/ha/Desktop/new_dataset/pool/FiSmo/RESCUER-videos/videos/FiSmo__lb_firesmoke__rescuer_035.mp4;1920;1080;459;29.70600333;FiSmo__lb_firesmoke__rescuer_035.mp4;FiSmo;firesmoke
/mnt/c/Users/ha/Desktop/new_dataset/pool/FiSmo/RESCUER-videos/videos/FiSmo__lb_firesmoke__rescuer_017.mp4;1920;1080;3197;29.68307109;FiSmo__lb_firesmoke__rescuer_017.mp4;FiSmo;firesmoke
/mnt/c/Users/ha/Desktop/new_dataset/pool/FiSmo/RESCUER-videos/videos/FiSmo__lb_firesmoke__rescuer_030.mp4;1920;1080;343;29.67347641;FiSmo__lb_firesmoke__rescuer_030.mp4;FiSmo;firesmoke
/mnt/c/Users/ha/Desktop/new_dataset/pool/FiSmo/RESCUER-videos/videos/FiSmo__lb_firesmoke__rescuer_033.mp4;1920;1080;424;29.6680306;FiSmo__lb_firesmoke__rescuer_033.mp4;FiSmo;firesmoke
/mnt/c/Users/ha/Desktop/new_dataset/pool/FiSmo/RESCUER-videos/videos/FiSmo__lb_firesmoke__rescuer_018.mp4;1920;1080;526;29.6630109;FiSmo__lb_firesmoke__rescuer_018.mp4;FiSmo;firesmoke
/mnt/c/Users/ha/Desktop/new_dataset/pool/FireNet/NoFire/FireNet__lb_none__NoFireVid5.mp4;1920;1080;545;29.65860855;FireNet__lb_none__NoFireVid5.mp4;FireNet;none
/mnt/c/Users/ha/Desktop/new_dataset/pool/FiSmo/RESCUER-videos/videos/FiSmo__lb_firesmoke__rescuer_025.mp4;1920;1080;478;29.63187458;FiSmo__lb_firesmoke__rescuer_025.mp4;FiSmo;firesmoke
/mnt/c/Users/ha/Desktop/new_dataset/pool/FiSmo/RESCUER-videos/videos/FiSmo__lb_firesmoke__rescuer_027.mp4;1920;1080;313;29.61886607;FiSmo__lb_firesmoke__rescuer_027.mp4;FiSmo;firesmoke
/mnt/c/Users/ha/Desktop/new_dataset/pool/FiSmo/RESCUER-videos/videos/FiSmo__lb_firesmoke__rescuer_028.mp4;1920;1080;364;29.59026159;FiSmo__lb_firesmoke__rescuer_028.mp4;FiSmo;firesmoke
/mnt/c/Users/ha/Desktop/new_dataset/pool/FiSmo/RESCUER-videos/videos/FiSmo__lb_firesmoke__rescuer_037.mp4;1920;1080;389;29.51364448;FiSmo__lb_firesmoke__rescuer_037.mp4;FiSmo;firesmoke
/mnt/c/Users/ha/Desktop/new_dataset/pool/FiSmo/RESCUER-videos/videos/FiSmo__lb_firesmoke__rescuer_022.mp4;1920;1080;445;29.51158873;FiSmo__lb_firesmoke__rescuer_022.mp4;FiSmo;firesmoke
/mnt/c/Users/ha/Desktop/new_dataset/pool/FiSmo/RESCUER-videos/videos/FiSmo__lb_firesmoke__rescuer_024.mp4;1920;1080;418;29.49524093;FiSmo__lb_firesmoke__rescuer_024.mp4;FiSmo;firesmoke
/mnt/c/Users/ha/Desktop/new_dataset/pool/FiSmo/RESCUER-videos/videos/FiSmo__lb_firesmoke__rescuer_020.mp4;1920;1080;439;29.4337413;FiSmo__lb_firesmoke__rescuer_020.mp4;FiSmo;firesmoke
/mnt/c/Users/ha/Desktop/new_dataset/pool/FiSmo/RESCUER-videos/videos/FiSmo__lb_firesmoke__rescuer_023.mp4;1920;1080;377;29.4250537;FiSmo__lb_firesmoke__rescuer_023.mp4;FiSmo;firesmoke
/mnt/c/Users/ha/Desktop/new_dataset/pool/pexels/PEXELs__lb_firesmoke__855234-hd_1280_720_28fps.mp4;1280;720;1053;28.249;PEXELs__lb_firesmoke__855234-hd_1280_720_28fps.mp4;PEXELs;firesmoke
/mnt/c/Users/ha/Desktop/new_dataset/pool/FireNet/fire/FireNet__lb_firesmoke__FireVid68.mp4;1920;1080;180;25.48371874;FireNet__lb_firesmoke__FireVid68.mp4;FireNet;firesmoke
/mnt/c/Users/ha/Desktop/new_dataset/pool/fire video/VSD3__lb_firesmoke__video1.avi;2048;1536;9500;25.0;VSD3__lb_firesmoke__video1.avi;VSD3;firesmoke
/mnt/c/Users/ha/Desktop/new_dataset/pool/fire video/VSD3__lb_firesmoke__video8.avi;2048;1536;7314;25.0;VSD3__lb_firesmoke__video8.avi;VSD3;firesmoke
/mnt/c/Users/ha/Desktop/new_dataset/pool/pexels/PEXELs__lb_firesmoke__117075-710546413.mp4;1920;1080;335;25.0;PEXELs__lb_firesmoke__117075-710546413.mp4;PEXELs;firesmoke
/mnt/c/Users/ha/Desktop/new_dataset/pool/pexels/PEXELs__lb_firesmoke__163395-827856005.mp4;1920;1080;315;25.0;PEXELs__lb_firesmoke__163395-827856005.mp4;PEXELs;firesmoke
/mnt/c/Users/ha/Desktop/new_dataset/pool/pexels/PEXELs__lb_firesmoke__225245_small.mp4;1920;1080;338;25.0;PEXELs__lb_firesmoke__225245_small.mp4;PEXELs;firesmoke
/mnt/c/Users/ha/Desktop/new_dataset/pool/pexels/PEXELs__lb_firesmoke__2620043-hd_1920_1080_25fps.mp4;1920;1080;688;25.0;PEXELs__lb_firesmoke__2620043-hd_1920_1080_25fps.mp4;PEXELs;firesmoke
/mnt/c/Users/ha/Desktop/new_dataset/pool/pexels/PEXELs__lb_firesmoke__3192084-hd_1920_1080_25fps.mp4;1920;1080;250;25.0;PEXELs__lb_firesmoke__3192084-hd_1920_1080_25fps.mp4;PEXELs;firesmoke
/mnt/c/Users/ha/Desktop/new_dataset/pool/pexels/PEXELs__lb_firesmoke__3192197-hd_1920_1080_25fps.mp4;1920;1080;508;25.0;PEXELs__lb_firesmoke__3192197-hd_1920_1080_25fps.mp4;PEXELs;firesmoke
/mnt/c/Users/ha/Desktop/new_dataset/pool/pexels/PEXELs__lb_firesmoke__3628388-hd_1920_1080_25fps.mp4;1920;1080;188;25.0;PEXELs__lb_firesmoke__3628388-hd_1920_1080_25fps.mp4;PEXELs;firesmoke
/mnt/c/Users/ha/Desktop/new_dataset/pool/pexels/PEXELs__lb_firesmoke__4440699-hd_1920_1080_25fps.mp4;1920;1080;216;25.0;PEXELs__lb_firesmoke__4440699-hd_1920_1080_25fps.mp4;PEXELs;firesmoke
/mnt/c/Users/ha/Desktop/new_dataset/pool/pexels/PEXELs__lb_firesmoke__4684200-hd_1920_1080_25fps.mp4;1920;1080;663;25.0;PEXELs__lb_firesmoke__4684200-hd_1920_1080_25fps.mp4;PEXELs;firesmoke
/mnt/c/Users/ha/Desktop/new_dataset/pool/pexels/PEXELs__lb_firesmoke__5075224-hd_1920_1080_25fps.mp4;1920;1080;92;25.0;PEXELs__lb_firesmoke__5075224-hd_1920_1080_25fps.mp4;PEXELs;firesmoke
/mnt/c/Users/ha/Desktop/new_dataset/pool/pexels/PEXELs__lb_firesmoke__5419256-hd_1920_1080_25fps.mp4;1920;1080;1623;25.0;PEXELs__lb_firesmoke__5419256-hd_1920_1080_25fps.mp4;PEXELs;firesmoke
/mnt/c/Users/ha/Desktop/new_dataset/pool/pexels/PEXELs__lb_firesmoke__5698928-hd_1920_1080_25fps.mp4;1920;1080;448;25.0;PEXELs__lb_firesmoke__5698928-hd_1920_1080_25fps.mp4;PEXELs;firesmoke
/mnt/c/Users/ha/Desktop/new_dataset/pool/pexels/PEXELs__lb_firesmoke__5816532-hd_1920_1080_25fps.mp4;1920;1080;383;25.0;PEXELs__lb_firesmoke__5816532-hd_1920_1080_25fps.mp4;PEXELs;firesmoke
/mnt/c/Users/ha/Desktop/new_dataset/pool/pexels/PEXELs__lb_firesmoke__6024944-hd_1920_1080_25fps.mp4;1920;1080;853;25.0;PEXELs__lb_firesmoke__6024944-hd_1920_1080_25fps.mp4;PEXELs;firesmoke
/mnt/c/Users/ha/Desktop/new_dataset/pool/pexels/PEXELs__lb_firesmoke__61413-498529688.mp4;1920;1080;391;25.0;PEXELs__lb_firesmoke__61413-498529688.mp4;PEXELs;firesmoke
/mnt/c/Users/ha/Desktop/new_dataset/pool/pexels/PEXELs__lb_firesmoke__6775923-hd_1920_1080_25fps.mp4;1920;1080;754;25.0;PEXELs__lb_firesmoke__6775923-hd_1920_1080_25fps.mp4;PEXELs;firesmoke
/mnt/c/Users/ha/Desktop/new_dataset/pool/pexels/PEXELs__lb_firesmoke__79911-570708342_small.mp4;1920;1080;1015;25.0;PEXELs__lb_firesmoke__79911-570708342_small.mp4;PEXELs;firesmoke
/mnt/c/Users/ha/Desktop/new_dataset/pool/pexels/PEXELs__lb_firesmoke__854070-hd_1920_1080_25fps.mp4;1920;1080;304;25.0;PEXELs__lb_firesmoke__854070-hd_1920_1080_25fps.mp4;PEXELs;firesmoke
/mnt/c/Users/ha/Desktop/new_dataset/pool/FireNet/NoFire/FireNet__lb_none__NoFireVid1.mp4;1920;1080;1455;25.0;FireNet__lb_none__NoFireVid1.mp4;FireNet;none
/mnt/c/Users/ha/Desktop/new_dataset/pool/FireNet/NoFire/FireNet__lb_none__NoFireVid8.mp4;1920;1080;1890;25.0;FireNet__lb_none__NoFireVid8.mp4;FireNet;none
/mnt/c/Users/ha/Desktop/new_dataset/pool/pexels/PEXELs__lb_firesmoke__9574151-hd_2048_1080_25fps.mp4;1366;720;1501;25.0;PEXELs__lb_firesmoke__9574151-hd_2048_1080_25fps.mp4;PEXELs;firesmoke
/mnt/c/Users/ha/Desktop/new_dataset/pool/fire video/VSD3__lb_firesmoke__video2.avi;1280;720;8950;25.0;VSD3__lb_firesmoke__video2.avi;VSD3;firesmoke
/mnt/c/Users/ha/Desktop/new_dataset/pool/fire video/VSD3__lb_none__video13.avi;1280;720;5829;25.0;VSD3__lb_none__video13.avi;VSD3;none
/mnt/c/Users/ha/Desktop/new_dataset/pool/fire video/VSD3__lb_none__video18.avi;1280;720;6313;25.0;VSD3__lb_none__video18.avi;VSD3;none
/mnt/c/Users/ha/Desktop/new_dataset/pool/fire video/VSD3__lb_none__video20.avi;1280;720;7478;25.0;VSD3__lb_none__video20.avi;VSD3;none
/mnt/c/Users/ha/Desktop/new_dataset/pool/pexels/PEXELs__lb_firesmoke__6160044-uhd_3840_2160_24fps.mp4;3840;2160;654;24.0;PEXELs__lb_firesmoke__6160044-uhd_3840_2160_24fps.mp4;PEXELs;firesmoke
/mnt/c/Users/ha/Desktop/new_dataset/pool/pexels/PEXELs__lb_firesmoke__2533765-hd_2048_1080_24fps.mp4;2048;1080;401;24.0;PEXELs__lb_firesmoke__2533765-hd_2048_1080_24fps.mp4;PEXELs;firesmoke
/mnt/c/Users/ha/Desktop/new_dataset/pool/pexels/PEXELs__lb_firesmoke__2927940-hd_2048_1080_24fps.mp4;2048;1080;242;24.0;PEXELs__lb_firesmoke__2927940-hd_2048_1080_24fps.mp4;PEXELs;firesmoke
/mnt/c/Users/ha/Desktop/new_dataset/pool/pexels/PEXELs__lb_firesmoke__13382959_1920_1080_24fps.mp4;1920;1080;586;24.0;PEXELs__lb_firesmoke__13382959_1920_1080_24fps.mp4;PEXELs;firesmoke
/mnt/c/Users/ha/Desktop/new_dataset/pool/pexels/PEXELs__lb_firesmoke__13444158_1920_1080_24fps.mp4;1920;1080;1061;24.0;PEXELs__lb_firesmoke__13444158_1920_1080_24fps.mp4;PEXELs;firesmoke
/mnt/c/Users/ha/Desktop/new_dataset/pool/pexels/PEXELs__lb_firesmoke__13455606_1920_1080_24fps.mp4;1920;1080;341;24.0;PEXELs__lb_firesmoke__13455606_1920_1080_24fps.mp4;PEXELs;firesmoke
/mnt/c/Users/ha/Desktop/new_dataset/pool/pexels/PEXELs__lb_firesmoke__4482955-hd_1920_1080_24fps.mp4;1920;1080;390;24.0;PEXELs__lb_firesmoke__4482955-hd_1920_1080_24fps.mp4;PEXELs;firesmoke
/mnt/c/Users/ha/Desktop/new_dataset/pool/pexels/PEXELs__lb_firesmoke__4485487-hd_1920_1080_24fps.mp4;1920;1080;1436;24.0;PEXELs__lb_firesmoke__4485487-hd_1920_1080_24fps.mp4;PEXELs;firesmoke
/mnt/c/Users/ha/Desktop/new_dataset/pool/pexels/PEXELs__lb_firesmoke__6093229-hd_1920_1080_24fps.mp4;1920;1080;720;24.0;PEXELs__lb_firesmoke__6093229-hd_1920_1080_24fps.mp4;PEXELs;firesmoke
/mnt/c/Users/ha/Desktop/new_dataset/pool/pexels/PEXELs__lb_firesmoke__6093230-hd_1920_1080_24fps.mp4;1920;1080;720;24.0;PEXELs__lb_firesmoke__6093230-hd_1920_1080_24fps.mp4;PEXELs;firesmoke
/mnt/c/Users/ha/Desktop/new_dataset/pool/pexels/PEXELs__lb_firesmoke__6093243-hd_1920_1080_24fps.mp4;1920;1080;1825;24.0;PEXELs__lb_firesmoke__6093243-hd_1920_1080_24fps.mp4;PEXELs;firesmoke
/mnt/c/Users/ha/Desktop/new_dataset/pool/pexels/PEXELs__lb_firesmoke__6432883-hd_1920_1080_24fps.mp4;1920;1080;923;24.0;PEXELs__lb_firesmoke__6432883-hd_1920_1080_24fps.mp4;PEXELs;firesmoke
/mnt/c/Users/ha/Desktop/new_dataset/pool/fire video/VSD3__lb_none__video19.avi;1920;1080;41323;24.0;VSD3__lb_none__video19.avi;VSD3;none
/mnt/c/Users/ha/Desktop/new_dataset/pool/pexels/PEXELs__lb_firesmoke__2908570-hd_2048_1080_24fps.mp4;2048;1080;269;23.97602398;PEXELs__lb_firesmoke__2908570-hd_2048_1080_24fps.mp4;PEXELs;firesmoke
/mnt/c/Users/ha/Desktop/new_dataset/pool/pexels/PEXELs__lb_firesmoke__12075744-hd_1920_1080_24fps.mp4;1920;1080;1164;23.97602398;PEXELs__lb_firesmoke__12075744-hd_1920_1080_24fps.mp4;PEXELs;firesmoke
/mnt/c/Users/ha/Desktop/new_dataset/pool/pexels/PEXELs__lb_firesmoke__12773184_1920_1080_24fps.mp4;1920;1080;489;23.97602398;PEXELs__lb_firesmoke__12773184_1920_1080_24fps.mp4;PEXELs;firesmoke
/mnt/c/Users/ha/Desktop/new_dataset/pool/pexels/PEXELs__lb_firesmoke__13283153_1920_1080_24fps.mp4;1920;1080;251;23.97602398;PEXELs__lb_firesmoke__13283153_1920_1080_24fps.mp4;PEXELs;firesmoke
/mnt/c/Users/ha/Desktop/new_dataset/pool/pexels/PEXELs__lb_firesmoke__13341335_1920_1080_24fps.mp4;1920;1080;530;23.97602398;PEXELs__lb_firesmoke__13341335_1920_1080_24fps.mp4;PEXELs;firesmoke
/mnt/c/Users/ha/Desktop/new_dataset/pool/pexels/PEXELs__lb_firesmoke__2836356-hd_1920_1080_24fps.mp4;1920;1080;434;23.97602398;PEXELs__lb_firesmoke__2836356-hd_1920_1080_24fps.mp4;PEXELs;firesmoke
/mnt/c/Users/ha/Desktop/new_dataset/pool/pexels/PEXELs__lb_firesmoke__3207799-hd_1920_1080_24fps.mp4;1920;1080;1294;23.97602398;PEXELs__lb_firesmoke__3207799-hd_1920_1080_24fps.mp4;PEXELs;firesmoke
/mnt/c/Users/ha/Desktop/new_dataset/pool/pexels/PEXELs__lb_firesmoke__4028453-hd_1920_1080_24fps.mp4;1920;1080;718;23.97602398;PEXELs__lb_firesmoke__4028453-hd_1920_1080_24fps.mp4;PEXELs;firesmoke
/mnt/c/Users/ha/Desktop/new_dataset/pool/pexels/PEXELs__lb_firesmoke__5669766-hd_1920_1080_24fps.mp4;1920;1080;1321;23.97602398;PEXELs__lb_firesmoke__5669766-hd_1920_1080_24fps.mp4;PEXELs;firesmoke
/mnt/c/Users/ha/Desktop/new_dataset/pool/pexels/PEXELs__lb_firesmoke__5701553-hd_1920_1080_24fps.mp4;1920;1080;1870;23.97602398;PEXELs__lb_firesmoke__5701553-hd_1920_1080_24fps.mp4;PEXELs;firesmoke
/mnt/c/Users/ha/Desktop/new_dataset/pool/pexels/PEXELs__lb_firesmoke__5880020-hd_1920_1080_24fps.mp4;1920;1080;720;23.97602398;PEXELs__lb_firesmoke__5880020-hd_1920_1080_24fps.mp4;PEXELs;firesmoke
/mnt/c/Users/ha/Desktop/new_dataset/pool/pexels/PEXELs__lb_firesmoke__5950042-hd_1920_1080_24fps.mp4;1920;1080;234;23.97602398;PEXELs__lb_firesmoke__5950042-hd_1920_1080_24fps.mp4;PEXELs;firesmoke
/mnt/c/Users/ha/Desktop/new_dataset/pool/pexels/PEXELs__lb_firesmoke__6403563-hd_1920_1080_24fps.mp4;1920;1080;420;23.97602398;PEXELs__lb_firesmoke__6403563-hd_1920_1080_24fps.mp4;PEXELs;firesmoke
/mnt/c/Users/ha/Desktop/new_dataset/pool/pexels/PEXELs__lb_firesmoke__8665965-hd_1920_1080_24fps.mp4;1920;1080;299;23.97602398;PEXELs__lb_firesmoke__8665965-hd_1920_1080_24fps.mp4;PEXELs;firesmoke
/mnt/c/Users/ha/Desktop/new_dataset/pool/pexels/PEXELs__lb_firesmoke__9339477-hd_1920_1080_24fps.mp4;1920;1080;1124;23.97602398;PEXELs__lb_firesmoke__9339477-hd_1920_1080_24fps.mp4;PEXELs;firesmoke
/mnt/c/Users/ha/Desktop/new_dataset/pool/pexels/PEXELs__lb_firesmoke__2406491-hd_1920_1080_24fps.mp4;1280;720;490;23.97602398;PEXELs__lb_firesmoke__2406491-hd_1920_1080_24fps.mp4;PEXELs;firesmoke
/mnt/c/Users/ha/Desktop/new_dataset/pool/FireNet/fire/FireNet__lb_firesmoke__FireVid66.mp4;1920;1080;435;22.17136683;FireNet__lb_firesmoke__FireVid66.mp4;FireNet;firesmoke
/mnt/c/Users/ha/Desktop/new_dataset/pool/FIRESENSE/fire_videos.1406/neg/FIRESENSE__lb_none__negsVideo12.1074.avi;1600;1200;514;19.68503937;FIRESENSE__lb_none__negsVideo12.1074.avi;FIRESENSE;none
/mnt/c/Users/ha/Desktop/new_dataset/pool/FIRESENSE/fire_videos.1406/neg/FIRESENSE__lb_none__negsVideo15.1078.avi;1600;1200;58;19.68503937;FIRESENSE__lb_none__negsVideo15.1078.avi;FIRESENSE;none
/mnt/c/Users/ha/Desktop/new_dataset/pool/FireNet/fire/FireNet__lb_firesmoke__FireVid45.mp4;1920;1080;174;18.7450848;FireNet__lb_firesmoke__FireVid45.mp4;FireNet;firesmoke
/mnt/c/Users/ha/Desktop/new_dataset/pool/fire video/VSD3__lb_none__video16.avi;1600;1200;196;18.50823617;VSD3__lb_none__video16.avi;VSD3;none
/mnt/c/Users/ha/Desktop/new_dataset/pool/FIRESENSE/fire_videos.1406/neg/FIRESENSE__lb_none__negsVideo16.1077.avi;1600;1200;196;18.50823617;FIRESENSE__lb_none__negsVideo16.1077.avi;FIRESENSE;none
/mnt/c/Users/ha/Desktop/new_dataset/pool/FireNet/fire/FireNet__lb_firesmoke__FireVid65.mp4;1920;1080;474;18.43740208;FireNet__lb_firesmoke__FireVid65.mp4;FireNet;firesmoke
/mnt/c/Users/ha/Desktop/new_dataset/pool/FireNet/fire/FireNet__lb_firesmoke__FireVid42.mp4;1920;1080;384;14.59527258;FireNet__lb_firesmoke__FireVid42.mp4;FireNet;firesmoke
/mnt/c/Users/ha/Desktop/new_dataset/pool/FireNet/fire/FireNet__lb_firesmoke__FireVid64.mp4;1920;1080;102;14.28635902;FireNet__lb_firesmoke__FireVid64.mp4;FireNet;firesmoke
/mnt/c/Users/ha/Desktop/new_dataset/pool/FireNet/fire/FireNet__lb_firesmoke__FireVid49.mp4;1920;1080;231;14.2861364;FireNet__lb_firesmoke__FireVid49.mp4;FireNet;firesmoke
/mnt/c/Users/ha/Desktop/new_dataset/pool/FireNet/fire/FireNet__lb_firesmoke__FireVid63.mp4;1920;1080;101;14.28275134;FireNet__lb_firesmoke__FireVid63.mp4;FireNet;firesmoke
/mnt/c/Users/ha/Desktop/new_dataset/pool/FireNet/fire/FireNet__lb_firesmoke__FireVid57.mp4;1920;1080;191;14.28008912;FireNet__lb_firesmoke__FireVid57.mp4;FireNet;firesmoke
/mnt/c/Users/ha/Desktop/new_dataset/pool/FireNet/fire/FireNet__lb_firesmoke__FireVid44.mp4;1920;1080;80;14.27475331;FireNet__lb_firesmoke__FireVid44.mp4;FireNet;firesmoke
/mnt/c/Users/ha/Desktop/new_dataset/pool/FireNet/fire/FireNet__lb_firesmoke__FireVid43.mp4;1920;1080;85;14.2740658;FireNet__lb_firesmoke__FireVid43.mp4;FireNet;firesmoke
/mnt/c/Users/ha/Desktop/new_dataset/pool/FireNet/fire/FireNet__lb_firesmoke__FireVid62.mp4;1920;1080;190;14.26494253;FireNet__lb_firesmoke__FireVid62.mp4;FireNet;firesmoke
/mnt/c/Users/ha/Desktop/new_dataset/pool/FireNet/fire/FireNet__lb_firesmoke__FireVid52.mp4;1920;1080;42;14.2646354;FireNet__lb_firesmoke__FireVid52.mp4;FireNet;firesmoke
/mnt/c/Users/ha/Desktop/new_dataset/pool/FireNet/fire/FireNet__lb_firesmoke__FireVid58.mp4;1920;1080;65;14.26446563;FireNet__lb_firesmoke__FireVid58.mp4;FireNet;firesmoke
/mnt/c/Users/ha/Desktop/new_dataset/pool/FireNet/fire/FireNet__lb_firesmoke__FireVid53.mp4;1920;1080;178;14.2590374;FireNet__lb_firesmoke__FireVid53.mp4;FireNet;firesmoke
/mnt/c/Users/ha/Desktop/new_dataset/pool/FireNet/fire/FireNet__lb_firesmoke__FireVid61.mp4;1920;1080;148;14.2554116;FireNet__lb_firesmoke__FireVid61.mp4;FireNet;firesmoke
/mnt/c/Users/ha/Desktop/new_dataset/pool/FireNet/fire/FireNet__lb_firesmoke__FireVid59.mp4;1920;1080;225;14.24217893;FireNet__lb_firesmoke__FireVid59.mp4;FireNet;firesmoke
/mnt/c/Users/ha/Desktop/new_dataset/pool/FireNet/fire/FireNet__lb_firesmoke__FireVid56.mp4;1920;1080;51;14.23582465;FireNet__lb_firesmoke__FireVid56.mp4;FireNet;firesmoke
/mnt/c/Users/ha/Desktop/new_dataset/pool/FireNet/fire/FireNet__lb_firesmoke__FireVid54.mp4;1920;1080;137;14.2317783;FireNet__lb_firesmoke__FireVid54.mp4;FireNet;firesmoke
/mnt/c/Users/ha/Desktop/new_dataset/pool/FireNet/fire/FireNet__lb_firesmoke__FireVid47.mp4;1920;1080;232;14.23100437;FireNet__lb_firesmoke__FireVid47.mp4;FireNet;firesmoke
/mnt/c/Users/ha/Desktop/new_dataset/pool/FireNet/fire/FireNet__lb_firesmoke__FireVid48.mp4;1920;1080;146;14.21974814;FireNet__lb_firesmoke__FireVid48.mp4;FireNet;firesmoke
/mnt/c/Users/ha/Desktop/new_dataset/pool/FireNet/fire/FireNet__lb_firesmoke__FireVid60.mp4;1920;1080;150;14.20734088;FireNet__lb_firesmoke__FireVid60.mp4;FireNet;firesmoke
/mnt/c/Users/ha/Desktop/new_dataset/pool/FireNet/fire/FireNet__lb_firesmoke__FireVid55.mp4;1920;1080;23;14.18634136;FireNet__lb_firesmoke__FireVid55.mp4;FireNet;firesmoke
/mnt/c/Users/ha/Desktop/new_dataset/pool/FireNet/fire/FireNet__lb_firesmoke__FireVid46.mp4;1920;1080;82;14.15284303;FireNet__lb_firesmoke__FireVid46.mp4;FireNet;firesmoke
/mnt/c/Users/ha/Desktop/new_dataset/pool/FireNet/fire/FireNet__lb_firesmoke__FireVid50.mp4;1920;1080;23;13.91110335;FireNet__lb_firesmoke__FireVid50.mp4;FireNet;firesmoke
