video;num_frames;frame_idx;elapsed_time;class_names;logits;probs;pred_label_idx;pred_label
aihub__lb_smoke__0208.mp4;360;1;0.002023679;['Fire', 'None', 'SmokeOnly'];[0.0, 0.0, 0.0];[0.0, 0.0, 0.0];-1;skipped
aihub__lb_smoke__0208.mp4;360;2;0.002754212;['Fire', 'None', 'SmokeOnly'];[0.0, 0.0, 0.0];[0.0, 0.0, 0.0];-1;skipped
aihub__lb_smoke__0208.mp4;360;3;0.002030957;['Fire', 'None', 'SmokeOnly'];[0.0, 0.0, 0.0];[0.0, 0.0, 0.0];-1;skipped
aihub__lb_smoke__0208.mp4;360;4;0.002192132;['Fire', 'None', 'SmokeOnly'];[0.0, 0.0, 0.0];[0.0, 0.0, 0.0];-1;skipped
aihub__lb_smoke__0208.mp4;360;5;0.00188241;['Fire', 'None', 'SmokeOnly'];[0.0, 0.0, 0.0];[0.0, 0.0, 0.0];-1;skipped
aihub__lb_smoke__0208.mp4;360;6;0.001969526;['Fire', 'None', 'SmokeOnly'];[0.0, 0.0, 0.0];[0.0, 0.0, 0.0];-1;skipped
aihub__lb_smoke__0208.mp4;360;7;0.002312531;['Fire', 'None', 'SmokeOnly'];[0.0, 0.0, 0.0];[0.0, 0.0, 0.0];-1;skipped
aihub__lb_smoke__0208.mp4;360;8;0.002193952;['Fire', 'None', 'SmokeOnly'];[0.0, 0.0, 0.0];[0.0, 0.0, 0.0];-1;skipped
aihub__lb_smoke__0208.mp4;360;9;0.002587686;['Fire', 'None', 'SmokeOnly'];[0.0, 0.0, 0.0];[0.0, 0.0, 0.0];-1;skipped
aihub__lb_smoke__0208.mp4;360;10;0.001960964;['Fire', 'None', 'SmokeOnly'];[0.0, 0.0, 0.0];[0.0, 0.0, 0.0];-1;skipped
aihub__lb_smoke__0208.mp4;360;11;0.002232586;['Fire', 'None', 'SmokeOnly'];[0.0, 0.0, 0.0];[0.0, 0.0, 0.0];-1;skipped
aihub__lb_smoke__0208.mp4;360;12;0.001962891;['Fire', 'None', 'SmokeOnly'];[0.0, 0.0, 0.0];[0.0, 0.0, 0.0];-1;skipped
aihub__lb_smoke__0208.mp4;360;13;0.04789974;['Fire', 'None', 'SmokeOnly'];[-1.7043439149856567, 1.6147525310516357, -0.2006993144750595];[0.030181005597114563, 0.8340632915496826, 0.1357557624578476];1;None
aihub__lb_smoke__0208.mp4;360;14;0.049463055;['Fire', 'None', 'SmokeOnly'];[-1.6959009170532227, 1.6441442966461182, -0.2248321920633316];[0.02978469803929329, 0.8405361771583557, 0.12967917323112488];1;None
aihub__lb_smoke__0208.mp4;360;15;0.049713424;['Fire', 'None', 'SmokeOnly'];[-1.6986297369003296, 1.6699001789093018, -0.2553574740886688];[0.029179753735661507, 0.8472577333450317, 0.1235625147819519];1;None
aihub__lb_smoke__0208.mp4;360;16;0.045181229;['Fire', 'None', 'SmokeOnly'];[-1.6967917680740356, 1.6380549669265747, -0.21018457412719727];[0.029854178428649902, 0.8381286263465881, 0.13201716542243958];1;None
aihub__lb_smoke__0208.mp4;360;17;0.002022395;['Fire', 'None', 'SmokeOnly'];[0.0, 0.0, 0.0];[0.0, 0.0, 0.0];-1;skipped
aihub__lb_smoke__0208.mp4;360;18;0.002135303;['Fire', 'None', 'SmokeOnly'];[0.0, 0.0, 0.0];[0.0, 0.0, 0.0];-1;skipped
aihub__lb_smoke__0208.mp4;360;19;0.002330404;['Fire', 'None', 'SmokeOnly'];[0.0, 0.0, 0.0];[0.0, 0.0, 0.0];-1;skipped
aihub__lb_smoke__0208.mp4;360;20;0.002199195;['Fire', 'None', 'SmokeOnly'];[0.0, 0.0, 0.0];[0.0, 0.0, 0.0];-1;skipped
aihub__lb_smoke__0208.mp4;360;21;0.002048402;['Fire', 'None', 'SmokeOnly'];[0.0, 0.0, 0.0];[0.0, 0.0, 0.0];-1;skipped
aihub__lb_smoke__0208.mp4;360;22;0.002344103;['Fire', 'None', 'SmokeOnly'];[0.0, 0.0, 0.0];[0.0, 0.0, 0.0];-1;skipped
aihub__lb_smoke__0208.mp4;360;23;0.002245643;['Fire', 'None', 'SmokeOnly'];[0.0, 0.0, 0.0];[0.0, 0.0, 0.0];-1;skipped
aihub__lb_smoke__0208.mp4;360;24;0.002284706;['Fire', 'None', 'SmokeOnly'];[0.0, 0.0, 0.0];[0.0, 0.0, 0.0];-1;skipped
aihub__lb_smoke__0208.mp4;360;25;0.002062207;['Fire', 'None', 'SmokeOnly'];[0.0, 0.0, 0.0];[0.0, 0.0, 0.0];-1;skipped
aihub__lb_smoke__0208.mp4;360;26;0.002136052;['Fire', 'None', 'SmokeOnly'];[0.0, 0.0, 0.0];[0.0, 0.0, 0.0];-1;skipped
aihub__lb_smoke__0208.mp4;360;27;0.002162487;['Fire', 'None', 'SmokeOnly'];[0.0, 0.0, 0.0];[0.0, 0.0, 0.0];-1;skipped
aihub__lb_smoke__0208.mp4;360;28;0.001981727;['Fire', 'None', 'SmokeOnly'];[0.0, 0.0, 0.0];[0.0, 0.0, 0.0];-1;skipped
aihub__lb_smoke__0208.mp4;360;29;0.002835121;['Fire', 'None', 'SmokeOnly'];[0.0, 0.0, 0.0];[0.0, 0.0, 0.0];-1;skipped
aihub__lb_smoke__0208.mp4;360;30;0.002045833;['Fire', 'None', 'SmokeOnly'];[0.0, 0.0, 0.0];[0.0, 0.0, 0.0];-1;skipped
aihub__lb_smoke__0208.mp4;360;31;0.002104802;['Fire', 'None', 'SmokeOnly'];[0.0, 0.0, 0.0];[0.0, 0.0, 0.0];-1;skipped
aihub__lb_smoke__0208.mp4;360;32;0.002153497;['Fire', 'None', 'SmokeOnly'];[0.0, 0.0, 0.0];[0.0, 0.0, 0.0];-1;skipped
aihub__lb_smoke__0208.mp4;360;33;0.001920296;['Fire', 'None', 'SmokeOnly'];[0.0, 0.0, 0.0];[0.0, 0.0, 0.0];-1;skipped
aihub__lb_smoke__0208.mp4;360;34;0.002491152;['Fire', 'None', 'SmokeOnly'];[0.0, 0.0, 0.0];[0.0, 0.0, 0.0];-1;skipped
aihub__lb_smoke__0208.mp4;360;35;0.00189354;['Fire', 'None', 'SmokeOnly'];[0.0, 0.0, 0.0];[0.0, 0.0, 0.0];-1;skipped
aihub__lb_smoke__0208.mp4;360;36;0.002256773;['Fire', 'None', 'SmokeOnly'];[0.0, 0.0, 0.0];[0.0, 0.0, 0.0];-1;skipped
aihub__lb_smoke__0208.mp4;360;37;0.001619243;['Fire', 'None', 'SmokeOnly'];[0.0, 0.0, 0.0];[0.0, 0.0, 0.0];-1;skipped
aihub__lb_smoke__0208.mp4;360;38;0.001910343;['Fire', 'None', 'SmokeOnly'];[0.0, 0.0, 0.0];[0.0, 0.0, 0.0];-1;skipped
aihub__lb_smoke__0208.mp4;360;39;0.001991787;['Fire', 'None', 'SmokeOnly'];[0.0, 0.0, 0.0];[0.0, 0.0, 0.0];-1;skipped
aihub__lb_smoke__0208.mp4;360;40;0.002577625;['Fire', 'None', 'SmokeOnly'];[0.0, 0.0, 0.0];[0.0, 0.0, 0.0];-1;skipped
aihub__lb_smoke__0208.mp4;360;41;0.002023144;['Fire', 'None', 'SmokeOnly'];[0.0, 0.0, 0.0];[0.0, 0.0, 0.0];-1;skipped
aihub__lb_smoke__0208.mp4;360;42;0.049521492;['Fire', 'None', 'SmokeOnly'];[-1.6256269216537476, 0.7063630819320679, 0.7637943625450134];[0.04503370076417923, 0.4637756943702698, 0.4911905825138092];2;SmokeOnly
aihub__lb_smoke__0208.mp4;360;43;0.050604277;['Fire', 'None', 'SmokeOnly'];[-1.598456621170044, 0.6749996542930603, 0.7691977620124817];[0.04676121845841408, 0.45418763160705566, 0.49905112385749817];2;SmokeOnly
aihub__lb_smoke__0208.mp4;360;44;0.052796494;['Fire', 'None', 'SmokeOnly'];[-1.5933687686920166, 0.6064659357070923, 0.8235358595848083];[0.047092895954847336, 0.4249437749385834, 0.5279633402824402];2;SmokeOnly
aihub__lb_smoke__0208.mp4;360;45;0.001690306;['Fire', 'None', 'SmokeOnly'];[0.0, 0.0, 0.0];[0.0, 0.0, 0.0];-1;skipped
aihub__lb_smoke__0208.mp4;360;46;0.001914731;['Fire', 'None', 'SmokeOnly'];[0.0, 0.0, 0.0];[0.0, 0.0, 0.0];-1;skipped
aihub__lb_smoke__0208.mp4;360;47;0.00184827;['Fire', 'None', 'SmokeOnly'];[0.0, 0.0, 0.0];[0.0, 0.0, 0.0];-1;skipped
aihub__lb_smoke__0208.mp4;360;48;0.002260198;['Fire', 'None', 'SmokeOnly'];[0.0, 0.0, 0.0];[0.0, 0.0, 0.0];-1;skipped
aihub__lb_smoke__0208.mp4;360;49;0.001657771;['Fire', 'None', 'SmokeOnly'];[0.0, 0.0, 0.0];[0.0, 0.0, 0.0];-1;skipped
aihub__lb_smoke__0208.mp4;360;50;0.001689022;['Fire', 'None', 'SmokeOnly'];[0.0, 0.0, 0.0];[0.0, 0.0, 0.0];-1;skipped
aihub__lb_smoke__0208.mp4;360;51;0.001789301;['Fire', 'None', 'SmokeOnly'];[0.0, 0.0, 0.0];[0.0, 0.0, 0.0];-1;skipped
aihub__lb_smoke__0208.mp4;360;52;0.001680887;['Fire', 'None', 'SmokeOnly'];[0.0, 0.0, 0.0];[0.0, 0.0, 0.0];-1;skipped
aihub__lb_smoke__0208.mp4;360;53;0.001666012;['Fire', 'None', 'SmokeOnly'];[0.0, 0.0, 0.0];[0.0, 0.0, 0.0];-1;skipped
aihub__lb_smoke__0208.mp4;360;54;0.001701543;['Fire', 'None', 'SmokeOnly'];[0.0, 0.0, 0.0];[0.0, 0.0, 0.0];-1;skipped
aihub__lb_smoke__0208.mp4;360;55;0.001895895;['Fire', 'None', 'SmokeOnly'];[0.0, 0.0, 0.0];[0.0, 0.0, 0.0];-1;skipped
aihub__lb_smoke__0208.mp4;360;56;0.001846772;['Fire', 'None', 'SmokeOnly'];[0.0, 0.0, 0.0];[0.0, 0.0, 0.0];-1;skipped
aihub__lb_smoke__0208.mp4;360;57;0.001711282;['Fire', 'None', 'SmokeOnly'];[0.0, 0.0, 0.0];[0.0, 0.0, 0.0];-1;skipped
aihub__lb_smoke__0208.mp4;360;58;0.002091852;['Fire', 'None', 'SmokeOnly'];[0.0, 0.0, 0.0];[0.0, 0.0, 0.0];-1;skipped
aihub__lb_smoke__0208.mp4;360;59;0.001867534;['Fire', 'None', 'SmokeOnly'];[0.0, 0.0, 0.0];[0.0, 0.0, 0.0];-1;skipped
aihub__lb_smoke__0208.mp4;360;60;0.002015546;['Fire', 'None', 'SmokeOnly'];[0.0, 0.0, 0.0];[0.0, 0.0, 0.0];-1;skipped
aihub__lb_smoke__0208.mp4;360;61;0.001826224;['Fire', 'None', 'SmokeOnly'];[0.0, 0.0, 0.0];[0.0, 0.0, 0.0];-1;skipped
aihub__lb_smoke__0208.mp4;360;62;0.001959252;['Fire', 'None', 'SmokeOnly'];[0.0, 0.0, 0.0];[0.0, 0.0, 0.0];-1;skipped
aihub__lb_smoke__0208.mp4;360;63;0.002177256;['Fire', 'None', 'SmokeOnly'];[0.0, 0.0, 0.0];[0.0, 0.0, 0.0];-1;skipped
aihub__lb_smoke__0208.mp4;360;64;0.001754091;['Fire', 'None', 'SmokeOnly'];[0.0, 0.0, 0.0];[0.0, 0.0, 0.0];-1;skipped
aihub__lb_smoke__0208.mp4;360;65;0.001793582;['Fire', 'None', 'SmokeOnly'];[0.0, 0.0, 0.0];[0.0, 0.0, 0.0];-1;skipped
aihub__lb_smoke__0208.mp4;360;66;0.001899427;['Fire', 'None', 'SmokeOnly'];[0.0, 0.0, 0.0];[0.0, 0.0, 0.0];-1;skipped
aihub__lb_smoke__0208.mp4;360;67;0.001790907;['Fire', 'None', 'SmokeOnly'];[0.0, 0.0, 0.0];[0.0, 0.0, 0.0];-1;skipped
aihub__lb_smoke__0208.mp4;360;68;0.002013833;['Fire', 'None', 'SmokeOnly'];[0.0, 0.0, 0.0];[0.0, 0.0, 0.0];-1;skipped
aihub__lb_smoke__0208.mp4;360;69;0.001940202;['Fire', 'None', 'SmokeOnly'];[0.0, 0.0, 0.0];[0.0, 0.0, 0.0];-1;skipped
aihub__lb_smoke__0208.mp4;360;70;0.002690534;['Fire', 'None', 'SmokeOnly'];[0.0, 0.0, 0.0];[0.0, 0.0, 0.0];-1;skipped
aihub__lb_smoke__0208.mp4;360;71;0.045309817;['Fire', 'None', 'SmokeOnly'];[-1.6331936120986938, 0.9662373065948486, 0.4782218039035797];[0.04402182623744011, 0.5923612117767334, 0.3636170029640198];1;None
aihub__lb_smoke__0208.mp4;360;72;0.044080076;['Fire', 'None', 'SmokeOnly'];[-1.6111027002334595, 0.8880845904350281, 0.5349171757698059];[0.046033408492803574, 0.5603460669517517, 0.39362049102783203];1;None
aihub__lb_smoke__0208.mp4;360;73;0.046616992;['Fire', 'None', 'SmokeOnly'];[-1.6350167989730835, 1.6448880434036255, -0.33450454473495483];[0.03200571611523628, 0.8504956364631653, 0.11749864369630814];1;None
aihub__lb_smoke__0208.mp4;360;74;0.04869666;['Fire', 'None', 'SmokeOnly'];[-1.6525635719299316, 1.622320294380188, -0.28070881962776184];[0.031864576041698456, 0.8425043225288391, 0.12563107907772064];1;None
aihub__lb_smoke__0208.mp4;360;75;0.051148054;['Fire', 'None', 'SmokeOnly'];[-1.6729313135147095, 1.645814299583435, -0.27386972308158875];[0.03060249611735344, 0.8454146385192871, 0.12398282438516617];1;None
aihub__lb_smoke__0208.mp4;360;76;0.049427587;['Fire', 'None', 'SmokeOnly'];[-1.6792439222335815, 1.6209871768951416, -0.2500462234020233];[0.03096526674926281, 0.8397440314292908, 0.12929074466228485];1;None
aihub__lb_smoke__0208.mp4;360;77;0.051076593;['Fire', 'None', 'SmokeOnly'];[-1.7215951681137085, 1.6003050804138184, -0.17094005644321442];[0.029915466904640198, 0.8290463089942932, 0.1410382091999054];1;None
aihub__lb_smoke__0208.mp4;360;78;0.049288785;['Fire', 'None', 'SmokeOnly'];[-1.7857013940811157, 1.3900095224380493, 0.16264909505844116];[0.03128819167613983, 0.7491593360900879, 0.2195524424314499];1;None
aihub__lb_smoke__0208.mp4;360;79;0.043398865;['Fire', 'None', 'SmokeOnly'];[-1.7877373695373535, 1.3918637037277222, 0.17149777710437775];[0.03112252801656723, 0.7480973601341248, 0.2207801192998886];1;None
aihub__lb_smoke__0208.mp4;360;80;0.001930035;['Fire', 'None', 'SmokeOnly'];[0.0, 0.0, 0.0];[0.0, 0.0, 0.0];-1;skipped
aihub__lb_smoke__0208.mp4;360;81;0.001748954;['Fire', 'None', 'SmokeOnly'];[0.0, 0.0, 0.0];[0.0, 0.0, 0.0];-1;skipped
aihub__lb_smoke__0208.mp4;360;82;0.002173296;['Fire', 'None', 'SmokeOnly'];[0.0, 0.0, 0.0];[0.0, 0.0, 0.0];-1;skipped
aihub__lb_smoke__0208.mp4;360;83;0.001720379;['Fire', 'None', 'SmokeOnly'];[0.0, 0.0, 0.0];[0.0, 0.0, 0.0];-1;skipped
aihub__lb_smoke__0208.mp4;360;84;0.001856725;['Fire', 'None', 'SmokeOnly'];[0.0, 0.0, 0.0];[0.0, 0.0, 0.0];-1;skipped
aihub__lb_smoke__0208.mp4;360;85;0.001979693;['Fire', 'None', 'SmokeOnly'];[0.0, 0.0, 0.0];[0.0, 0.0, 0.0];-1;skipped
aihub__lb_smoke__0208.mp4;360;86;0.002244894;['Fire', 'None', 'SmokeOnly'];[0.0, 0.0, 0.0];[0.0, 0.0, 0.0];-1;skipped
aihub__lb_smoke__0208.mp4;360;87;0.002631351;['Fire', 'None', 'SmokeOnly'];[0.0, 0.0, 0.0];[0.0, 0.0, 0.0];-1;skipped
aihub__lb_smoke__0208.mp4;360;88;0.001847093;['Fire', 'None', 'SmokeOnly'];[0.0, 0.0, 0.0];[0.0, 0.0, 0.0];-1;skipped
aihub__lb_smoke__0208.mp4;360;89;0.001999065;['Fire', 'None', 'SmokeOnly'];[0.0, 0.0, 0.0];[0.0, 0.0, 0.0];-1;skipped
aihub__lb_smoke__0208.mp4;360;90;0.001901139;['Fire', 'None', 'SmokeOnly'];[0.0, 0.0, 0.0];[0.0, 0.0, 0.0];-1;skipped
aihub__lb_smoke__0208.mp4;360;91;0.001802572;['Fire', 'None', 'SmokeOnly'];[0.0, 0.0, 0.0];[0.0, 0.0, 0.0];-1;skipped
aihub__lb_smoke__0208.mp4;360;92;0.002006235;['Fire', 'None', 'SmokeOnly'];[0.0, 0.0, 0.0];[0.0, 0.0, 0.0];-1;skipped
aihub__lb_smoke__0208.mp4;360;93;0.001696727;['Fire', 'None', 'SmokeOnly'];[0.0, 0.0, 0.0];[0.0, 0.0, 0.0];-1;skipped
aihub__lb_smoke__0208.mp4;360;94;0.002640555;['Fire', 'None', 'SmokeOnly'];[0.0, 0.0, 0.0];[0.0, 0.0, 0.0];-1;skipped
aihub__lb_smoke__0208.mp4;360;95;0.0016887;['Fire', 'None', 'SmokeOnly'];[0.0, 0.0, 0.0];[0.0, 0.0, 0.0];-1;skipped
aihub__lb_smoke__0208.mp4;360;96;0.001929393;['Fire', 'None', 'SmokeOnly'];[0.0, 0.0, 0.0];[0.0, 0.0, 0.0];-1;skipped
aihub__lb_smoke__0208.mp4;360;97;0.001947907;['Fire', 'None', 'SmokeOnly'];[0.0, 0.0, 0.0];[0.0, 0.0, 0.0];-1;skipped
aihub__lb_smoke__0208.mp4;360;98;0.002122781;['Fire', 'None', 'SmokeOnly'];[0.0, 0.0, 0.0];[0.0, 0.0, 0.0];-1;skipped
aihub__lb_smoke__0208.mp4;360;99;0.002026676;['Fire', 'None', 'SmokeOnly'];[0.0, 0.0, 0.0];[0.0, 0.0, 0.0];-1;skipped
aihub__lb_smoke__0208.mp4;360;100;0.001960322;['Fire', 'None', 'SmokeOnly'];[0.0, 0.0, 0.0];[0.0, 0.0, 0.0];-1;skipped
aihub__lb_smoke__0208.mp4;360;101;0.002015332;['Fire', 'None', 'SmokeOnly'];[0.0, 0.0, 0.0];[0.0, 0.0, 0.0];-1;skipped
aihub__lb_smoke__0208.mp4;360;102;0.049017373;['Fire', 'None', 'SmokeOnly'];[-1.760730266571045, 1.0708309412002563, 0.5343075394630432];[0.03584647923707962, 0.6083840727806091, 0.35576945543289185];1;None
aihub__lb_smoke__0208.mp4;360;103;0.046937804;['Fire', 'None', 'SmokeOnly'];[-1.7612401247024536, 1.0373551845550537, 0.5646095871925354];[0.03615729138255119, 0.593759298324585, 0.37008339166641235];1;None
aihub__lb_smoke__0208.mp4;360;104;0.046572766;['Fire', 'None', 'SmokeOnly'];[-1.7555515766143799, 1.0628509521484375, 0.5413159728050232];[0.036110129207372665, 0.604847252368927, 0.35904258489608765];1;None
aihub__lb_smoke__0208.mp4;360;105;0.002176078;['Fire', 'None', 'SmokeOnly'];[0.0, 0.0, 0.0];[0.0, 0.0, 0.0];-1;skipped
aihub__lb_smoke__0208.mp4;360;106;0.003103852;['Fire', 'None', 'SmokeOnly'];[0.0, 0.0, 0.0];[0.0, 0.0, 0.0];-1;skipped
aihub__lb_smoke__0208.mp4;360;107;0.045720845;['Fire', 'None', 'SmokeOnly'];[-1.721753716468811, 1.0008063316345215, 0.6274346709251404];[0.0374583825469017, 0.5700878500938416, 0.39245378971099854];1;None
aihub__lb_smoke__0208.mp4;360;108;0.050943156;['Fire', 'None', 'SmokeOnly'];[-1.6987342834472656, 0.8396716117858887, 0.806596577167511];[0.03859947994351387, 0.4886491000652313, 0.4727513790130615];1;None
aihub__lb_smoke__0208.mp4;360;109;0.04563628;['Fire', 'None', 'SmokeOnly'];[-1.657335638999939, 1.1725462675094604, 0.3372562825679779];[0.039537157863378525, 0.6698962450027466, 0.290566623210907];1;None
aihub__lb_smoke__0208.mp4;360;110;0.001933352;['Fire', 'None', 'SmokeOnly'];[0.0, 0.0, 0.0];[0.0, 0.0, 0.0];-1;skipped
aihub__lb_smoke__0208.mp4;360;111;0.002246392;['Fire', 'None', 'SmokeOnly'];[0.0, 0.0, 0.0];[0.0, 0.0, 0.0];-1;skipped
aihub__lb_smoke__0208.mp4;360;112;0.002272719;['Fire', 'None', 'SmokeOnly'];[0.0, 0.0, 0.0];[0.0, 0.0, 0.0];-1;skipped
aihub__lb_smoke__0208.mp4;360;113;0.002141189;['Fire', 'None', 'SmokeOnly'];[0.0, 0.0, 0.0];[0.0, 0.0, 0.0];-1;skipped
aihub__lb_smoke__0208.mp4;360;114;0.001673075;['Fire', 'None', 'SmokeOnly'];[0.0, 0.0, 0.0];[0.0, 0.0, 0.0];-1;skipped
aihub__lb_smoke__0208.mp4;360;115;0.001728834;['Fire', 'None', 'SmokeOnly'];[0.0, 0.0, 0.0];[0.0, 0.0, 0.0];-1;skipped
aihub__lb_smoke__0208.mp4;360;116;0.002125885;['Fire', 'None', 'SmokeOnly'];[0.0, 0.0, 0.0];[0.0, 0.0, 0.0];-1;skipped
aihub__lb_smoke__0208.mp4;360;117;0.001855226;['Fire', 'None', 'SmokeOnly'];[0.0, 0.0, 0.0];[0.0, 0.0, 0.0];-1;skipped
aihub__lb_smoke__0208.mp4;360;118;0.00198879;['Fire', 'None', 'SmokeOnly'];[0.0, 0.0, 0.0];[0.0, 0.0, 0.0];-1;skipped
aihub__lb_smoke__0208.mp4;360;119;0.001780311;['Fire', 'None', 'SmokeOnly'];[0.0, 0.0, 0.0];[0.0, 0.0, 0.0];-1;skipped
aihub__lb_smoke__0208.mp4;360;120;0.002212895;['Fire', 'None', 'SmokeOnly'];[0.0, 0.0, 0.0];[0.0, 0.0, 0.0];-1;skipped
aihub__lb_smoke__0208.mp4;360;121;0.001771321;['Fire', 'None', 'SmokeOnly'];[0.0, 0.0, 0.0];[0.0, 0.0, 0.0];-1;skipped
aihub__lb_smoke__0208.mp4;360;122;0.001737395;['Fire', 'None', 'SmokeOnly'];[0.0, 0.0, 0.0];[0.0, 0.0, 0.0];-1;skipped
aihub__lb_smoke__0208.mp4;360;123;0.0028089;['Fire', 'None', 'SmokeOnly'];[0.0, 0.0, 0.0];[0.0, 0.0, 0.0];-1;skipped
aihub__lb_smoke__0208.mp4;360;124;0.001989004;['Fire', 'None', 'SmokeOnly'];[0.0, 0.0, 0.0];[0.0, 0.0, 0.0];-1;skipped
aihub__lb_smoke__0208.mp4;360;125;0.002512021;['Fire', 'None', 'SmokeOnly'];[0.0, 0.0, 0.0];[0.0, 0.0, 0.0];-1;skipped
aihub__lb_smoke__0208.mp4;360;126;0.001872992;['Fire', 'None', 'SmokeOnly'];[0.0, 0.0, 0.0];[0.0, 0.0, 0.0];-1;skipped
aihub__lb_smoke__0208.mp4;360;127;0.002304933;['Fire', 'None', 'SmokeOnly'];[0.0, 0.0, 0.0];[0.0, 0.0, 0.0];-1;skipped
aihub__lb_smoke__0208.mp4;360;128;0.002274432;['Fire', 'None', 'SmokeOnly'];[0.0, 0.0, 0.0];[0.0, 0.0, 0.0];-1;skipped
aihub__lb_smoke__0208.mp4;360;129;0.002554187;['Fire', 'None', 'SmokeOnly'];[0.0, 0.0, 0.0];[0.0, 0.0, 0.0];-1;skipped
aihub__lb_smoke__0208.mp4;360;130;0.002070554;['Fire', 'None', 'SmokeOnly'];[0.0, 0.0, 0.0];[0.0, 0.0, 0.0];-1;skipped
aihub__lb_smoke__0208.mp4;360;131;0.002289736;['Fire', 'None', 'SmokeOnly'];[0.0, 0.0, 0.0];[0.0, 0.0, 0.0];-1;skipped
aihub__lb_smoke__0208.mp4;360;132;0.050023178;['Fire', 'None', 'SmokeOnly'];[-1.6138498783111572, 1.236669898033142, 0.1815294325351715];[0.04112091660499573, 0.7112589478492737, 0.24762016534805298];1;None
aihub__lb_smoke__0208.mp4;360;133;0.048099241;['Fire', 'None', 'SmokeOnly'];[-1.6230132579803467, 1.2393295764923096, 0.12800467014312744];[0.04121510684490204, 0.7213667631149292, 0.23741813004016876];1;None
aihub__lb_smoke__0208.mp4;360;134;0.045761949;['Fire', 'None', 'SmokeOnly'];[-1.613825798034668, 1.200777530670166, 0.17731085419654846];[0.0422247014939785, 0.7045848369598389, 0.2531904876232147];1;None
aihub__lb_smoke__0208.mp4;360;135;0.002214072;['Fire', 'None', 'SmokeOnly'];[0.0, 0.0, 0.0];[0.0, 0.0, 0.0];-1;skipped
aihub__lb_smoke__0208.mp4;360;136;0.002057177;['Fire', 'None', 'SmokeOnly'];[0.0, 0.0, 0.0];[0.0, 0.0, 0.0];-1;skipped
aihub__lb_smoke__0208.mp4;360;137;0.00242833;['Fire', 'None', 'SmokeOnly'];[0.0, 0.0, 0.0];[0.0, 0.0, 0.0];-1;skipped
aihub__lb_smoke__0208.mp4;360;138;0.002431862;['Fire', 'None', 'SmokeOnly'];[0.0, 0.0, 0.0];[0.0, 0.0, 0.0];-1;skipped
aihub__lb_smoke__0208.mp4;360;139;0.002310177;['Fire', 'None', 'SmokeOnly'];[0.0, 0.0, 0.0];[0.0, 0.0, 0.0];-1;skipped
aihub__lb_smoke__0208.mp4;360;140;0.002152855;['Fire', 'None', 'SmokeOnly'];[0.0, 0.0, 0.0];[0.0, 0.0, 0.0];-1;skipped
aihub__lb_smoke__0208.mp4;360;141;0.00216634;['Fire', 'None', 'SmokeOnly'];[0.0, 0.0, 0.0];[0.0, 0.0, 0.0];-1;skipped
aihub__lb_smoke__0208.mp4;360;142;0.002415272;['Fire', 'None', 'SmokeOnly'];[0.0, 0.0, 0.0];[0.0, 0.0, 0.0];-1;skipped
aihub__lb_smoke__0208.mp4;360;143;0.002600635;['Fire', 'None', 'SmokeOnly'];[0.0, 0.0, 0.0];[0.0, 0.0, 0.0];-1;skipped
aihub__lb_smoke__0208.mp4;360;144;0.002504315;['Fire', 'None', 'SmokeOnly'];[0.0, 0.0, 0.0];[0.0, 0.0, 0.0];-1;skipped
aihub__lb_smoke__0208.mp4;360;145;0.002511165;['Fire', 'None', 'SmokeOnly'];[0.0, 0.0, 0.0];[0.0, 0.0, 0.0];-1;skipped
aihub__lb_smoke__0208.mp4;360;146;0.002421801;['Fire', 'None', 'SmokeOnly'];[0.0, 0.0, 0.0];[0.0, 0.0, 0.0];-1;skipped
aihub__lb_smoke__0208.mp4;360;147;0.002816177;['Fire', 'None', 'SmokeOnly'];[0.0, 0.0, 0.0];[0.0, 0.0, 0.0];-1;skipped
aihub__lb_smoke__0208.mp4;360;148;0.002678868;['Fire', 'None', 'SmokeOnly'];[0.0, 0.0, 0.0];[0.0, 0.0, 0.0];-1;skipped
aihub__lb_smoke__0208.mp4;360;149;0.002579123;['Fire', 'None', 'SmokeOnly'];[0.0, 0.0, 0.0];[0.0, 0.0, 0.0];-1;skipped
aihub__lb_smoke__0208.mp4;360;150;0.002256559;['Fire', 'None', 'SmokeOnly'];[0.0, 0.0, 0.0];[0.0, 0.0, 0.0];-1;skipped
aihub__lb_smoke__0208.mp4;360;151;0.002815107;['Fire', 'None', 'SmokeOnly'];[0.0, 0.0, 0.0];[0.0, 0.0, 0.0];-1;skipped
aihub__lb_smoke__0208.mp4;360;152;0.002007947;['Fire', 'None', 'SmokeOnly'];[0.0, 0.0, 0.0];[0.0, 0.0, 0.0];-1;skipped
aihub__lb_smoke__0208.mp4;360;153;0.002311889;['Fire', 'None', 'SmokeOnly'];[0.0, 0.0, 0.0];[0.0, 0.0, 0.0];-1;skipped
aihub__lb_smoke__0208.mp4;360;154;0.002653396;['Fire', 'None', 'SmokeOnly'];[0.0, 0.0, 0.0];[0.0, 0.0, 0.0];-1;skipped
aihub__lb_smoke__0208.mp4;360;155;0.002434323;['Fire', 'None', 'SmokeOnly'];[0.0, 0.0, 0.0];[0.0, 0.0, 0.0];-1;skipped
aihub__lb_smoke__0208.mp4;360;156;0.002270901;['Fire', 'None', 'SmokeOnly'];[0.0, 0.0, 0.0];[0.0, 0.0, 0.0];-1;skipped
aihub__lb_smoke__0208.mp4;360;157;0.002390978;['Fire', 'None', 'SmokeOnly'];[0.0, 0.0, 0.0];[0.0, 0.0, 0.0];-1;skipped
aihub__lb_smoke__0208.mp4;360;158;0.002541666;['Fire', 'None', 'SmokeOnly'];[0.0, 0.0, 0.0];[0.0, 0.0, 0.0];-1;skipped
aihub__lb_smoke__0208.mp4;360;159;0.002636273;['Fire', 'None', 'SmokeOnly'];[0.0, 0.0, 0.0];[0.0, 0.0, 0.0];-1;skipped
aihub__lb_smoke__0208.mp4;360;160;0.002341535;['Fire', 'None', 'SmokeOnly'];[0.0, 0.0, 0.0];[0.0, 0.0, 0.0];-1;skipped
aihub__lb_smoke__0208.mp4;360;161;0.002678119;['Fire', 'None', 'SmokeOnly'];[0.0, 0.0, 0.0];[0.0, 0.0, 0.0];-1;skipped
aihub__lb_smoke__0208.mp4;360;162;0.046395785;['Fire', 'None', 'SmokeOnly'];[-1.7466702461242676, 0.7747682332992554, 0.8635112047195435];[0.036971308290958405, 0.46016284823417664, 0.5028658509254456];2;SmokeOnly
aihub__lb_smoke__0208.mp4;360;163;0.048615659;['Fire', 'None', 'SmokeOnly'];[-1.7851215600967407, 0.9288713932037354, 0.718388557434082];[0.03531729429960251, 0.5329170823097229, 0.43176567554473877];1;None
aihub__lb_smoke__0208.mp4;360;164;0.044220132;['Fire', 'None', 'SmokeOnly'];[-1.7746552228927612, 0.9531815052032471, 0.6828287839889526];[0.0357460118830204, 0.5469051003456116, 0.4173488914966583];1;None
aihub__lb_smoke__0208.mp4;360;165;0.00230397;['Fire', 'None', 'SmokeOnly'];[0.0, 0.0, 0.0];[0.0, 0.0, 0.0];-1;skipped
aihub__lb_smoke__0208.mp4;360;166;0.002159383;['Fire', 'None', 'SmokeOnly'];[0.0, 0.0, 0.0];[0.0, 0.0, 0.0];-1;skipped
aihub__lb_smoke__0208.mp4;360;167;0.002240827;['Fire', 'None', 'SmokeOnly'];[0.0, 0.0, 0.0];[0.0, 0.0, 0.0];-1;skipped
aihub__lb_smoke__0208.mp4;360;168;0.002940965;['Fire', 'None', 'SmokeOnly'];[0.0, 0.0, 0.0];[0.0, 0.0, 0.0];-1;skipped
aihub__lb_smoke__0208.mp4;360;169;0.002348277;['Fire', 'None', 'SmokeOnly'];[0.0, 0.0, 0.0];[0.0, 0.0, 0.0];-1;skipped
aihub__lb_smoke__0208.mp4;360;170;0.002391835;['Fire', 'None', 'SmokeOnly'];[0.0, 0.0, 0.0];[0.0, 0.0, 0.0];-1;skipped
aihub__lb_smoke__0208.mp4;360;171;0.002368183;['Fire', 'None', 'SmokeOnly'];[0.0, 0.0, 0.0];[0.0, 0.0, 0.0];-1;skipped
aihub__lb_smoke__0208.mp4;360;172;0.002496503;['Fire', 'None', 'SmokeOnly'];[0.0, 0.0, 0.0];[0.0, 0.0, 0.0];-1;skipped
aihub__lb_smoke__0208.mp4;360;173;0.00242073;['Fire', 'None', 'SmokeOnly'];[0.0, 0.0, 0.0];[0.0, 0.0, 0.0];-1;skipped
aihub__lb_smoke__0208.mp4;360;174;0.002230018;['Fire', 'None', 'SmokeOnly'];[0.0, 0.0, 0.0];[0.0, 0.0, 0.0];-1;skipped
aihub__lb_smoke__0208.mp4;360;175;0.002067345;['Fire', 'None', 'SmokeOnly'];[0.0, 0.0, 0.0];[0.0, 0.0, 0.0];-1;skipped
aihub__lb_smoke__0208.mp4;360;176;0.002479272;['Fire', 'None', 'SmokeOnly'];[0.0, 0.0, 0.0];[0.0, 0.0, 0.0];-1;skipped
aihub__lb_smoke__0208.mp4;360;177;0.002328585;['Fire', 'None', 'SmokeOnly'];[0.0, 0.0, 0.0];[0.0, 0.0, 0.0];-1;skipped
aihub__lb_smoke__0208.mp4;360;178;0.002491045;['Fire', 'None', 'SmokeOnly'];[0.0, 0.0, 0.0];[0.0, 0.0, 0.0];-1;skipped
aihub__lb_smoke__0208.mp4;360;179;0.002019933;['Fire', 'None', 'SmokeOnly'];[0.0, 0.0, 0.0];[0.0, 0.0, 0.0];-1;skipped
aihub__lb_smoke__0208.mp4;360;180;0.002381026;['Fire', 'None', 'SmokeOnly'];[0.0, 0.0, 0.0];[0.0, 0.0, 0.0];-1;skipped
aihub__lb_smoke__0208.mp4;360;181;0.001994141;['Fire', 'None', 'SmokeOnly'];[0.0, 0.0, 0.0];[0.0, 0.0, 0.0];-1;skipped
aihub__lb_smoke__0208.mp4;360;182;0.00233918;['Fire', 'None', 'SmokeOnly'];[0.0, 0.0, 0.0];[0.0, 0.0, 0.0];-1;skipped
aihub__lb_smoke__0208.mp4;360;183;0.002092066;['Fire', 'None', 'SmokeOnly'];[0.0, 0.0, 0.0];[0.0, 0.0, 0.0];-1;skipped
aihub__lb_smoke__0208.mp4;360;184;0.002254312;['Fire', 'None', 'SmokeOnly'];[0.0, 0.0, 0.0];[0.0, 0.0, 0.0];-1;skipped
aihub__lb_smoke__0208.mp4;360;185;0.00198194;['Fire', 'None', 'SmokeOnly'];[0.0, 0.0, 0.0];[0.0, 0.0, 0.0];-1;skipped
aihub__lb_smoke__0208.mp4;360;186;0.00219363;['Fire', 'None', 'SmokeOnly'];[0.0, 0.0, 0.0];[0.0, 0.0, 0.0];-1;skipped
aihub__lb_smoke__0208.mp4;360;187;0.002595284;['Fire', 'None', 'SmokeOnly'];[0.0, 0.0, 0.0];[0.0, 0.0, 0.0];-1;skipped
aihub__lb_smoke__0208.mp4;360;188;0.002177256;['Fire', 'None', 'SmokeOnly'];[0.0, 0.0, 0.0];[0.0, 0.0, 0.0];-1;skipped
aihub__lb_smoke__0208.mp4;360;189;0.002471031;['Fire', 'None', 'SmokeOnly'];[0.0, 0.0, 0.0];[0.0, 0.0, 0.0];-1;skipped
aihub__lb_smoke__0208.mp4;360;190;0.002470817;['Fire', 'None', 'SmokeOnly'];[0.0, 0.0, 0.0];[0.0, 0.0, 0.0];-1;skipped
aihub__lb_smoke__0208.mp4;360;191;0.002558362;['Fire', 'None', 'SmokeOnly'];[0.0, 0.0, 0.0];[0.0, 0.0, 0.0];-1;skipped
aihub__lb_smoke__0208.mp4;360;192;0.002154246;['Fire', 'None', 'SmokeOnly'];[0.0, 0.0, 0.0];[0.0, 0.0, 0.0];-1;skipped
aihub__lb_smoke__0208.mp4;360;193;0.044535725;['Fire', 'None', 'SmokeOnly'];[-1.6533926725387573, 0.4193204939365387, 1.142591118812561];[0.039486534893512726, 0.3137739598751068, 0.6467394828796387];2;SmokeOnly
aihub__lb_smoke__0208.mp4;360;194;0.044492612;['Fire', 'None', 'SmokeOnly'];[-1.6525309085845947, 0.4520387649536133, 1.104111671447754];[0.040079426020383835, 0.3287944793701172, 0.6311261653900146];2;SmokeOnly
aihub__lb_smoke__0208.mp4;360;195;0.002281602;['Fire', 'None', 'SmokeOnly'];[0.0, 0.0, 0.0];[0.0, 0.0, 0.0];-1;skipped
aihub__lb_smoke__0208.mp4;360;196;0.00260438;['Fire', 'None', 'SmokeOnly'];[0.0, 0.0, 0.0];[0.0, 0.0, 0.0];-1;skipped
aihub__lb_smoke__0208.mp4;360;197;0.002474884;['Fire', 'None', 'SmokeOnly'];[0.0, 0.0, 0.0];[0.0, 0.0, 0.0];-1;skipped
aihub__lb_smoke__0208.mp4;360;198;0.002353842;['Fire', 'None', 'SmokeOnly'];[0.0, 0.0, 0.0];[0.0, 0.0, 0.0];-1;skipped
aihub__lb_smoke__0208.mp4;360;199;0.002051505;['Fire', 'None', 'SmokeOnly'];[0.0, 0.0, 0.0];[0.0, 0.0, 0.0];-1;skipped
aihub__lb_smoke__0208.mp4;360;200;0.00200709;['Fire', 'None', 'SmokeOnly'];[0.0, 0.0, 0.0];[0.0, 0.0, 0.0];-1;skipped
aihub__lb_smoke__0208.mp4;360;201;0.001818625;['Fire', 'None', 'SmokeOnly'];[0.0, 0.0, 0.0];[0.0, 0.0, 0.0];-1;skipped
aihub__lb_smoke__0208.mp4;360;202;0.001752271;['Fire', 'None', 'SmokeOnly'];[0.0, 0.0, 0.0];[0.0, 0.0, 0.0];-1;skipped
aihub__lb_smoke__0208.mp4;360;203;0.002004415;['Fire', 'None', 'SmokeOnly'];[0.0, 0.0, 0.0];[0.0, 0.0, 0.0];-1;skipped
aihub__lb_smoke__0208.mp4;360;204;0.001710426;['Fire', 'None', 'SmokeOnly'];[0.0, 0.0, 0.0];[0.0, 0.0, 0.0];-1;skipped
aihub__lb_smoke__0208.mp4;360;205;0.002174259;['Fire', 'None', 'SmokeOnly'];[0.0, 0.0, 0.0];[0.0, 0.0, 0.0];-1;skipped
aihub__lb_smoke__0208.mp4;360;206;0.002102234;['Fire', 'None', 'SmokeOnly'];[0.0, 0.0, 0.0];[0.0, 0.0, 0.0];-1;skipped
aihub__lb_smoke__0208.mp4;360;207;0.001986863;['Fire', 'None', 'SmokeOnly'];[0.0, 0.0, 0.0];[0.0, 0.0, 0.0];-1;skipped
aihub__lb_smoke__0208.mp4;360;208;0.001694907;['Fire', 'None', 'SmokeOnly'];[0.0, 0.0, 0.0];[0.0, 0.0, 0.0];-1;skipped
aihub__lb_smoke__0208.mp4;360;209;0.00174371;['Fire', 'None', 'SmokeOnly'];[0.0, 0.0, 0.0];[0.0, 0.0, 0.0];-1;skipped
aihub__lb_smoke__0208.mp4;360;210;0.002599565;['Fire', 'None', 'SmokeOnly'];[0.0, 0.0, 0.0];[0.0, 0.0, 0.0];-1;skipped
aihub__lb_smoke__0208.mp4;360;211;0.001885086;['Fire', 'None', 'SmokeOnly'];[0.0, 0.0, 0.0];[0.0, 0.0, 0.0];-1;skipped
aihub__lb_smoke__0208.mp4;360;212;0.001885728;['Fire', 'None', 'SmokeOnly'];[0.0, 0.0, 0.0];[0.0, 0.0, 0.0];-1;skipped
aihub__lb_smoke__0208.mp4;360;213;0.001748954;['Fire', 'None', 'SmokeOnly'];[0.0, 0.0, 0.0];[0.0, 0.0, 0.0];-1;skipped
aihub__lb_smoke__0208.mp4;360;214;0.002001526;['Fire', 'None', 'SmokeOnly'];[0.0, 0.0, 0.0];[0.0, 0.0, 0.0];-1;skipped
aihub__lb_smoke__0208.mp4;360;215;0.002244786;['Fire', 'None', 'SmokeOnly'];[0.0, 0.0, 0.0];[0.0, 0.0, 0.0];-1;skipped
aihub__lb_smoke__0208.mp4;360;216;0.001738465;['Fire', 'None', 'SmokeOnly'];[0.0, 0.0, 0.0];[0.0, 0.0, 0.0];-1;skipped
aihub__lb_smoke__0208.mp4;360;217;0.002044977;['Fire', 'None', 'SmokeOnly'];[0.0, 0.0, 0.0];[0.0, 0.0, 0.0];-1;skipped
aihub__lb_smoke__0208.mp4;360;218;0.002065097;['Fire', 'None', 'SmokeOnly'];[0.0, 0.0, 0.0];[0.0, 0.0, 0.0];-1;skipped
aihub__lb_smoke__0208.mp4;360;219;0.00173793;['Fire', 'None', 'SmokeOnly'];[0.0, 0.0, 0.0];[0.0, 0.0, 0.0];-1;skipped
aihub__lb_smoke__0208.mp4;360;220;0.001945232;['Fire', 'None', 'SmokeOnly'];[0.0, 0.0, 0.0];[0.0, 0.0, 0.0];-1;skipped
aihub__lb_smoke__0208.mp4;360;221;0.001732901;['Fire', 'None', 'SmokeOnly'];[0.0, 0.0, 0.0];[0.0, 0.0, 0.0];-1;skipped
aihub__lb_smoke__0208.mp4;360;222;0.001883801;['Fire', 'None', 'SmokeOnly'];[0.0, 0.0, 0.0];[0.0, 0.0, 0.0];-1;skipped
aihub__lb_smoke__0208.mp4;360;223;0.001733543;['Fire', 'None', 'SmokeOnly'];[0.0, 0.0, 0.0];[0.0, 0.0, 0.0];-1;skipped
aihub__lb_smoke__0208.mp4;360;224;0.051632787;['Fire', 'None', 'SmokeOnly'];[-1.6479324102401733, 0.6231271624565125, 0.8875465989112854];[0.04289611056447029, 0.41564881801605225, 0.541455090045929];2;SmokeOnly
aihub__lb_smoke__0208.mp4;360;225;0.002453159;['Fire', 'None', 'SmokeOnly'];[0.0, 0.0, 0.0];[0.0, 0.0, 0.0];-1;skipped
aihub__lb_smoke__0208.mp4;360;226;0.001851802;['Fire', 'None', 'SmokeOnly'];[0.0, 0.0, 0.0];[0.0, 0.0, 0.0];-1;skipped
aihub__lb_smoke__0208.mp4;360;227;0.001970917;['Fire', 'None', 'SmokeOnly'];[0.0, 0.0, 0.0];[0.0, 0.0, 0.0];-1;skipped
aihub__lb_smoke__0208.mp4;360;228;0.001818947;['Fire', 'None', 'SmokeOnly'];[0.0, 0.0, 0.0];[0.0, 0.0, 0.0];-1;skipped
aihub__lb_smoke__0208.mp4;360;229;0.00193849;['Fire', 'None', 'SmokeOnly'];[0.0, 0.0, 0.0];[0.0, 0.0, 0.0];-1;skipped
aihub__lb_smoke__0208.mp4;360;230;0.001897821;['Fire', 'None', 'SmokeOnly'];[0.0, 0.0, 0.0];[0.0, 0.0, 0.0];-1;skipped
aihub__lb_smoke__0208.mp4;360;231;0.001790371;['Fire', 'None', 'SmokeOnly'];[0.0, 0.0, 0.0];[0.0, 0.0, 0.0];-1;skipped
aihub__lb_smoke__0208.mp4;360;232;0.002212038;['Fire', 'None', 'SmokeOnly'];[0.0, 0.0, 0.0];[0.0, 0.0, 0.0];-1;skipped
aihub__lb_smoke__0208.mp4;360;233;0.001737074;['Fire', 'None', 'SmokeOnly'];[0.0, 0.0, 0.0];[0.0, 0.0, 0.0];-1;skipped
aihub__lb_smoke__0208.mp4;360;234;0.001771642;['Fire', 'None', 'SmokeOnly'];[0.0, 0.0, 0.0];[0.0, 0.0, 0.0];-1;skipped
aihub__lb_smoke__0208.mp4;360;235;0.001738894;['Fire', 'None', 'SmokeOnly'];[0.0, 0.0, 0.0];[0.0, 0.0, 0.0];-1;skipped
aihub__lb_smoke__0208.mp4;360;236;0.001999492;['Fire', 'None', 'SmokeOnly'];[0.0, 0.0, 0.0];[0.0, 0.0, 0.0];-1;skipped
aihub__lb_smoke__0208.mp4;360;237;0.001863681;['Fire', 'None', 'SmokeOnly'];[0.0, 0.0, 0.0];[0.0, 0.0, 0.0];-1;skipped
aihub__lb_smoke__0208.mp4;360;238;0.001881232;['Fire', 'None', 'SmokeOnly'];[0.0, 0.0, 0.0];[0.0, 0.0, 0.0];-1;skipped
aihub__lb_smoke__0208.mp4;360;239;0.002248747;['Fire', 'None', 'SmokeOnly'];[0.0, 0.0, 0.0];[0.0, 0.0, 0.0];-1;skipped
aihub__lb_smoke__0208.mp4;360;240;0.002211182;['Fire', 'None', 'SmokeOnly'];[0.0, 0.0, 0.0];[0.0, 0.0, 0.0];-1;skipped
aihub__lb_smoke__0208.mp4;360;241;0.002326658;['Fire', 'None', 'SmokeOnly'];[0.0, 0.0, 0.0];[0.0, 0.0, 0.0];-1;skipped
aihub__lb_smoke__0208.mp4;360;242;0.002093886;['Fire', 'None', 'SmokeOnly'];[0.0, 0.0, 0.0];[0.0, 0.0, 0.0];-1;skipped
aihub__lb_smoke__0208.mp4;360;243;0.002584795;['Fire', 'None', 'SmokeOnly'];[0.0, 0.0, 0.0];[0.0, 0.0, 0.0];-1;skipped
aihub__lb_smoke__0208.mp4;360;244;0.001873421;['Fire', 'None', 'SmokeOnly'];[0.0, 0.0, 0.0];[0.0, 0.0, 0.0];-1;skipped
aihub__lb_smoke__0208.mp4;360;245;0.002107798;['Fire', 'None', 'SmokeOnly'];[0.0, 0.0, 0.0];[0.0, 0.0, 0.0];-1;skipped
aihub__lb_smoke__0208.mp4;360;246;0.002354377;['Fire', 'None', 'SmokeOnly'];[0.0, 0.0, 0.0];[0.0, 0.0, 0.0];-1;skipped
aihub__lb_smoke__0208.mp4;360;247;0.001919975;['Fire', 'None', 'SmokeOnly'];[0.0, 0.0, 0.0];[0.0, 0.0, 0.0];-1;skipped
aihub__lb_smoke__0208.mp4;360;248;0.002500035;['Fire', 'None', 'SmokeOnly'];[0.0, 0.0, 0.0];[0.0, 0.0, 0.0];-1;skipped
aihub__lb_smoke__0208.mp4;360;249;0.001880056;['Fire', 'None', 'SmokeOnly'];[0.0, 0.0, 0.0];[0.0, 0.0, 0.0];-1;skipped
aihub__lb_smoke__0208.mp4;360;250;0.002294124;['Fire', 'None', 'SmokeOnly'];[0.0, 0.0, 0.0];[0.0, 0.0, 0.0];-1;skipped
aihub__lb_smoke__0208.mp4;360;251;0.001951547;['Fire', 'None', 'SmokeOnly'];[0.0, 0.0, 0.0];[0.0, 0.0, 0.0];-1;skipped
aihub__lb_smoke__0208.mp4;360;252;0.046592755;['Fire', 'None', 'SmokeOnly'];[-1.6783164739608765, 0.6765955090522766, 0.9287558794021606];[0.03984619677066803, 0.4198674261569977, 0.5402863621711731];2;SmokeOnly
aihub__lb_smoke__0208.mp4;360;253;0.04514323;['Fire', 'None', 'SmokeOnly'];[-1.521931767463684, 0.30775678157806396, 1.1904338598251343];[0.0448494590818882, 0.279499351978302, 0.6756512522697449];2;SmokeOnly
aihub__lb_smoke__0208.mp4;360;254;0.048741715;['Fire', 'None', 'SmokeOnly'];[-1.49227774143219, 0.1644708216190338, 1.3785358667373657];[0.0418521910905838, 0.21939915418624878, 0.7387486696243286];2;SmokeOnly
aihub__lb_smoke__0208.mp4;360;255;0.001996924;['Fire', 'None', 'SmokeOnly'];[0.0, 0.0, 0.0];[0.0, 0.0, 0.0];-1;skipped
aihub__lb_smoke__0208.mp4;360;256;0.002023894;['Fire', 'None', 'SmokeOnly'];[0.0, 0.0, 0.0];[0.0, 0.0, 0.0];-1;skipped
aihub__lb_smoke__0208.mp4;360;257;0.001929393;['Fire', 'None', 'SmokeOnly'];[0.0, 0.0, 0.0];[0.0, 0.0, 0.0];-1;skipped
aihub__lb_smoke__0208.mp4;360;258;0.002047866;['Fire', 'None', 'SmokeOnly'];[0.0, 0.0, 0.0];[0.0, 0.0, 0.0];-1;skipped
aihub__lb_smoke__0208.mp4;360;259;0.002343889;['Fire', 'None', 'SmokeOnly'];[0.0, 0.0, 0.0];[0.0, 0.0, 0.0];-1;skipped
aihub__lb_smoke__0208.mp4;360;260;0.002400183;['Fire', 'None', 'SmokeOnly'];[0.0, 0.0, 0.0];[0.0, 0.0, 0.0];-1;skipped
aihub__lb_smoke__0208.mp4;360;261;0.002406711;['Fire', 'None', 'SmokeOnly'];[0.0, 0.0, 0.0];[0.0, 0.0, 0.0];-1;skipped
aihub__lb_smoke__0208.mp4;360;262;0.002310391;['Fire', 'None', 'SmokeOnly'];[0.0, 0.0, 0.0];[0.0, 0.0, 0.0];-1;skipped
aihub__lb_smoke__0208.mp4;360;263;0.001807602;['Fire', 'None', 'SmokeOnly'];[0.0, 0.0, 0.0];[0.0, 0.0, 0.0];-1;skipped
aihub__lb_smoke__0208.mp4;360;264;0.001791549;['Fire', 'None', 'SmokeOnly'];[0.0, 0.0, 0.0];[0.0, 0.0, 0.0];-1;skipped
aihub__lb_smoke__0208.mp4;360;265;0.001924791;['Fire', 'None', 'SmokeOnly'];[0.0, 0.0, 0.0];[0.0, 0.0, 0.0];-1;skipped
aihub__lb_smoke__0208.mp4;360;266;0.002328585;['Fire', 'None', 'SmokeOnly'];[0.0, 0.0, 0.0];[0.0, 0.0, 0.0];-1;skipped
aihub__lb_smoke__0208.mp4;360;267;0.002338003;['Fire', 'None', 'SmokeOnly'];[0.0, 0.0, 0.0];[0.0, 0.0, 0.0];-1;skipped
aihub__lb_smoke__0208.mp4;360;268;0.002231302;['Fire', 'None', 'SmokeOnly'];[0.0, 0.0, 0.0];[0.0, 0.0, 0.0];-1;skipped
aihub__lb_smoke__0208.mp4;360;269;0.002007091;['Fire', 'None', 'SmokeOnly'];[0.0, 0.0, 0.0];[0.0, 0.0, 0.0];-1;skipped
aihub__lb_smoke__0208.mp4;360;270;0.00177785;['Fire', 'None', 'SmokeOnly'];[0.0, 0.0, 0.0];[0.0, 0.0, 0.0];-1;skipped
aihub__lb_smoke__0208.mp4;360;271;0.001912698;['Fire', 'None', 'SmokeOnly'];[0.0, 0.0, 0.0];[0.0, 0.0, 0.0];-1;skipped
aihub__lb_smoke__0208.mp4;360;272;0.002128561;['Fire', 'None', 'SmokeOnly'];[0.0, 0.0, 0.0];[0.0, 0.0, 0.0];-1;skipped
aihub__lb_smoke__0208.mp4;360;273;0.002666774;['Fire', 'None', 'SmokeOnly'];[0.0, 0.0, 0.0];[0.0, 0.0, 0.0];-1;skipped
aihub__lb_smoke__0208.mp4;360;274;0.002028495;['Fire', 'None', 'SmokeOnly'];[0.0, 0.0, 0.0];[0.0, 0.0, 0.0];-1;skipped
aihub__lb_smoke__0208.mp4;360;275;0.001974449;['Fire', 'None', 'SmokeOnly'];[0.0, 0.0, 0.0];[0.0, 0.0, 0.0];-1;skipped
aihub__lb_smoke__0208.mp4;360;276;0.002431326;['Fire', 'None', 'SmokeOnly'];[0.0, 0.0, 0.0];[0.0, 0.0, 0.0];-1;skipped
aihub__lb_smoke__0208.mp4;360;277;0.001865607;['Fire', 'None', 'SmokeOnly'];[0.0, 0.0, 0.0];[0.0, 0.0, 0.0];-1;skipped
aihub__lb_smoke__0208.mp4;360;278;0.001915373;['Fire', 'None', 'SmokeOnly'];[0.0, 0.0, 0.0];[0.0, 0.0, 0.0];-1;skipped
aihub__lb_smoke__0208.mp4;360;279;0.001993499;['Fire', 'None', 'SmokeOnly'];[0.0, 0.0, 0.0];[0.0, 0.0, 0.0];-1;skipped
aihub__lb_smoke__0208.mp4;360;280;0.00240639;['Fire', 'None', 'SmokeOnly'];[0.0, 0.0, 0.0];[0.0, 0.0, 0.0];-1;skipped
aihub__lb_smoke__0208.mp4;360;281;0.00260834;['Fire', 'None', 'SmokeOnly'];[0.0, 0.0, 0.0];[0.0, 0.0, 0.0];-1;skipped
aihub__lb_smoke__0208.mp4;360;282;0.046187357;['Fire', 'None', 'SmokeOnly'];[-1.6641417741775513, 0.6463314294815063, 0.9615395665168762];[0.04017164930701256, 0.4048978388309479, 0.5549305081367493];2;SmokeOnly
aihub__lb_smoke__0208.mp4;360;283;0.045162159;['Fire', 'None', 'SmokeOnly'];[-1.6402875185012817, 0.5980544686317444, 1.0210151672363281];[0.040497809648513794, 0.3797791004180908, 0.579723060131073];2;SmokeOnly
aihub__lb_smoke__0208.mp4;360;284;0.043950835;['Fire', 'None', 'SmokeOnly'];[-1.6385254859924316, 0.5900541543960571, 1.0448702573776245];[0.04012620076537132, 0.37263864278793335, 0.587235152721405];2;SmokeOnly
aihub__lb_smoke__0208.mp4;360;285;0.002244572;['Fire', 'None', 'SmokeOnly'];[0.0, 0.0, 0.0];[0.0, 0.0, 0.0];-1;skipped
aihub__lb_smoke__0208.mp4;360;286;0.002202727;['Fire', 'None', 'SmokeOnly'];[0.0, 0.0, 0.0];[0.0, 0.0, 0.0];-1;skipped
aihub__lb_smoke__0208.mp4;360;287;0.002120855;['Fire', 'None', 'SmokeOnly'];[0.0, 0.0, 0.0];[0.0, 0.0, 0.0];-1;skipped
aihub__lb_smoke__0208.mp4;360;288;0.001939881;['Fire', 'None', 'SmokeOnly'];[0.0, 0.0, 0.0];[0.0, 0.0, 0.0];-1;skipped
aihub__lb_smoke__0208.mp4;360;289;0.047180331;['Fire', 'None', 'SmokeOnly'];[-1.6427009105682373, 0.5739532113075256, 1.0364989042282104];[0.04040404036641121, 0.3707706928253174, 0.5888252258300781];2;SmokeOnly
aihub__lb_smoke__0208.mp4;360;290;0.002225843;['Fire', 'None', 'SmokeOnly'];[0.0, 0.0, 0.0];[0.0, 0.0, 0.0];-1;skipped
aihub__lb_smoke__0208.mp4;360;291;0.001927252;['Fire', 'None', 'SmokeOnly'];[0.0, 0.0, 0.0];[0.0, 0.0, 0.0];-1;skipped
aihub__lb_smoke__0208.mp4;360;292;0.002043692;['Fire', 'None', 'SmokeOnly'];[0.0, 0.0, 0.0];[0.0, 0.0, 0.0];-1;skipped
aihub__lb_smoke__0208.mp4;360;293;0.002386804;['Fire', 'None', 'SmokeOnly'];[0.0, 0.0, 0.0];[0.0, 0.0, 0.0];-1;skipped
aihub__lb_smoke__0208.mp4;360;294;0.002123745;['Fire', 'None', 'SmokeOnly'];[0.0, 0.0, 0.0];[0.0, 0.0, 0.0];-1;skipped
aihub__lb_smoke__0208.mp4;360;295;0.001980121;['Fire', 'None', 'SmokeOnly'];[0.0, 0.0, 0.0];[0.0, 0.0, 0.0];-1;skipped
aihub__lb_smoke__0208.mp4;360;296;0.001953794;['Fire', 'None', 'SmokeOnly'];[0.0, 0.0, 0.0];[0.0, 0.0, 0.0];-1;skipped
aihub__lb_smoke__0208.mp4;360;297;0.002327622;['Fire', 'None', 'SmokeOnly'];[0.0, 0.0, 0.0];[0.0, 0.0, 0.0];-1;skipped
aihub__lb_smoke__0208.mp4;360;298;0.001823013;['Fire', 'None', 'SmokeOnly'];[0.0, 0.0, 0.0];[0.0, 0.0, 0.0];-1;skipped
aihub__lb_smoke__0208.mp4;360;299;0.001988041;['Fire', 'None', 'SmokeOnly'];[0.0, 0.0, 0.0];[0.0, 0.0, 0.0];-1;skipped
aihub__lb_smoke__0208.mp4;360;300;0.002017151;['Fire', 'None', 'SmokeOnly'];[0.0, 0.0, 0.0];[0.0, 0.0, 0.0];-1;skipped
aihub__lb_smoke__0208.mp4;360;301;0.001957753;['Fire', 'None', 'SmokeOnly'];[0.0, 0.0, 0.0];[0.0, 0.0, 0.0];-1;skipped
aihub__lb_smoke__0208.mp4;360;302;0.002287488;['Fire', 'None', 'SmokeOnly'];[0.0, 0.0, 0.0];[0.0, 0.0, 0.0];-1;skipped
aihub__lb_smoke__0208.mp4;360;303;0.002220492;['Fire', 'None', 'SmokeOnly'];[0.0, 0.0, 0.0];[0.0, 0.0, 0.0];-1;skipped
aihub__lb_smoke__0208.mp4;360;304;0.002908324;['Fire', 'None', 'SmokeOnly'];[0.0, 0.0, 0.0];[0.0, 0.0, 0.0];-1;skipped
aihub__lb_smoke__0208.mp4;360;305;0.002396222;['Fire', 'None', 'SmokeOnly'];[0.0, 0.0, 0.0];[0.0, 0.0, 0.0];-1;skipped
aihub__lb_smoke__0208.mp4;360;306;0.002038341;['Fire', 'None', 'SmokeOnly'];[0.0, 0.0, 0.0];[0.0, 0.0, 0.0];-1;skipped
aihub__lb_smoke__0208.mp4;360;307;0.002125243;['Fire', 'None', 'SmokeOnly'];[0.0, 0.0, 0.0];[0.0, 0.0, 0.0];-1;skipped
aihub__lb_smoke__0208.mp4;360;308;0.001999813;['Fire', 'None', 'SmokeOnly'];[0.0, 0.0, 0.0];[0.0, 0.0, 0.0];-1;skipped
aihub__lb_smoke__0208.mp4;360;309;0.00194063;['Fire', 'None', 'SmokeOnly'];[0.0, 0.0, 0.0];[0.0, 0.0, 0.0];-1;skipped
aihub__lb_smoke__0208.mp4;360;310;0.001853942;['Fire', 'None', 'SmokeOnly'];[0.0, 0.0, 0.0];[0.0, 0.0, 0.0];-1;skipped
aihub__lb_smoke__0208.mp4;360;311;0.001883908;['Fire', 'None', 'SmokeOnly'];[0.0, 0.0, 0.0];[0.0, 0.0, 0.0];-1;skipped
aihub__lb_smoke__0208.mp4;360;312;0.044363022;['Fire', 'None', 'SmokeOnly'];[-1.5758246183395386, 0.47786813974380493, 1.1568892002105713];[0.04137156531214714, 0.322559118270874, 0.6360692977905273];2;SmokeOnly
aihub__lb_smoke__0208.mp4;360;313;0.04698494;['Fire', 'None', 'SmokeOnly'];[-1.6379523277282715, 0.5131343007087708, 1.084950566291809];[0.04029229283332825, 0.34627965092658997, 0.6134280562400818];2;SmokeOnly
aihub__lb_smoke__0208.mp4;360;314;0.04854202;['Fire', 'None', 'SmokeOnly'];[-1.6201529502868652, 0.4919881820678711, 1.0807709693908691];[0.04139174893498421, 0.34214088320732117, 0.6164673566818237];2;SmokeOnly
aihub__lb_smoke__0208.mp4;360;315;0.001916336;['Fire', 'None', 'SmokeOnly'];[0.0, 0.0, 0.0];[0.0, 0.0, 0.0];-1;skipped
aihub__lb_smoke__0208.mp4;360;316;0.00215767;['Fire', 'None', 'SmokeOnly'];[0.0, 0.0, 0.0];[0.0, 0.0, 0.0];-1;skipped
aihub__lb_smoke__0208.mp4;360;317;0.001934637;['Fire', 'None', 'SmokeOnly'];[0.0, 0.0, 0.0];[0.0, 0.0, 0.0];-1;skipped
aihub__lb_smoke__0208.mp4;360;318;0.002017258;['Fire', 'None', 'SmokeOnly'];[0.0, 0.0, 0.0];[0.0, 0.0, 0.0];-1;skipped
aihub__lb_smoke__0208.mp4;360;319;0.002251422;['Fire', 'None', 'SmokeOnly'];[0.0, 0.0, 0.0];[0.0, 0.0, 0.0];-1;skipped
aihub__lb_smoke__0208.mp4;360;320;0.002061672;['Fire', 'None', 'SmokeOnly'];[0.0, 0.0, 0.0];[0.0, 0.0, 0.0];-1;skipped
aihub__lb_smoke__0208.mp4;360;321;0.002612836;['Fire', 'None', 'SmokeOnly'];[0.0, 0.0, 0.0];[0.0, 0.0, 0.0];-1;skipped
aihub__lb_smoke__0208.mp4;360;322;0.001916229;['Fire', 'None', 'SmokeOnly'];[0.0, 0.0, 0.0];[0.0, 0.0, 0.0];-1;skipped
aihub__lb_smoke__0208.mp4;360;323;0.00194855;['Fire', 'None', 'SmokeOnly'];[0.0, 0.0, 0.0];[0.0, 0.0, 0.0];-1;skipped
aihub__lb_smoke__0208.mp4;360;324;0.002047225;['Fire', 'None', 'SmokeOnly'];[0.0, 0.0, 0.0];[0.0, 0.0, 0.0];-1;skipped
aihub__lb_smoke__0208.mp4;360;325;0.001909059;['Fire', 'None', 'SmokeOnly'];[0.0, 0.0, 0.0];[0.0, 0.0, 0.0];-1;skipped
aihub__lb_smoke__0208.mp4;360;326;0.002081792;['Fire', 'None', 'SmokeOnly'];[0.0, 0.0, 0.0];[0.0, 0.0, 0.0];-1;skipped
aihub__lb_smoke__0208.mp4;360;327;0.002180359;['Fire', 'None', 'SmokeOnly'];[0.0, 0.0, 0.0];[0.0, 0.0, 0.0];-1;skipped
aihub__lb_smoke__0208.mp4;360;328;0.002146861;['Fire', 'None', 'SmokeOnly'];[0.0, 0.0, 0.0];[0.0, 0.0, 0.0];-1;skipped
aihub__lb_smoke__0208.mp4;360;329;0.002336719;['Fire', 'None', 'SmokeOnly'];[0.0, 0.0, 0.0];[0.0, 0.0, 0.0];-1;skipped
aihub__lb_smoke__0208.mp4;360;330;0.002320451;['Fire', 'None', 'SmokeOnly'];[0.0, 0.0, 0.0];[0.0, 0.0, 0.0];-1;skipped
aihub__lb_smoke__0208.mp4;360;331;0.002582869;['Fire', 'None', 'SmokeOnly'];[0.0, 0.0, 0.0];[0.0, 0.0, 0.0];-1;skipped
aihub__lb_smoke__0208.mp4;360;332;0.001907133;['Fire', 'None', 'SmokeOnly'];[0.0, 0.0, 0.0];[0.0, 0.0, 0.0];-1;skipped
aihub__lb_smoke__0208.mp4;360;333;0.002359835;['Fire', 'None', 'SmokeOnly'];[0.0, 0.0, 0.0];[0.0, 0.0, 0.0];-1;skipped
aihub__lb_smoke__0208.mp4;360;334;0.002469854;['Fire', 'None', 'SmokeOnly'];[0.0, 0.0, 0.0];[0.0, 0.0, 0.0];-1;skipped
aihub__lb_smoke__0208.mp4;360;335;0.002235904;['Fire', 'None', 'SmokeOnly'];[0.0, 0.0, 0.0];[0.0, 0.0, 0.0];-1;skipped
aihub__lb_smoke__0208.mp4;360;336;0.002099772;['Fire', 'None', 'SmokeOnly'];[0.0, 0.0, 0.0];[0.0, 0.0, 0.0];-1;skipped
aihub__lb_smoke__0208.mp4;360;337;0.002469961;['Fire', 'None', 'SmokeOnly'];[0.0, 0.0, 0.0];[0.0, 0.0, 0.0];-1;skipped
aihub__lb_smoke__0208.mp4;360;338;0.002383916;['Fire', 'None', 'SmokeOnly'];[0.0, 0.0, 0.0];[0.0, 0.0, 0.0];-1;skipped
aihub__lb_smoke__0208.mp4;360;339;0.002088107;['Fire', 'None', 'SmokeOnly'];[0.0, 0.0, 0.0];[0.0, 0.0, 0.0];-1;skipped
aihub__lb_smoke__0208.mp4;360;340;0.002131879;['Fire', 'None', 'SmokeOnly'];[0.0, 0.0, 0.0];[0.0, 0.0, 0.0];-1;skipped
aihub__lb_smoke__0208.mp4;360;341;0.002143972;['Fire', 'None', 'SmokeOnly'];[0.0, 0.0, 0.0];[0.0, 0.0, 0.0];-1;skipped
aihub__lb_smoke__0208.mp4;360;342;0.051962525;['Fire', 'None', 'SmokeOnly'];[-1.2842755317687988, -0.1664278209209442, 1.75490140914917];[0.04008609056472778, 0.12259386479854584, 0.8373199701309204];2;SmokeOnly
aihub__lb_smoke__0208.mp4;360;343;0.04890512;['Fire', 'None', 'SmokeOnly'];[-1.2959632873535156, -0.1579212248325348, 1.7434179782867432];[0.03997926786541939, 0.12476140260696411, 0.8352593183517456];2;SmokeOnly
aihub__lb_smoke__0208.mp4;360;344;0.048688451;['Fire', 'None', 'SmokeOnly'];[-1.3516268730163574, -0.07511544972658157, 1.6723341941833496];[0.03975078836083412, 0.14247135818004608, 0.8177778124809265];2;SmokeOnly
aihub__lb_smoke__0208.mp4;360;345;0.002326873;['Fire', 'None', 'SmokeOnly'];[0.0, 0.0, 0.0];[0.0, 0.0, 0.0];-1;skipped
aihub__lb_smoke__0208.mp4;360;346;0.002018007;['Fire', 'None', 'SmokeOnly'];[0.0, 0.0, 0.0];[0.0, 0.0, 0.0];-1;skipped
aihub__lb_smoke__0208.mp4;360;347;0.002081792;['Fire', 'None', 'SmokeOnly'];[0.0, 0.0, 0.0];[0.0, 0.0, 0.0];-1;skipped
aihub__lb_smoke__0208.mp4;360;348;0.002622253;['Fire', 'None', 'SmokeOnly'];[0.0, 0.0, 0.0];[0.0, 0.0, 0.0];-1;skipped
aihub__lb_smoke__0208.mp4;360;349;0.002021432;['Fire', 'None', 'SmokeOnly'];[0.0, 0.0, 0.0];[0.0, 0.0, 0.0];-1;skipped
aihub__lb_smoke__0208.mp4;360;350;0.002008482;['Fire', 'None', 'SmokeOnly'];[0.0, 0.0, 0.0];[0.0, 0.0, 0.0];-1;skipped
aihub__lb_smoke__0208.mp4;360;351;0.002151142;['Fire', 'None', 'SmokeOnly'];[0.0, 0.0, 0.0];[0.0, 0.0, 0.0];-1;skipped
aihub__lb_smoke__0208.mp4;360;352;0.002233121;['Fire', 'None', 'SmokeOnly'];[0.0, 0.0, 0.0];[0.0, 0.0, 0.0];-1;skipped
aihub__lb_smoke__0208.mp4;360;353;0.002614334;['Fire', 'None', 'SmokeOnly'];[0.0, 0.0, 0.0];[0.0, 0.0, 0.0];-1;skipped
aihub__lb_smoke__0208.mp4;360;354;0.001816698;['Fire', 'None', 'SmokeOnly'];[0.0, 0.0, 0.0];[0.0, 0.0, 0.0];-1;skipped
aihub__lb_smoke__0208.mp4;360;355;0.001996389;['Fire', 'None', 'SmokeOnly'];[0.0, 0.0, 0.0];[0.0, 0.0, 0.0];-1;skipped
aihub__lb_smoke__0208.mp4;360;356;0.001981727;['Fire', 'None', 'SmokeOnly'];[0.0, 0.0, 0.0];[0.0, 0.0, 0.0];-1;skipped
aihub__lb_smoke__0208.mp4;360;357;0.001604367;['Fire', 'None', 'SmokeOnly'];[0.0, 0.0, 0.0];[0.0, 0.0, 0.0];-1;skipped
aihub__lb_smoke__0208.mp4;360;358;0.001943948;['Fire', 'None', 'SmokeOnly'];[0.0, 0.0, 0.0];[0.0, 0.0, 0.0];-1;skipped
aihub__lb_smoke__0208.mp4;360;359;0.001972309;['Fire', 'None', 'SmokeOnly'];[0.0, 0.0, 0.0];[0.0, 0.0, 0.0];-1;skipped
aihub__lb_smoke__0208.mp4;360;360;0.002288987;['Fire', 'None', 'SmokeOnly'];[0.0, 0.0, 0.0];[0.0, 0.0, 0.0];-1;skipped
