video;num_frames;frame_idx;elapsed_time;class_names;logits;probs;pred_label_idx;pred_label;eager_mode
aihub__lb_none__0175.mp4;360;1;0.7519852549303323;['Fire', 'None', 'SmokeOnly'];[-0.7094047665596008, -0.6647801399230957, 1.0470447540283203];[0.12759216129779816, 0.1334148645401001, 0.7389929890632629];2;SmokeOnly;True
aihub__lb_none__0175.mp4;360;2;0.04458504694048315;['Fire', 'None', 'SmokeOnly'];[-1.0471408367156982, -0.2551557123661041, 1.0009291172027588];[0.09123507142066956, 0.20142647624015808, 0.7073384523391724];2;SmokeOnly;True
aihub__lb_none__0175.mp4;360;3;0.0430445340462029;['Fire', 'None', 'SmokeOnly'];[-1.0707111358642578, -0.21888293325901031, 0.9889577031135559];[0.08938707411289215, 0.20951685309410095, 0.7010960578918457];2;SmokeOnly;True
aihub__lb_none__0175.mp4;360;4;0.043195054051466286;['Fire', 'None', 'SmokeOnly'];[-1.0882487297058105, -0.20762500166893005, 0.9950886368751526];[0.08738485723733902, 0.21080756187438965, 0.7018076181411743];2;SmokeOnly;True
aihub__lb_none__0175.mp4;360;5;0.04172964196186513;['Fire', 'None', 'SmokeOnly'];[-1.0858371257781982, -0.2148505598306656, 0.9979504942893982];[0.08753415197134018, 0.20914246141910553, 0.7033233642578125];2;SmokeOnly;True
aihub__lb_none__0175.mp4;360;6;0.040660638944245875;['Fire', 'None', 'SmokeOnly'];[-1.082251787185669, -0.22296252846717834, 1.0033801794052124];[0.08763352036476135, 0.20694495737552643, 0.705421507358551];2;SmokeOnly;True
aihub__lb_none__0175.mp4;360;7;0.039622251060791314;['Fire', 'None', 'SmokeOnly'];[-1.0846965312957764, -0.22124487161636353, 1.0056251287460327];[0.08726882934570312, 0.20694328844547272, 0.7057879567146301];2;SmokeOnly;True
aihub__lb_none__0175.mp4;360;8;0.04236916603986174;['Fire', 'None', 'SmokeOnly'];[-1.0734578371047974, -0.2455509603023529, 1.0175715684890747];[0.08785983175039291, 0.20106929540634155, 0.7110708951950073];2;SmokeOnly;True
aihub__lb_none__0175.mp4;360;9;0.047264009015634656;['Fire', 'None', 'SmokeOnly'];[-1.0733236074447632, -0.255314439535141, 1.0304309129714966];[0.08723817765712738, 0.19768033921718597, 0.7150815725326538];2;SmokeOnly;True
aihub__lb_none__0175.mp4;360;10;0.04088668606709689;['Fire', 'None', 'SmokeOnly'];[-1.073496699333191, -0.2559625208377838, 1.0311418771743774];[0.08719120919704437, 0.19748008251190186, 0.7153286933898926];2;SmokeOnly;True
aihub__lb_none__0175.mp4;360;11;0.04076763498596847;['Fire', 'None', 'SmokeOnly'];[-1.0746686458587646, -0.25255662202835083, 1.0287165641784668];[0.08719033002853394, 0.19838419556617737, 0.7144254446029663];2;SmokeOnly;True
aihub__lb_none__0175.mp4;360;12;0.04144321591593325;['Fire', 'None', 'SmokeOnly'];[-1.0695669651031494, -0.26533135771751404, 1.0358614921569824];[0.08736975491046906, 0.19527031481266022, 0.7173599004745483];2;SmokeOnly;True
aihub__lb_none__0175.mp4;360;13;0.04116948402952403;['Fire', 'None', 'SmokeOnly'];[-1.0705162286758423, -0.5070635676383972, 1.3316172361373901];[0.07244566828012466, 0.12726730108261108, 0.8002869486808777];2;SmokeOnly;True
aihub__lb_none__0175.mp4;360;14;0.04086588299833238;['Fire', 'None', 'SmokeOnly'];[-1.0606563091278076, -0.4751456081867218, 1.2761021852493286];[0.07608294486999512, 0.13663798570632935, 0.7872790694236755];2;SmokeOnly;True
aihub__lb_none__0175.mp4;360;15;0.05098167899996042;['Fire', 'None', 'SmokeOnly'];[-1.0721111297607422, -0.48264437913894653, 1.2969778776168823];[0.0741252526640892, 0.1336498111486435, 0.7922248840332031];2;SmokeOnly;True
aihub__lb_none__0175.mp4;360;16;0.04745645297225565;['Fire', 'None', 'SmokeOnly'];[-1.0710184574127197, -0.46161699295043945, 1.276292085647583];[0.07520642131567001, 0.13832944631576538, 0.7864640951156616];2;SmokeOnly;True
aihub__lb_none__0175.mp4;360;17;0.04544784489553422;['Fire', 'None', 'SmokeOnly'];[-1.0714261531829834, -0.45686623454093933, 1.2704561948776245];[0.07547376304864883, 0.13953910768032074, 0.7849871516227722];2;SmokeOnly;True
aihub__lb_none__0175.mp4;360;18;0.05936739803291857;['Fire', 'None', 'SmokeOnly'];[-1.06183660030365, -0.48294854164123535, 1.2876299619674683];[0.07539186626672745, 0.13450312614440918, 0.7901051044464111];2;SmokeOnly;True
aihub__lb_none__0175.mp4;360;19;0.048485665931366384;['Fire', 'None', 'SmokeOnly'];[-1.0674554109573364, -0.4984116852283478, 1.3115296363830566];[0.07374349981546402, 0.13027355074882507, 0.7959829568862915];2;SmokeOnly;True
aihub__lb_none__0175.mp4;360;20;0.044564031064510345;['Fire', 'None', 'SmokeOnly'];[-1.0668463706970215, -0.48596152663230896, 1.2963091135025024];[0.07455985993146896, 0.13328465819358826, 0.7921554446220398];2;SmokeOnly;True
aihub__lb_none__0175.mp4;360;21;0.04652335599530488;['Fire', 'None', 'SmokeOnly'];[-1.0644121170043945, -0.5014264583587646, 1.3100820779800415];[0.07406593859195709, 0.13005290925502777, 0.7958811521530151];2;SmokeOnly;True
aihub__lb_none__0175.mp4;360;22;0.04080977197736502;['Fire', 'None', 'SmokeOnly'];[-1.0650523900985718, -0.5029683113098145, 1.3138291835784912];[0.07381627708673477, 0.1294977068901062, 0.796686053276062];2;SmokeOnly;True
aihub__lb_none__0175.mp4;360;23;0.039770851959474385;['Fire', 'None', 'SmokeOnly'];[-1.0664418935775757, -0.5043808221817017, 1.3168777227401733];[0.0735558271408081, 0.12903785705566406, 0.7974062561988831];2;SmokeOnly;True
aihub__lb_none__0175.mp4;360;24;0.04061508795712143;['Fire', 'None', 'SmokeOnly'];[-1.0655312538146973, -0.5088186860084534, 1.3206756114959717];[0.07343705743551254, 0.12814229726791382, 0.7984206080436707];2;SmokeOnly;True
aihub__lb_none__0175.mp4;360;25;0.04280195198953152;['Fire', 'None', 'SmokeOnly'];[-1.0600650310516357, -0.5146665573120117, 1.3270763158798218];[0.07348816096782684, 0.12678879499435425, 0.7997230887413025];2;SmokeOnly;True
aihub__lb_none__0175.mp4;360;26;0.04464852006640285;['Fire', 'None', 'SmokeOnly'];[-1.0471240282058716, -0.48899781703948975, 1.274473786354065];[0.07728368788957596, 0.1350451409816742, 0.7876712083816528];2;SmokeOnly;True
aihub__lb_none__0175.mp4;360;27;0.04121535597369075;['Fire', 'None', 'SmokeOnly'];[-1.0592354536056519, -0.49562859535217285, 1.294910192489624];[0.07526648044586182, 0.1322430670261383, 0.7924904227256775];2;SmokeOnly;True
aihub__lb_none__0175.mp4;360;28;0.04141526704188436;['Fire', 'None', 'SmokeOnly'];[-1.0598102807998657, -0.4849913418292999, 1.2869735956192017];[0.07559315115213394, 0.13431458175182343, 0.7900922298431396];2;SmokeOnly;True
aihub__lb_none__0175.mp4;360;29;0.041879735072143376;['Fire', 'None', 'SmokeOnly'];[-1.0598642826080322, -0.48177891969680786, 1.2833547592163086];[0.07577290385961533, 0.1350744515657425, 0.7891526222229004];2;SmokeOnly;True
aihub__lb_none__0175.mp4;360;30;0.04057188401930034;['Fire', 'None', 'SmokeOnly'];[-1.0627039670944214, -0.47895514965057373, 1.2838308811187744];[0.07551704347133636, 0.13538289070129395, 0.7890999913215637];2;SmokeOnly;True
aihub__lb_none__0175.mp4;360;31;0.040207157959230244;['Fire', 'None', 'SmokeOnly'];[-1.0619412660598755, -0.4784943461418152, 1.2829642295837402];[0.07561727613210678, 0.13552166521549225, 0.7888610363006592];2;SmokeOnly;True
aihub__lb_none__0175.mp4;360;32;0.04237161995843053;['Fire', 'None', 'SmokeOnly'];[-1.0753862857818604, -0.42741888761520386, 1.243733525276184];[0.07646210491657257, 0.14616890251636505, 0.7773690223693848];2;SmokeOnly;True
aihub__lb_none__0175.mp4;360;33;0.041134175029583275;['Fire', 'None', 'SmokeOnly'];[-1.0800668001174927, -0.4211186170578003, 1.2428431510925293];[0.07611459493637085, 0.14711108803749084, 0.7767742872238159];2;SmokeOnly;True
aihub__lb_none__0175.mp4;360;34;0.039943773997947574;['Fire', 'None', 'SmokeOnly'];[-1.0878790616989136, -0.4116767346858978, 1.241926908493042];[0.07551535218954086, 0.14849305152893066, 0.775991678237915];2;SmokeOnly;True
aihub__lb_none__0175.mp4;360;35;0.03955675195902586;['Fire', 'None', 'SmokeOnly'];[-1.0928175449371338, -0.4221080541610718, 1.2639847993850708];[0.07400409877300262, 0.14472423493862152, 0.7812716960906982];2;SmokeOnly;True
aihub__lb_none__0175.mp4;360;36;0.04173678904771805;['Fire', 'None', 'SmokeOnly'];[-1.0945090055465698, -0.4173917770385742, 1.2597286701202393];[0.07408344000577927, 0.14581067860126495, 0.7801058292388916];2;SmokeOnly;True
aihub__lb_none__0175.mp4;360;37;0.040488355909474194;['Fire', 'None', 'SmokeOnly'];[-1.0876386165618896, -0.4702354073524475, 1.312941312789917];[0.07202702760696411, 0.13354581594467163, 0.7944271564483643];2;SmokeOnly;True
aihub__lb_none__0175.mp4;360;38;0.040291112032718956;['Fire', 'None', 'SmokeOnly'];[-1.0797789096832275, -0.4646664559841156, 1.290198564529419];[0.07381699234247208, 0.13655142486095428, 0.7896315455436707];2;SmokeOnly;True
aihub__lb_none__0175.mp4;360;39;0.04119764699134976;['Fire', 'None', 'SmokeOnly'];[-1.0905349254608154, -0.46790850162506104, 1.3021303415298462];[0.07242997735738754, 0.1349962055683136, 0.7925737500190735];2;SmokeOnly;True
aihub__lb_none__0175.mp4;360;40;0.04040386795531958;['Fire', 'None', 'SmokeOnly'];[-1.0982251167297363, -0.4615805745124817, 1.3076386451721191];[0.07154031842947006, 0.13522037863731384, 0.7932392954826355];2;SmokeOnly;True
aihub__lb_none__0175.mp4;360;41;0.04125482507515699;['Fire', 'None', 'SmokeOnly'];[-1.095609426498413, -0.46428370475769043, 1.3076844215393066];[0.07173783332109451, 0.1348744034767151, 0.793387770652771];2;SmokeOnly;True
aihub__lb_none__0175.mp4;360;42;0.04192997992504388;['Fire', 'None', 'SmokeOnly'];[-1.0986648797988892, -0.4612104594707489, 1.307710886001587];[0.07150343060493469, 0.13526014983654022, 0.7932363748550415];2;SmokeOnly;True
aihub__lb_none__0175.mp4;360;43;0.04071386996656656;['Fire', 'None', 'SmokeOnly'];[-1.0975432395935059, -0.4595661461353302, 1.3047425746917725];[0.0717306062579155, 0.1357608139514923, 0.7925085425376892];2;SmokeOnly;True
aihub__lb_none__0175.mp4;360;44;0.04208466107957065;['Fire', 'None', 'SmokeOnly'];[-1.0920915603637695, -0.4663284420967102, 1.3066498041152954];[0.07205139845609665, 0.13471247255802155, 0.7932361364364624];2;SmokeOnly;True
aihub__lb_none__0175.mp4;360;45;0.04587305593304336;['Fire', 'None', 'SmokeOnly'];[-1.0896070003509521, -0.4658820629119873, 1.3032959699630737];[0.072405606508255, 0.13509909808635712, 0.7924953103065491];2;SmokeOnly;True
aihub__lb_none__0175.mp4;360;46;0.04522681108210236;['Fire', 'None', 'SmokeOnly'];[-1.0882370471954346, -0.4675794243812561, 1.3042223453521729];[0.07246104627847672, 0.13478848338127136, 0.7927504777908325];2;SmokeOnly;True
aihub__lb_none__0175.mp4;360;47;0.047649857006035745;['Fire', 'None', 'SmokeOnly'];[-1.0837353467941284, -0.47286245226860046, 1.3034679889678955];[0.07285946607589722, 0.13420993089675903, 0.7929306030273438];2;SmokeOnly;True
aihub__lb_none__0175.mp4;360;48;0.04373345000203699;['Fire', 'None', 'SmokeOnly'];[-1.086977481842041, -0.47394436597824097, 1.3065507411956787];[0.07247380167245865, 0.13378824293613434, 0.7937380075454712];2;SmokeOnly;True
aihub__lb_none__0175.mp4;360;49;0.04986531101167202;['Fire', 'None', 'SmokeOnly'];[-1.080256462097168, -0.4744792580604553, 1.3053239583969116];[0.07300311326980591, 0.13379107415676117, 0.7932057976722717];2;SmokeOnly;True
aihub__lb_none__0175.mp4;360;50;0.043674885062500834;['Fire', 'None', 'SmokeOnly'];[-1.0690783262252808, -0.4591076076030731, 1.2663577795028687];[0.07590510696172714, 0.13969406485557556, 0.7844008207321167];2;SmokeOnly;True
aihub__lb_none__0175.mp4;360;51;0.042339403997175395;['Fire', 'None', 'SmokeOnly'];[-1.0759193897247314, -0.4651733338832855, 1.2778635025024414];[0.0748104602098465, 0.13778625428676605, 0.7874032855033875];2;SmokeOnly;True
aihub__lb_none__0175.mp4;360;52;0.04061754106078297;['Fire', 'None', 'SmokeOnly'];[-1.0775307416915894, -0.4608505666255951, 1.2793039083480835];[0.07456984370946884, 0.13816054165363312, 0.787269651889801];2;SmokeOnly;True
aihub__lb_none__0175.mp4;360;53;0.04550459701567888;['Fire', 'None', 'SmokeOnly'];[-1.073311448097229, -0.4687596559524536, 1.2820219993591309];[0.07478272169828415, 0.1368846297264099, 0.7883327007293701];2;SmokeOnly;True
aihub__lb_none__0175.mp4;360;54;0.042803552001714706;['Fire', 'None', 'SmokeOnly'];[-1.0741151571273804, -0.46903717517852783, 1.2833260297775269];[0.07465314865112305, 0.13671940565109253, 0.7886273860931396];2;SmokeOnly;True
aihub__lb_none__0175.mp4;360;55;0.04187685495708138;['Fire', 'None', 'SmokeOnly'];[-1.0831186771392822, -0.4931889474391937, 1.3212287425994873];[0.07207173854112625, 0.13000744581222534, 0.797920823097229];2;SmokeOnly;True
aihub__lb_none__0175.mp4;360;56;0.047688901075161994;['Fire', 'None', 'SmokeOnly'];[-1.0822139978408813, -0.496584951877594, 1.3242933750152588];[0.07198769599199295, 0.129298597574234, 0.798713743686676];2;SmokeOnly;True
aihub__lb_none__0175.mp4;360;57;0.04058041796088219;['Fire', 'None', 'SmokeOnly'];[-1.0818355083465576, -0.5029415488243103, 1.3310058116912842];[0.07168610394001007, 0.12789258360862732, 0.8004212975502014];2;SmokeOnly;True
aihub__lb_none__0175.mp4;360;58;0.04273741296492517;['Fire', 'None', 'SmokeOnly'];[-1.0818026065826416, -0.4998117983341217, 1.3260571956634521];[0.07194370776414871, 0.1287502944469452, 0.7993059754371643];2;SmokeOnly;True
aihub__lb_none__0175.mp4;360;59;0.04310661996714771;['Fire', 'None', 'SmokeOnly'];[-1.083038091659546, -0.4914470314979553, 1.317388892173767];[0.07228178530931473, 0.1306031048297882, 0.7971150875091553];2;SmokeOnly;True
aihub__lb_none__0175.mp4;360;60;0.04151575593277812;['Fire', 'None', 'SmokeOnly'];[-1.108095645904541, -0.45599254965782166, 1.3153105974197388];[0.07040367275476456, 0.13514503836631775, 0.7944512963294983];2;SmokeOnly;True
aihub__lb_none__0175.mp4;360;61;0.04238964803516865;['Fire', 'None', 'SmokeOnly'];[-1.1183818578720093, -0.47728535532951355, 1.3632965087890625];[0.06729526817798615, 0.12776421010494232, 0.8049405217170715];2;SmokeOnly;True
aihub__lb_none__0175.mp4;360;62;0.042025454924441874;['Fire', 'None', 'SmokeOnly'];[-1.100609302520752, -0.49274376034736633, 1.3562796115875244];[0.06894192844629288, 0.1266123652458191, 0.804445743560791];2;SmokeOnly;True
aihub__lb_none__0175.mp4;360;63;0.04190917790401727;['Fire', 'None', 'SmokeOnly'];[-1.1100873947143555, -0.4772121012210846, 1.3499904870986938];[0.06854602694511414, 0.12907330691814423, 0.8023806214332581];2;SmokeOnly;True
aihub__lb_none__0175.mp4;360;64;0.04700819996651262;['Fire', 'None', 'SmokeOnly'];[-1.1107898950576782, -0.44495320320129395, 1.3163774013519287];[0.07006298750638962, 0.1363508701324463, 0.7935861349105835];2;SmokeOnly;True
aihub__lb_none__0175.mp4;360;65;0.0420269489986822;['Fire', 'None', 'SmokeOnly'];[-1.1053576469421387, -0.4530510902404785, 1.3248599767684937];[0.07002153247594833, 0.13443885743618011, 0.7955395579338074];2;SmokeOnly;True
aihub__lb_none__0175.mp4;360;66;0.04203249607235193;['Fire', 'None', 'SmokeOnly'];[-1.1079789400100708, -0.4487082064151764, 1.3227691650390625];[0.06992634385824203, 0.1351943165063858, 0.7948794364929199];2;SmokeOnly;True
aihub__lb_none__0175.mp4;360;67;0.03971516597084701;['Fire', 'None', 'SmokeOnly'];[-1.1111748218536377, -0.45037969946861267, 1.3286727666854858];[0.06940770894289017, 0.13439629971981049, 0.7961959838867188];2;SmokeOnly;True
aihub__lb_none__0175.mp4;360;68;0.044399856007657945;['Fire', 'None', 'SmokeOnly'];[-1.1127049922943115, -0.45260119438171387, 1.3343925476074219];[0.0690142884850502, 0.13354216516017914, 0.7974435687065125];2;SmokeOnly;True
aihub__lb_none__0175.mp4;360;69;0.0443327568937093;['Fire', 'None', 'SmokeOnly'];[-1.111134648323059, -0.4598780572414398, 1.340317726135254];[0.0688556432723999, 0.13206163048744202, 0.7990826964378357];2;SmokeOnly;True
aihub__lb_none__0175.mp4;360;70;0.0427426400128752;['Fire', 'None', 'SmokeOnly'];[-1.1114779710769653, -0.4588746428489685, 1.33989417552948];[0.06884780526161194, 0.13222455978393555, 0.7989276647567749];2;SmokeOnly;True
aihub__lb_none__0175.mp4;360;71;0.0404701140942052;['Fire', 'None', 'SmokeOnly'];[-1.1100363731384277, -0.4610266089439392, 1.3381905555725098];[0.06905379891395569, 0.13214443624019623, 0.7988017797470093];2;SmokeOnly;True
aihub__lb_none__0175.mp4;360;72;0.04206385801080614;['Fire', 'None', 'SmokeOnly'];[-1.1144636869430542, -0.46190935373306274, 1.344369888305664];[0.06843873113393784, 0.13143250346183777, 0.8001287579536438];2;SmokeOnly;True
aihub__lb_none__0175.mp4;360;73;0.04943871300201863;['Fire', 'None', 'SmokeOnly'];[-1.1038235425949097, -0.5161525011062622, 1.3939858675003052];[0.06686446070671082, 0.12034211307764053, 0.8127933740615845];2;SmokeOnly;True
aihub__lb_none__0175.mp4;360;74;0.04634723300114274;['Fire', 'None', 'SmokeOnly'];[-1.0942463874816895, -0.5012621879577637, 1.361416220664978];[0.06913939118385315, 0.12509943544864655, 0.8057611584663391];2;SmokeOnly;True
aihub__lb_none__0175.mp4;360;75;0.041723987902514637;['Fire', 'None', 'SmokeOnly'];[-1.101750135421753, -0.4892141819000244, 1.3544012308120728];[0.06894194334745407, 0.12720511853694916, 0.803852915763855];2;SmokeOnly;True
aihub__lb_none__0175.mp4;360;76;0.042404263047501445;['Fire', 'None', 'SmokeOnly'];[-1.1023948192596436, -0.48738211393356323, 1.3539822101593018];[0.0689077153801918, 0.12745723128318787, 0.8036350011825562];2;SmokeOnly;True
aihub__lb_none__0175.mp4;360;77;0.04293679108377546;['Fire', 'None', 'SmokeOnly'];[-1.1023178100585938, -0.4900970160961151, 1.3553074598312378];[0.06886306405067444, 0.12701952457427979, 0.8041174411773682];2;SmokeOnly;True
aihub__lb_none__0175.mp4;360;78;0.04807816201355308;['Fire', 'None', 'SmokeOnly'];[-1.1041016578674316, -0.4631815552711487, 1.330597162246704];[0.0698782354593277, 0.13264474272727966, 0.7974770665168762];2;SmokeOnly;True
aihub__lb_none__0175.mp4;360;79;0.0434710260014981;['Fire', 'None', 'SmokeOnly'];[-1.1050994396209717, -0.46062833070755005, 1.3289965391159058];[0.06987885385751724, 0.13311775028705597, 0.7970033884048462];2;SmokeOnly;True
aihub__lb_none__0175.mp4;360;80;0.041968596051447093;['Fire', 'None', 'SmokeOnly'];[-1.1054810285568237, -0.46433568000793457, 1.3342233896255493];[0.06959763169288635, 0.1321418434381485, 0.7982605695724487];2;SmokeOnly;True
aihub__lb_none__0175.mp4;360;81;0.04356692801229656;['Fire', 'None', 'SmokeOnly'];[-1.1059255599975586, -0.46711206436157227, 1.3388479948043823];[0.06933768093585968, 0.13134166598320007, 0.799320638179779];2;SmokeOnly;True
aihub__lb_none__0175.mp4;360;82;0.04447954404167831;['Fire', 'None', 'SmokeOnly'];[-1.1053352355957031, -0.46942776441574097, 1.3416551351547241];[0.0692412406206131, 0.13077840209007263, 0.7999803423881531];2;SmokeOnly;True
aihub__lb_none__0175.mp4;360;83;0.04971105698496103;['Fire', 'None', 'SmokeOnly'];[-1.106985330581665, -0.46588531136512756, 1.3391681909561157];[0.06924043595790863, 0.13145770132541656, 0.7993018627166748];2;SmokeOnly;True
aihub__lb_none__0175.mp4;360;84;0.044329450000077486;['Fire', 'None', 'SmokeOnly'];[-1.1072514057159424, -0.4685482382774353, 1.3424241542816162];[0.06906739622354507, 0.13081523776054382, 0.8001173734664917];2;SmokeOnly;True
aihub__lb_none__0175.mp4;360;85;0.04456989897880703;['Fire', 'None', 'SmokeOnly'];[-1.0951303243637085, -0.5393867492675781, 1.4070826768875122];[0.06687745451927185, 0.11658323556184769, 0.8165392279624939];2;SmokeOnly;True
aihub__lb_none__0175.mp4;360;86;0.03976082301232964;['Fire', 'None', 'SmokeOnly'];[-1.0889307260513306, -0.519860565662384, 1.3726712465286255];[0.06901215016841888, 0.12191849201917648, 0.8090693354606628];2;SmokeOnly;True
aihub__lb_none__0175.mp4;360;87;0.04350761591922492;['Fire', 'None', 'SmokeOnly'];[-1.0910886526107788, -0.5344422459602356, 1.387545108795166];[0.06816738098859787, 0.11893923580646515, 0.8128933906555176];2;SmokeOnly;True
aihub__lb_none__0175.mp4;360;88;0.04582089197356254;['Fire', 'None', 'SmokeOnly'];[-1.0899512767791748, -0.5362595915794373, 1.3886737823486328];[0.06819179654121399, 0.11863076686859131, 0.8131774067878723];2;SmokeOnly;True
aihub__lb_none__0175.mp4;360;89;0.04182255594059825;['Fire', 'None', 'SmokeOnly'];[-1.0905698537826538, -0.5595909357070923, 1.420072317123413];[0.0666070282459259, 0.11327166110277176, 0.8201212882995605];2;SmokeOnly;True
aihub__lb_none__0175.mp4;360;90;0.04521987703628838;['Fire', 'None', 'SmokeOnly'];[-1.0934176445007324, -0.5792524218559265, 1.4493294954299927];[0.0649908035993576, 0.1086803525686264, 0.8263288736343384];2;SmokeOnly;True
aihub__lb_none__0175.mp4;360;91;0.04133920697495341;['Fire', 'None', 'SmokeOnly'];[-1.089188814163208, -0.5939859747886658, 1.4626734256744385];[0.06463368237018585, 0.10605296492576599, 0.829313337802887];2;SmokeOnly;True
aihub__lb_none__0175.mp4;360;92;0.04834186704829335;['Fire', 'None', 'SmokeOnly'];[-1.0796475410461426, -0.5620871782302856, 1.4032881259918213];[0.06823935359716415, 0.11450079083442688, 0.8172597885131836];2;SmokeOnly;True
aihub__lb_none__0175.mp4;360;93;0.043102459982037544;['Fire', 'None', 'SmokeOnly'];[-1.0820122957229614, -0.5600524544715881, 1.4031158685684204];[0.06808286160230637, 0.11474189907312393, 0.8171752691268921];2;SmokeOnly;True
aihub__lb_none__0175.mp4;360;94;0.041590429027564824;['Fire', 'None', 'SmokeOnly'];[-1.0797293186187744, -0.5632859468460083, 1.404807686805725];[0.06815878301858902, 0.1142379641532898, 0.8176032900810242];2;SmokeOnly;True
aihub__lb_none__0175.mp4;360;95;0.04144257598090917;['Fire', 'None', 'SmokeOnly'];[-1.0810585021972656, -0.553809404373169, 1.3968864679336548];[0.06844152510166168, 0.1159580796957016, 0.8156004548072815];2;SmokeOnly;True
aihub__lb_none__0175.mp4;360;96;0.041132041020318866;['Fire', 'None', 'SmokeOnly'];[-1.0831992626190186, -0.5505713820457458, 1.3961519002914429];[0.0683203786611557, 0.11637712270021439, 0.8153024911880493];2;SmokeOnly;True
aihub__lb_none__0175.mp4;360;97;0.04163512703962624;['Fire', 'None', 'SmokeOnly'];[-1.0937193632125854, -0.582862913608551, 1.45572829246521];[0.06465483456850052, 0.10776136070489883, 0.8275837898254395];2;SmokeOnly;True
aihub__lb_none__0175.mp4;360;98;0.04242965206503868;['Fire', 'None', 'SmokeOnly'];[-1.0837105512619019, -0.5617374777793884, 1.4132882356643677];[0.06742481142282486, 0.1136343851685524, 0.8189408183097839];2;SmokeOnly;True
aihub__lb_none__0175.mp4;360;99;0.045474407030269504;['Fire', 'None', 'SmokeOnly'];[-1.0974626541137695, -0.5604664087295532, 1.4260863065719604];[0.0658603385090828, 0.11267784237861633, 0.8214618563652039];2;SmokeOnly;True
aihub__lb_none__0175.mp4;360;100;0.04144204198382795;['Fire', 'None', 'SmokeOnly'];[-1.097780704498291, -0.5428829193115234, 1.406475305557251];[0.06677254289388657, 0.11630193889141083, 0.8169255256652832];2;SmokeOnly;True
aihub__lb_none__0175.mp4;360;101;0.04541072098072618;['Fire', 'None', 'SmokeOnly'];[-1.0956398248672485, -0.5423253178596497, 1.4041736125946045];[0.06702758371829987, 0.11656149476766586, 0.8164109587669373];2;SmokeOnly;True
aihub__lb_none__0175.mp4;360;102;0.041287041967734694;['Fire', 'None', 'SmokeOnly'];[-1.1000927686691284, -0.5477166175842285, 1.4163089990615845];[0.06613173335790634, 0.11489571630954742, 0.8189725279808044];2;SmokeOnly;True
aihub__lb_none__0175.mp4;360;103;0.04129269497934729;['Fire', 'None', 'SmokeOnly'];[-1.0988658666610718, -0.5379871726036072, 1.4016776084899902];[0.0669284462928772, 0.11727280169725418, 0.8157987594604492];2;SmokeOnly;True
aihub__lb_none__0175.mp4;360;104;0.04214663908351213;['Fire', 'None', 'SmokeOnly'];[-1.1030182838439941, -0.5308535695075989, 1.3981629610061646];[0.06680476665496826, 0.11838465929031372, 0.8148106336593628];2;SmokeOnly;True
aihub__lb_none__0175.mp4;360;105;0.051932804053649306;['Fire', 'None', 'SmokeOnly'];[-1.1016590595245361, -0.5324187874794006, 1.3988821506500244];[0.06686273962259293, 0.11814141273498535, 0.8149959444999695];2;SmokeOnly;True
aihub__lb_none__0175.mp4;360;106;0.04879172099754214;['Fire', 'None', 'SmokeOnly'];[-1.0974104404449463, -0.545830249786377, 1.4095574617385864];[0.06665034592151642, 0.11570461839437485, 0.8176450133323669];2;SmokeOnly;True
aihub__lb_none__0175.mp4;360;107;0.04406126600224525;['Fire', 'None', 'SmokeOnly'];[-1.0919283628463745, -0.5477455258369446, 1.4047709703445435];[0.06726963073015213, 0.11591898649930954, 0.8168113827705383];2;SmokeOnly;True
aihub__lb_none__0175.mp4;360;108;0.05071370804216713;['Fire', 'None', 'SmokeOnly'];[-1.0934828519821167, -0.5455906987190247, 1.4046047925949097];[0.06716448068618774, 0.11616791784763336, 0.8166676163673401];2;SmokeOnly;True
aihub__lb_none__0175.mp4;360;109;0.04389997199177742;['Fire', 'None', 'SmokeOnly'];[-1.0787370204925537, -0.5745634436607361, 1.4244481325149536];[0.06721796095371246, 0.1112871915102005, 0.8214948773384094];2;SmokeOnly;True
aihub__lb_none__0175.mp4;360;110;0.04076550097670406;['Fire', 'None', 'SmokeOnly'];[-1.064687967300415, -0.5504582524299622, 1.3735681772232056];[0.07079444825649261, 0.11839308589696884, 0.8108125329017639];2;SmokeOnly;True
aihub__lb_none__0175.mp4;360;111;0.042583478963933885;['Fire', 'None', 'SmokeOnly'];[-1.0728687047958374, -0.5547023415565491, 1.3837459087371826];[0.06971459835767746, 0.11704705655574799, 0.8132383227348328];2;SmokeOnly;True
aihub__lb_none__0175.mp4;360;112;0.04082716000266373;['Fire', 'None', 'SmokeOnly'];[-1.0713361501693726, -0.5420414805412292, 1.3701127767562866];[0.07048501819372177, 0.11966485530138016, 0.8098500967025757];2;SmokeOnly;True
aihub__lb_none__0175.mp4;360;113;0.046969476039521396;['Fire', 'None', 'SmokeOnly'];[-1.0681679248809814, -0.5396965742111206, 1.3637776374816895];[0.07103614509105682, 0.12050126492977142, 0.8084626197814941];2;SmokeOnly;True
aihub__lb_none__0175.mp4;360;114;0.04069008200895041;['Fire', 'None', 'SmokeOnly'];[-1.0720158815383911, -0.5527602434158325, 1.3851498365402222];[0.06967446953058243, 0.11710719019174576, 0.8132184147834778];2;SmokeOnly;True
aihub__lb_none__0175.mp4;360;115;0.039822426973842084;['Fire', 'None', 'SmokeOnly'];[-1.0716361999511719, -0.5518350601196289, 1.383201003074646];[0.06980202347040176, 0.11738559603691101, 0.8128123879432678];2;SmokeOnly;True
aihub__lb_none__0175.mp4;360;116;0.040243466035462916;['Fire', 'None', 'SmokeOnly'];[-1.0719294548034668, -0.5562509298324585, 1.3893786668777466];[0.06946901232004166, 0.11634492874145508, 0.8141859769821167];2;SmokeOnly;True
aihub__lb_none__0175.mp4;360;117;0.04010918003041297;['Fire', 'None', 'SmokeOnly'];[-1.073183298110962, -0.5514832735061646, 1.3849210739135742];[0.06960136443376541, 0.11727061867713928, 0.8131280541419983];2;SmokeOnly;True
aihub__lb_none__0175.mp4;360;118;0.04115050798282027;['Fire', 'None', 'SmokeOnly'];[-1.0725253820419312, -0.5522744059562683, 1.3855003118515015];[0.06961763650178909, 0.11712819337844849, 0.8132541179656982];2;SmokeOnly;True
aihub__lb_none__0175.mp4;360;119;0.04589176911395043;['Fire', 'None', 'SmokeOnly'];[-1.0736128091812134, -0.5462961792945862, 1.3798182010650635];[0.06981994211673737, 0.11830149590969086, 0.811878502368927];2;SmokeOnly;True
aihub__lb_none__0175.mp4;360;120;0.04325432004407048;['Fire', 'None', 'SmokeOnly'];[-1.0405701398849487, -0.4567798376083374, 1.2343616485595703];[0.07987170666456223, 0.14319568872451782, 0.7769325971603394];2;SmokeOnly;True
aihub__lb_none__0175.mp4;360;121;0.04525893507525325;['Fire', 'None', 'SmokeOnly'];[-1.0623509883880615, -0.5081712603569031, 1.3300460577011108];[0.07309836894273758, 0.12722863256931305, 0.7996730804443359];2;SmokeOnly;True
aihub__lb_none__0175.mp4;360;122;0.047220699954777956;['Fire', 'None', 'SmokeOnly'];[-1.0487713813781738, -0.4716089367866516, 1.2621480226516724];[0.07773227989673615, 0.13843943178653717, 0.7838281989097595];2;SmokeOnly;True
aihub__lb_none__0175.mp4;360;123;0.04088257404509932;['Fire', 'None', 'SmokeOnly'];[-1.0518348217010498, -0.48494094610214233, 1.2803744077682495];[0.07654943317174911, 0.1349400281906128, 0.7885105609893799];2;SmokeOnly;True
aihub__lb_none__0175.mp4;360;124;0.040920955943875015;['Fire', 'None', 'SmokeOnly'];[-1.0496320724487305, -0.48250043392181396, 1.278052806854248];[0.07682038098573685, 0.13544988632202148, 0.7877296805381775];2;SmokeOnly;True
aihub__lb_none__0175.mp4;360;125;0.04061846691183746;['Fire', 'None', 'SmokeOnly'];[-1.0439972877502441, -0.5028221011161804, 1.2948108911514282];[0.07641232013702393, 0.13127824664115906, 0.7923094630241394];2;SmokeOnly;True
aihub__lb_none__0175.mp4;360;126;0.04120069195050746;['Fire', 'None', 'SmokeOnly'];[-1.0378749370574951, -0.5203153491020203, 1.3069021701812744];[0.07628419995307922, 0.12799936532974243, 0.795716404914856];2;SmokeOnly;True
aihub__lb_none__0175.mp4;360;127;0.03975852602161467;['Fire', 'None', 'SmokeOnly'];[-1.0386388301849365, -0.5178463459014893, 1.3048293590545654];[0.07633200287818909, 0.12849433720111847, 0.7951736450195312];2;SmokeOnly;True
aihub__lb_none__0175.mp4;360;128;0.04079815302975476;['Fire', 'None', 'SmokeOnly'];[-1.0349799394607544, -0.5047934055328369, 1.2875292301177979];[0.07751643657684326, 0.13171976804733276, 0.790763795375824];2;SmokeOnly;True
aihub__lb_none__0175.mp4;360;129;0.04319392901379615;['Fire', 'None', 'SmokeOnly'];[-1.0364128351211548, -0.5016056299209595, 1.2841193675994873];[0.07759027928113937, 0.13245585560798645, 0.7899538278579712];2;SmokeOnly;True
aihub__lb_none__0175.mp4;360;130;0.041045353980734944;['Fire', 'None', 'SmokeOnly'];[-1.0355682373046875, -0.5061976909637451, 1.2891696691513062];[0.0773882120847702, 0.131394624710083, 0.7912172079086304];2;SmokeOnly;True
aihub__lb_none__0175.mp4;360;131;0.04139101004693657;['Fire', 'None', 'SmokeOnly'];[-1.0371813774108887, -0.5014451742172241, 1.285192847251892];[0.0774679109454155, 0.13236989080905914, 0.7901621460914612];2;SmokeOnly;True
aihub__lb_none__0175.mp4;360;132;0.04173273197375238;['Fire', 'None', 'SmokeOnly'];[-1.0401197671890259, -0.5023005604743958, 1.2895554304122925];[0.07700083404779434, 0.1318461149930954, 0.791153073310852];2;SmokeOnly;True
aihub__lb_none__0175.mp4;360;133;0.04163704195525497;['Fire', 'None', 'SmokeOnly'];[-1.0587055683135986, -0.49846142530441284, 1.3126155138015747];[0.07427965849637985, 0.13007111847400665, 0.7956491708755493];2;SmokeOnly;True
aihub__lb_none__0175.mp4;360;134;0.0436069939751178;['Fire', 'None', 'SmokeOnly'];[-1.0480914115905762, -0.4788414239883423, 1.2707574367523193];[0.07733409106731415, 0.13664479553699493, 0.7860211730003357];2;SmokeOnly;True
aihub__lb_none__0175.mp4;360;135;0.04487383202649653;['Fire', 'None', 'SmokeOnly'];[-1.0579642057418823, -0.484509140253067, 1.2876627445220947];[0.07567615061998367, 0.1342787742614746, 0.7900450229644775];2;SmokeOnly;True
aihub__lb_none__0175.mp4;360;136;0.04563329799566418;['Fire', 'None', 'SmokeOnly'];[-1.0582170486450195, -0.4870394170284271, 1.2933851480484009];[0.07534243911504745, 0.13338251411914825, 0.7912750244140625];2;SmokeOnly;True
aihub__lb_none__0175.mp4;360;137;0.04657670110464096;['Fire', 'None', 'SmokeOnly'];[-1.0591456890106201, -0.48546746373176575, 1.2919155359268188];[0.07534950971603394, 0.13372905552387238, 0.7909214496612549];2;SmokeOnly;True
aihub__lb_none__0175.mp4;360;138;0.0524851760128513;['Fire', 'None', 'SmokeOnly'];[-1.0597538948059082, -0.486275851726532, 1.2937239408493042];[0.07520759105682373, 0.1334504783153534, 0.7913419008255005];2;SmokeOnly;True
aihub__lb_none__0175.mp4;360;139;0.05014075501821935;['Fire', 'None', 'SmokeOnly'];[-1.0624618530273438, -0.4775117039680481, 1.2875038385391235];[0.07530058175325394, 0.13515710830688477, 0.7895423769950867];2;SmokeOnly;True
aihub__lb_none__0175.mp4;360;140;0.04305911192204803;['Fire', 'None', 'SmokeOnly'];[-1.0605056285858154, -0.4803915023803711, 1.2886464595794678];[0.07539815455675125, 0.13467936217784882, 0.7899224758148193];2;SmokeOnly;True
aihub__lb_none__0175.mp4;360;141;0.04226254008244723;['Fire', 'None', 'SmokeOnly'];[-1.0595722198486328, -0.4789668619632721, 1.28534734249115];[0.07564551383256912, 0.13518762588500977, 0.7891668677330017];2;SmokeOnly;True
aihub__lb_none__0175.mp4;360;142;0.042421067017130554;['Fire', 'None', 'SmokeOnly'];[-1.0578222274780273, -0.4830244183540344, 1.2895421981811523];[0.07555869966745377, 0.13425055146217346, 0.7901907563209534];2;SmokeOnly;True
aihub__lb_none__0175.mp4;360;143;0.0400810040300712;['Fire', 'None', 'SmokeOnly'];[-1.0558685064315796, -0.4860121011734009, 1.2902007102966309];[0.07568620145320892, 0.13381420075893402, 0.7904996275901794];2;SmokeOnly;True
aihub__lb_none__0175.mp4;360;144;0.04063962597865611;['Fire', 'None', 'SmokeOnly'];[-1.0552042722702026, -0.49417686462402344, 1.2989696264266968];[0.07529044151306152, 0.13194438815116882, 0.7927651405334473];2;SmokeOnly;True
aihub__lb_none__0175.mp4;360;145;0.041593448957428336;['Fire', 'None', 'SmokeOnly'];[-1.0487189292907715, -0.5223528146743774, 1.330808162689209];[0.07411489635705948, 0.1254594624042511, 0.80042564868927];2;SmokeOnly;True
aihub__lb_none__0175.mp4;360;146;0.0399258789839223;['Fire', 'None', 'SmokeOnly'];[-1.034865140914917, -0.4853407144546509, 1.2640823125839233];[0.07876423746347427, 0.13645341992378235, 0.7847822904586792];2;SmokeOnly;True
aihub__lb_none__0175.mp4;360;147;0.04740410705562681;['Fire', 'None', 'SmokeOnly'];[-1.0433332920074463, -0.4973579943180084, 1.2861310243606567];[0.07693059742450714, 0.13280464708805084, 0.7902647852897644];2;SmokeOnly;True
aihub__lb_none__0175.mp4;360;148;0.04188434896059334;['Fire', 'None', 'SmokeOnly'];[-1.0423336029052734, -0.497725248336792, 1.288596510887146];[0.07685543596744537, 0.13249364495277405, 0.7906508445739746];2;SmokeOnly;True
aihub__lb_none__0175.mp4;360;149;0.042918232968077064;['Fire', 'None', 'SmokeOnly'];[-1.0453698635101318, -0.5011138319969177, 1.295085072517395];[0.07628180086612701, 0.13145841658115387, 0.7922598123550415];2;SmokeOnly;True
aihub__lb_none__0175.mp4;360;150;0.04635087202768773;['Fire', 'None', 'SmokeOnly'];[-1.29878568649292, -0.2700895071029663, 1.437025785446167];[0.05203003063797951, 0.14554965496063232, 0.8024203181266785];2;SmokeOnly;True
aihub__lb_none__0175.mp4;360;151;0.0471132070524618;['Fire', 'None', 'SmokeOnly'];[-1.3089543581008911, -0.38120704889297485, 1.5742911100387573];[0.046726811677217484, 0.11816304177045822, 0.8351101279258728];2;SmokeOnly;True
aihub__lb_none__0175.mp4;360;152;0.042383003048598766;['Fire', 'None', 'SmokeOnly'];[-1.2991336584091187, -0.4423098564147949, 1.6360323429107666];[0.04508507251739502, 0.10620538890361786, 0.8487095832824707];2;SmokeOnly;True
aihub__lb_none__0175.mp4;360;153;0.044510207953862846;['Fire', 'None', 'SmokeOnly'];[-1.2990270853042603, -0.4003082811832428, 1.5825492143630981];[0.04695093631744385, 0.11533280462026596, 0.8377162218093872];2;SmokeOnly;True
aihub__lb_none__0175.mp4;360;154;0.04421845800243318;['Fire', 'None', 'SmokeOnly'];[-1.2975590229034424, -0.4174198508262634, 1.5974498987197876];[0.046522658318281174, 0.11217710375785828, 0.8413002490997314];2;SmokeOnly;True
aihub__lb_none__0175.mp4;360;155;0.0449364569503814;['Fire', 'None', 'SmokeOnly'];[-1.2938077449798584, -0.4430678188800812, 1.6221314668655396];[0.045855723321437836, 0.10736559331417084, 0.8467786312103271];2;SmokeOnly;True
aihub__lb_none__0175.mp4;360;156;0.0412727789953351;['Fire', 'None', 'SmokeOnly'];[-1.2919237613677979, -0.43808555603027344, 1.6128402948379517];[0.04627577215433121, 0.10868535190820694, 0.845038890838623];2;SmokeOnly;True
aihub__lb_none__0175.mp4;360;157;0.041440982022322714;['Fire', 'None', 'SmokeOnly'];[-1.2280577421188354, -0.3593199551105499, 1.4378024339675903];[0.05629294365644455, 0.13419675827026367, 0.8095102310180664];2;SmokeOnly;True
aihub__lb_none__0175.mp4;360;158;0.042063183966092765;['Fire', 'None', 'SmokeOnly'];[-1.2264736890792847, -0.3566043972969055, 1.434655785560608];[0.05650021880865097, 0.1348433643579483, 0.8086563348770142];2;SmokeOnly;True
aihub__lb_none__0175.mp4;360;159;0.0406794969458133;['Fire', 'None', 'SmokeOnly'];[-1.2191449403762817, -0.34753087162971497, 1.405877947807312];[0.05815421789884567, 0.13903316855430603, 0.8028125762939453];2;SmokeOnly;True
aihub__lb_none__0175.mp4;360;160;0.040553716011345387;['Fire', 'None', 'SmokeOnly'];[-1.2196285724639893, -0.3532659709453583, 1.41446053981781];[0.05777387320995331, 0.13740038871765137, 0.8048256635665894];2;SmokeOnly;True
aihub__lb_none__0175.mp4;360;161;0.04122440190985799;['Fire', 'None', 'SmokeOnly'];[-1.218837857246399, -0.3308854103088379, 1.392374873161316];[0.058665819466114044, 0.14256666600704193, 0.7987675666809082];2;SmokeOnly;True
aihub__lb_none__0175.mp4;360;162;0.04077561304438859;['Fire', 'None', 'SmokeOnly'];[-1.2190157175064087, -0.334735631942749, 1.3989158868789673];[0.05838194116950035, 0.14135673642158508, 0.8002613186836243];2;SmokeOnly;True
aihub__lb_none__0175.mp4;360;163;0.04230464401189238;['Fire', 'None', 'SmokeOnly'];[-1.2134648561477661, -0.35345423221588135, 1.4105802774429321];[0.058293454349040985, 0.137758269906044, 0.8039482831954956];2;SmokeOnly;True
aihub__lb_none__0175.mp4;360;164;0.04217779997270554;['Fire', 'None', 'SmokeOnly'];[-1.216658353805542, -0.3590138852596283, 1.4185603857040405];[0.05779023468494415, 0.13624627888202667, 0.8059634566307068];2;SmokeOnly;True
aihub__lb_none__0175.mp4;360;165;0.048952381941489875;['Fire', 'None', 'SmokeOnly'];[-1.2158091068267822, -0.33726972341537476, 1.3931032419204712];[0.058852434158325195, 0.14168024063110352, 0.7994672656059265];2;SmokeOnly;True
aihub__lb_none__0175.mp4;360;166;0.04483906493987888;['Fire', 'None', 'SmokeOnly'];[-1.217797875404358, -0.3484196364879608, 1.4076170921325684];[0.05815397575497627, 0.13872206211090088, 0.803123950958252];2;SmokeOnly;True
aihub__lb_none__0175.mp4;360;167;0.04477091203443706;['Fire', 'None', 'SmokeOnly'];[-1.2225165367126465, -0.3202192187309265, 1.381942868232727];[0.05886102095246315, 0.14510773122310638, 0.7960312366485596];2;SmokeOnly;True
aihub__lb_none__0175.mp4;360;168;0.043497693026438355;['Fire', 'None', 'SmokeOnly'];[-1.2264472246170044, -0.34231483936309814, 1.4125120639801025];[0.057406891137361526, 0.1389753818511963, 0.8036177158355713];2;SmokeOnly;True
aihub__lb_none__0175.mp4;360;169;0.045597785036079586;['Fire', 'None', 'SmokeOnly'];[-1.2291885614395142, -0.32028135657310486, 1.3937362432479858];[0.05794559791684151, 0.1437983214855194, 0.7982560396194458];2;SmokeOnly;True
aihub__lb_none__0175.mp4;360;170;0.046306747011840343;['Fire', 'None', 'SmokeOnly'];[-1.2301820516586304, -0.3318227529525757, 1.407407522201538];[0.05735577270388603, 0.14084117114543915, 0.8018030524253845];2;SmokeOnly;True
aihub__lb_none__0175.mp4;360;171;0.041988014010712504;['Fire', 'None', 'SmokeOnly'];[-1.2289607524871826, -0.35378924012184143, 1.4280742406845093];[0.05664679408073425, 0.13591189682483673, 0.807441234588623];2;SmokeOnly;True
aihub__lb_none__0175.mp4;360;172;0.047242920962162316;['Fire', 'None', 'SmokeOnly'];[-1.2294161319732666, -0.3626555800437927, 1.440592646598816];[0.05611897259950638, 0.13351774215698242, 0.810363233089447];2;SmokeOnly;True
aihub__lb_none__0175.mp4;360;173;0.045000676065683365;['Fire', 'None', 'SmokeOnly'];[-1.2274727821350098, -0.36466971039772034, 1.4387036561965942];[0.05632326006889343, 0.13347451388835907, 0.8102022409439087];2;SmokeOnly;True
aihub__lb_none__0175.mp4;360;174;0.04413754597771913;['Fire', 'None', 'SmokeOnly'];[-1.2257249355316162, -0.394103080034256, 1.4671125411987305];[0.055338576436042786, 0.12711498141288757, 0.8175464868545532];2;SmokeOnly;True
aihub__lb_none__0175.mp4;360;175;0.04592834401410073;['Fire', 'None', 'SmokeOnly'];[-1.2213280200958252, -0.3899172842502594, 1.457098364830017];[0.05599507316946983, 0.12859582901000977, 0.8154091238975525];2;SmokeOnly;True
aihub__lb_none__0175.mp4;360;176;0.04388077603653073;['Fire', 'None', 'SmokeOnly'];[-1.2199606895446777, -0.4085821509361267, 1.474806547164917];[0.05539221316576004, 0.12468834966421127, 0.8199195265769958];2;SmokeOnly;True
aihub__lb_none__0175.mp4;360;177;0.042585654999129474;['Fire', 'None', 'SmokeOnly'];[-1.217389702796936, -0.38206785917282104, 1.4415080547332764];[0.056863099336624146, 0.1311010718345642, 0.812035858631134];2;SmokeOnly;True
aihub__lb_none__0175.mp4;360;178;0.04840024805162102;['Fire', 'None', 'SmokeOnly'];[-1.2196499109268188, -0.3753860294818878, 1.4411396980285645];[0.056709133088588715, 0.1319204419851303, 0.8113704323768616];2;SmokeOnly;True
aihub__lb_none__0175.mp4;360;179;0.04347409005276859;['Fire', 'None', 'SmokeOnly'];[-1.219564437866211, -0.3614906370639801, 1.4271259307861328];[0.05725447088479996, 0.13504116237163544, 0.8077043890953064];2;SmokeOnly;True
aihub__lb_none__0175.mp4;360;180;0.044081300031393766;['Fire', 'None', 'SmokeOnly'];[-1.2136045694351196, -0.37223100662231445, 1.4307482242584229];[0.05749146267771721, 0.13335439562797546, 0.8091540932655334];2;SmokeOnly;True
aihub__lb_none__0175.mp4;360;181;0.041409722995013;['Fire', 'None', 'SmokeOnly'];[-1.2067344188690186, -0.3805818557739258, 1.4275431632995605];[0.05807958170771599, 0.13268350064754486, 0.8092368841171265];2;SmokeOnly;True
aihub__lb_none__0175.mp4;360;182;0.04360965208616108;['Fire', 'None', 'SmokeOnly'];[-1.195038080215454, -0.4320177733898163, 1.4709752798080444];[0.05705399066209793, 0.12236619740724564, 0.8205798268318176];2;SmokeOnly;True
aihub__lb_none__0175.mp4;360;183;0.04043516598176211;['Fire', 'None', 'SmokeOnly'];[-1.1988929510116577, -0.43099772930145264, 1.4694262742996216];[0.0569121353328228, 0.12265846878290176, 0.8204293847084045];2;SmokeOnly;True
aihub__lb_none__0175.mp4;360;184;0.04106768197380006;['Fire', 'None', 'SmokeOnly'];[-1.2005863189697266, -0.4344896972179413, 1.4788901805877686];[0.056405358016490936, 0.12134778499603271, 0.822246789932251];2;SmokeOnly;True
aihub__lb_none__0175.mp4;360;185;0.045086477999575436;['Fire', 'None', 'SmokeOnly'];[-1.1994364261627197, -0.42106738686561584, 1.4606857299804688];[0.05722148343920708, 0.12462366372346878, 0.8181547522544861];2;SmokeOnly;True
aihub__lb_none__0175.mp4;360;186;0.040763810044154525;['Fire', 'None', 'SmokeOnly'];[-1.2001063823699951, -0.4212852716445923, 1.4618185758590698];[0.05713392049074173, 0.1244892105460167, 0.8183768391609192];2;SmokeOnly;True
aihub__lb_none__0175.mp4;360;187;0.049223294015973806;['Fire', 'None', 'SmokeOnly'];[-1.201451301574707, -0.40264829993247986, 1.4431233406066895];[0.05780234932899475, 0.12848760187625885, 0.8137099742889404];2;SmokeOnly;True
aihub__lb_none__0175.mp4;360;188;0.04208115197252482;['Fire', 'None', 'SmokeOnly'];[-1.2055387496948242, -0.41447651386260986, 1.4633082151412964];[0.05672449618577957, 0.1251193881034851, 0.8181561231613159];2;SmokeOnly;True
aihub__lb_none__0175.mp4;360;189;0.04214260703884065;['Fire', 'None', 'SmokeOnly'];[-1.2062511444091797, -0.39948973059654236, 1.4469910860061646];[0.05733734369277954, 0.12847229838371277, 0.8141903281211853];2;SmokeOnly;True
aihub__lb_none__0175.mp4;360;190;0.040301836910657585;['Fire', 'None', 'SmokeOnly'];[-1.2063390016555786, -0.40852105617523193, 1.4575549364089966];[0.05690626800060272, 0.12637117505073547, 0.816722571849823];2;SmokeOnly;True
aihub__lb_none__0175.mp4;360;191;0.04179461195599288;['Fire', 'None', 'SmokeOnly'];[-1.2081992626190186, -0.39545929431915283, 1.445205569267273];[0.057285625487565994, 0.12912610173225403, 0.8135882019996643];2;SmokeOnly;True
aihub__lb_none__0175.mp4;360;192;0.05098878697026521;['Fire', 'None', 'SmokeOnly'];[-1.2097442150115967, -0.40491488575935364, 1.4564926624298096];[0.05674709752202034, 0.12690436840057373, 0.8163484930992126];2;SmokeOnly;True
aihub__lb_none__0175.mp4;360;193;0.04390331695321947;['Fire', 'None', 'SmokeOnly'];[-1.2170464992523193, -0.4063147008419037, 1.472558617591858];[0.05563154071569443, 0.12514615058898926, 0.8192223310470581];2;SmokeOnly;True
aihub__lb_none__0175.mp4;360;194;0.04515378107316792;['Fire', 'None', 'SmokeOnly'];[-1.2201875448226929, -0.4155355989933014, 1.4873979091644287];[0.054857805371284485, 0.12265755236148834, 0.8224846124649048];2;SmokeOnly;True
aihub__lb_none__0175.mp4;360;195;0.04883021698333323;['Fire', 'None', 'SmokeOnly'];[-1.2175251245498657, -0.41426271200180054, 1.477056860923767];[0.05545652285218239, 0.12382406741380692, 0.8207193613052368];2;SmokeOnly;True
aihub__lb_none__0175.mp4;360;196;0.04573154007084668;['Fire', 'None', 'SmokeOnly'];[-1.2218778133392334, -0.4365101754665375, 1.5085457563400269];[0.053958989679813385, 0.1183435395359993, 0.8276974558830261];2;SmokeOnly;True
aihub__lb_none__0175.mp4;360;197;0.05400548898614943;['Fire', 'None', 'SmokeOnly'];[-1.2222317457199097, -0.41502845287323, 1.4878181219100952];[0.054729584604501724, 0.12268348038196564, 0.8225870132446289];2;SmokeOnly;True
aihub__lb_none__0175.mp4;360;198;0.04375967406667769;['Fire', 'None', 'SmokeOnly'];[-1.2246209383010864, -0.4314795434474945, 1.511070966720581];[0.05367473512887955, 0.11863882839679718, 0.8276864290237427];2;SmokeOnly;True
aihub__lb_none__0175.mp4;360;199;0.045729944948107004;['Fire', 'None', 'SmokeOnly'];[-1.2235939502716064, -0.44634801149368286, 1.5260370969772339];[0.05315661430358887, 0.11564074456691742, 0.8312026262283325];2;SmokeOnly;True
aihub__lb_none__0175.mp4;360;200;0.04736614890862256;['Fire', 'None', 'SmokeOnly'];[-1.2229621410369873, -0.4595066010951996, 1.5407885313034058];[0.05261803790926933, 0.11290134489536285, 0.8344805836677551];2;SmokeOnly;True
aihub__lb_none__0175.mp4;360;201;0.04309207201004028;['Fire', 'None', 'SmokeOnly'];[-1.222481369972229, -0.44976896047592163, 1.5284174680709839];[0.05312838777899742, 0.11505655199289322, 0.8318150639533997];2;SmokeOnly;True
aihub__lb_none__0175.mp4;360;202;0.041538479970768094;['Fire', 'None', 'SmokeOnly'];[-1.2272453308105469, -0.4414913058280945, 1.5262117385864258];[0.052935641258955, 0.11614400148391724, 0.8309203386306763];2;SmokeOnly;True
aihub__lb_none__0175.mp4;360;203;0.04200130410026759;['Fire', 'None', 'SmokeOnly'];[-1.2265757322311401, -0.44900262355804443, 1.5322778224945068];[0.05274839699268341, 0.11479022353887558, 0.8324613571166992];2;SmokeOnly;True
aihub__lb_none__0175.mp4;360;204;0.04263275698758662;['Fire', 'None', 'SmokeOnly'];[-1.2271971702575684, -0.4642477333545685, 1.5494071245193481];[0.05205901712179184, 0.11164534091949463, 0.8362956047058105];2;SmokeOnly;True
aihub__lb_none__0175.mp4;360;205;0.0459035710664466;['Fire', 'None', 'SmokeOnly'];[-1.2243659496307373, -0.42195776104927063, 1.4962577819824219];[0.05428675189614296, 0.12110868841409683, 0.8246045708656311];2;SmokeOnly;True
aihub__lb_none__0175.mp4;360;206;0.042198745999485254;['Fire', 'None', 'SmokeOnly'];[-1.229009985923767, -0.4353085160255432, 1.5177539587020874];[0.053181130439043045, 0.11761365085840225, 0.8292052149772644];2;SmokeOnly;True
aihub__lb_none__0175.mp4;360;207;0.04298479203134775;['Fire', 'None', 'SmokeOnly'];[-1.224548578262329, -0.4307549297809601, 1.5023181438446045];[0.05406372249126434, 0.119576595723629, 0.8263596892356873];2;SmokeOnly;True
aihub__lb_none__0175.mp4;360;208;0.04765694297384471;['Fire', 'None', 'SmokeOnly'];[-1.2271941900253296, -0.4422316551208496, 1.5205504894256592];[0.053192298859357834, 0.11661477386951447, 0.8301929235458374];2;SmokeOnly;True
aihub__lb_none__0175.mp4;360;209;0.04502109007444233;['Fire', 'None', 'SmokeOnly'];[-1.222775936126709, -0.4344311058521271, 1.504828929901123];[0.05406586080789566, 0.11893151700496674, 0.8270025849342346];2;SmokeOnly;True
aihub__lb_none__0175.mp4;360;210;0.0552504250081256;['Fire', 'None', 'SmokeOnly'];[-1.2260632514953613, -0.3416909873485565, 1.4309052228927612];[0.05657874792814255, 0.13700340688228607, 0.8064178228378296];2;SmokeOnly;True
aihub__lb_none__0175.mp4;360;211;0.04226594197098166;['Fire', 'None', 'SmokeOnly'];[-1.2217059135437012, -0.32953062653541565, 1.4101141691207886];[0.057671867311000824, 0.14074431359767914, 0.8015838861465454];2;SmokeOnly;True
aihub__lb_none__0175.mp4;360;212;0.04485150508116931;['Fire', 'None', 'SmokeOnly'];[-1.2244460582733154, -0.3223804533481598, 1.40791654586792];[0.05756630003452301, 0.1418830007314682, 0.8005506992340088];2;SmokeOnly;True
aihub__lb_none__0175.mp4;360;213;0.04416146804578602;['Fire', 'None', 'SmokeOnly'];[-1.2183877229690552, -0.28517580032348633, 1.3570382595062256];[0.059953562915325165, 0.15244169533252716, 0.7876047492027283];2;SmokeOnly;True
aihub__lb_none__0175.mp4;360;214;0.044469060958363116;['Fire', 'None', 'SmokeOnly'];[-1.2240445613861084, -0.2946363687515259, 1.375778079032898];[0.05884305760264397, 0.1490500271320343, 0.7921069264411926];2;SmokeOnly;True
aihub__lb_none__0175.mp4;360;215;0.04867487994488329;['Fire', 'None', 'SmokeOnly'];[-1.2252075672149658, -0.280791699886322, 1.3611730337142944];[0.059336885809898376, 0.1525735706090927, 0.7880894541740417];2;SmokeOnly;True
aihub__lb_none__0175.mp4;360;216;0.04097433004062623;['Fire', 'None', 'SmokeOnly'];[-1.224653720855713, -0.30735719203948975, 1.389364242553711];[0.058287568390369415, 0.1458655595779419, 0.7958468794822693];2;SmokeOnly;True
aihub__lb_none__0175.mp4;360;217;0.041234822012484074;['Fire', 'None', 'SmokeOnly'];[-1.2106897830963135, -0.3282424211502075, 1.3795785903930664];[0.05970092862844467, 0.144285649061203, 0.7960134148597717];2;SmokeOnly;True
aihub__lb_none__0175.mp4;360;218;0.042025546077638865;['Fire', 'None', 'SmokeOnly'];[-1.2079635858535767, -0.36061891913414, 1.4105517864227295];[0.058655183762311935, 0.13686852157115936, 0.804476261138916];2;SmokeOnly;True
aihub__lb_none__0175.mp4;360;219;0.04541990696452558;['Fire', 'None', 'SmokeOnly'];[-1.206088662147522, -0.3493672013282776, 1.3919332027435303];[0.05955018475651741, 0.1402660608291626, 0.8001837730407715];2;SmokeOnly;True
aihub__lb_none__0175.mp4;360;220;0.044299475965090096;['Fire', 'None', 'SmokeOnly'];[-1.2050728797912598, -0.3944058418273926, 1.4440226554870605];[0.05750215798616409, 0.1293458193540573, 0.813152015209198];2;SmokeOnly;True
aihub__lb_none__0175.mp4;360;221;0.04624507995322347;['Fire', 'None', 'SmokeOnly'];[-1.2020173072814941, -0.3763015866279602, 1.415115475654602];[0.05889313295483589, 0.13448330760002136, 0.8066235780715942];2;SmokeOnly;True
aihub__lb_none__0175.mp4;360;222;0.04832082393113524;['Fire', 'None', 'SmokeOnly'];[-1.2075163125991821, -0.38428646326065063, 1.4303243160247803];[0.05793466046452522, 0.13196620345115662, 0.8100991249084473];2;SmokeOnly;True
aihub__lb_none__0175.mp4;360;223;0.0446661839960143;['Fire', 'None', 'SmokeOnly'];[-1.2070367336273193, -0.36147814989089966, 1.4054304361343384];[0.05895557627081871, 0.13732397556304932, 0.8037204742431641];2;SmokeOnly;True
aihub__lb_none__0175.mp4;360;224;0.04540204501245171;['Fire', 'None', 'SmokeOnly'];[-1.2108783721923828, -0.37514355778694153, 1.4262070655822754];[0.057873960584402084, 0.1334867775440216, 0.8086392879486084];2;SmokeOnly;True
aihub__lb_none__0175.mp4;360;225;0.048112431075423956;['Fire', 'None', 'SmokeOnly'];[-1.2078737020492554, -0.34677720069885254, 1.3930858373641968];[0.059373900294303894, 0.14046400785446167, 0.8001620769500732];2;SmokeOnly;True
aihub__lb_none__0175.mp4;360;226;0.04880703892558813;['Fire', 'None', 'SmokeOnly'];[-1.2104942798614502, -0.36567986011505127, 1.4175366163253784];[0.05822748318314552, 0.1355271190404892, 0.8062454462051392];2;SmokeOnly;True
aihub__lb_none__0175.mp4;360;227;0.04377168801147491;['Fire', 'None', 'SmokeOnly'];[-1.2084121704101562, -0.35281068086624146, 1.4000840187072754];[0.059061843901872635, 0.138960063457489, 0.8019780516624451];2;SmokeOnly;True
aihub__lb_none__0175.mp4;360;228;0.04151402600109577;['Fire', 'None', 'SmokeOnly'];[-1.2093172073364258, -0.3764418959617615, 1.428209662437439];[0.057875342667102814, 0.13310882449150085, 0.8090158104896545];2;SmokeOnly;True
aihub__lb_none__0175.mp4;360;229;0.041038762079551816;['Fire', 'None', 'SmokeOnly'];[-1.212058663368225, -0.34681713581085205, 1.4041558504104614];[0.058618687093257904, 0.1392533779144287, 0.8021278977394104];2;SmokeOnly;True
aihub__lb_none__0175.mp4;360;230;0.049574477947317064;['Fire', 'None', 'SmokeOnly'];[-1.2108592987060547, -0.36981070041656494, 1.425550937652588];[0.057864390313625336, 0.13417577743530273, 0.8079599142074585];2;SmokeOnly;True
aihub__lb_none__0175.mp4;360;231;0.04093148198444396;['Fire', 'None', 'SmokeOnly'];[-1.2050867080688477, -0.37257787585258484, 1.4152207374572754];[0.058688804507255554, 0.13493020832538605, 0.8063809871673584];2;SmokeOnly;True
aihub__lb_none__0175.mp4;360;232;0.040658976999111474;['Fire', 'None', 'SmokeOnly'];[-1.2056888341903687, -0.3943193554878235, 1.449103593826294];[0.05723109096288681, 0.12882651388645172, 0.8139423727989197];2;SmokeOnly;True
aihub__lb_none__0175.mp4;360;233;0.04041974991559982;['Fire', 'None', 'SmokeOnly'];[-1.2027322053909302, -0.38093942403793335, 1.4295984506607056];[0.05820479616522789, 0.13239111006259918, 0.8094041347503662];2;SmokeOnly;True
aihub__lb_none__0175.mp4;360;234;0.045074995956383646;['Fire', 'None', 'SmokeOnly'];[-1.204506278038025, -0.3969915509223938, 1.4537442922592163];[0.0570983849465847, 0.12803331017494202, 0.8148682117462158];2;SmokeOnly;True
aihub__lb_none__0175.mp4;360;235;0.04209837701637298;['Fire', 'None', 'SmokeOnly'];[-1.2073780298233032, -0.3972909152507782, 1.4532986879348755];[0.05696684494614601, 0.12806738913059235, 0.8149658441543579];2;SmokeOnly;True
aihub__lb_none__0175.mp4;360;236;0.04099580692127347;['Fire', 'None', 'SmokeOnly'];[-1.207331895828247, -0.418515145778656, 1.4789741039276123];[0.055934201925992966, 0.12309947609901428, 0.8209663033485413];2;SmokeOnly;True
aihub__lb_none__0175.mp4;360;237;0.04981593799311668;['Fire', 'None', 'SmokeOnly'];[-1.2051544189453125, -0.4090481102466583, 1.4600956439971924];[0.056855544447898865, 0.12604260444641113, 0.8171018958091736];2;SmokeOnly;True
aihub__lb_none__0175.mp4;360;238;0.041530505986884236;['Fire', 'None', 'SmokeOnly'];[-1.2043499946594238, -0.4296468496322632, 1.4839059114456177];[0.055941082537174225, 0.12138920277357101, 0.8226696848869324];2;SmokeOnly;True
aihub__lb_none__0175.mp4;360;239;0.0440853409236297;['Fire', 'None', 'SmokeOnly'];[-1.2057909965515137, -0.41398030519485474, 1.4658644199371338];[0.05658898875117302, 0.12491396814584732, 0.8184970617294312];2;SmokeOnly;True
aihub__lb_none__0175.mp4;360;240;0.041040782001800835;['Fire', 'None', 'SmokeOnly'];[-1.205498218536377, -0.44365349411964417, 1.500893473625183];[0.055195651948451996, 0.11824148148298264, 0.8265628814697266];2;SmokeOnly;True
aihub__lb_none__0175.mp4;360;241;0.03936460008844733;['Fire', 'None', 'SmokeOnly'];[-1.202547311782837, -0.40175873041152954, 1.448796272277832];[0.05747005715966225, 0.12800288200378418, 0.8145270347595215];2;SmokeOnly;True
aihub__lb_none__0175.mp4;360;242;0.03936906496528536;['Fire', 'None', 'SmokeOnly'];[-1.201449990272522, -0.42021843791007996, 1.4679054021835327];[0.05677036568522453, 0.1239955872297287, 0.8192340731620789];2;SmokeOnly;True
aihub__lb_none__0175.mp4;360;243;0.03947273106314242;['Fire', 'None', 'SmokeOnly'];[-1.188602328300476, -0.4525495171546936, 1.4861444234848022];[0.05682995915412903, 0.11864268779754639, 0.824527382850647];2;SmokeOnly;True
aihub__lb_none__0175.mp4;360;244;0.041409616940654814;['Fire', 'None', 'SmokeOnly'];[-1.1843891143798828, -0.48756325244903564, 1.5197852849960327];[0.05571232736110687, 0.11183532327413559, 0.8324523568153381];2;SmokeOnly;True
aihub__lb_none__0175.mp4;360;245;0.04475464404094964;['Fire', 'None', 'SmokeOnly'];[-1.1813015937805176, -0.4546046853065491, 1.4798555374145508];[0.05753382295370102, 0.11899363994598389, 0.8234724998474121];2;SmokeOnly;True
aihub__lb_none__0175.mp4;360;246;0.04064217710401863;['Fire', 'None', 'SmokeOnly'];[-1.1793321371078491, -0.484688937664032, 1.5125455856323242];[0.05629882961511612, 0.11276624351739883, 0.830935001373291];2;SmokeOnly;True
aihub__lb_none__0175.mp4;360;247;0.049196713021956384;['Fire', 'None', 'SmokeOnly'];[-1.1818296909332275, -0.4800478518009186, 1.5096750259399414];[0.056270815432071686, 0.11351758986711502, 0.8302116394042969];2;SmokeOnly;True
aihub__lb_none__0175.mp4;360;248;0.041517746984027326;['Fire', 'None', 'SmokeOnly'];[-1.1871991157531738, -0.490134060382843, 1.5309118032455444];[0.0550675205886364, 0.11056739091873169, 0.8343651294708252];2;SmokeOnly;True
aihub__lb_none__0175.mp4;360;249;0.042339093051850796;['Fire', 'None', 'SmokeOnly'];[-1.1902451515197754, -0.46797236800193787, 1.5100505352020264];[0.05573129653930664, 0.11475673317909241, 0.8295119404792786];2;SmokeOnly;True
aihub__lb_none__0175.mp4;360;250;0.04089692700654268;['Fire', 'None', 'SmokeOnly'];[-1.1923786401748657, -0.46921151876449585, 1.5168993473052979];[0.05531162768602371, 0.1139945238828659, 0.8306938409805298];2;SmokeOnly;True
aihub__lb_none__0175.mp4;360;251;0.04347334604244679;['Fire', 'None', 'SmokeOnly'];[-1.19184410572052, -0.4536813497543335, 1.4970427751541138];[0.05615651234984398, 0.11748437583446503, 0.8263591527938843];2;SmokeOnly;True
aihub__lb_none__0175.mp4;360;252;0.0505638140020892;['Fire', 'None', 'SmokeOnly'];[-1.1916148662567139, -0.4687461853027344, 1.5154097080230713];[0.05541714280843735, 0.1141778826713562, 0.830405056476593];2;SmokeOnly;True
aihub__lb_none__0175.mp4;360;253;0.04708673304412514;['Fire', 'None', 'SmokeOnly'];[-1.1905100345611572, -0.4953691363334656, 1.545347809791565];[0.054268307983875275, 0.10875324159860611, 0.8369784355163574];2;SmokeOnly;True
aihub__lb_none__0175.mp4;360;254;0.04382229701150209;['Fire', 'None', 'SmokeOnly'];[-1.1888197660446167, -0.4949912130832672, 1.5402674674987793];[0.05458436906337738, 0.10924314707517624, 0.8361724019050598];2;SmokeOnly;True
aihub__lb_none__0175.mp4;360;255;0.045359515002928674;['Fire', 'None', 'SmokeOnly'];[-1.1860398054122925, -0.5114732384681702, 1.5538614988327026];[0.054204534739255905, 0.1064133569598198, 0.8393820524215698];2;SmokeOnly;True
aihub__lb_none__0175.mp4;360;256;0.04248337203171104;['Fire', 'None', 'SmokeOnly'];[-1.1903972625732422, -0.4989578127861023, 1.5428078174591064];[0.054410822689533234, 0.10863596200942993, 0.8369532227516174];2;SmokeOnly;True
aihub__lb_none__0175.mp4;360;257;0.04443610098678619;['Fire', 'None', 'SmokeOnly'];[-1.1861928701400757, -0.48244422674179077, 1.5175648927688599];[0.05568838119506836, 0.11256381124258041, 0.831747829914093];2;SmokeOnly;True
aihub__lb_none__0175.mp4;360;258;0.04038732103072107;['Fire', 'None', 'SmokeOnly'];[-1.1853342056274414, -0.5035690069198608, 1.5434138774871826];[0.05467149615287781, 0.10810551047325134, 0.8372230529785156];2;SmokeOnly;True
aihub__lb_none__0175.mp4;360;259;0.039333872962743044;['Fire', 'None', 'SmokeOnly'];[-1.1838008165359497, -0.49864673614501953, 1.535041093826294];[0.055106036365032196, 0.10933466255664825, 0.8355592489242554];2;SmokeOnly;True
aihub__lb_none__0175.mp4;360;260;0.04368673707358539;['Fire', 'None', 'SmokeOnly'];[-1.1900277137756348, -0.47590628266334534, 1.5224943161010742];[0.05521927773952484, 0.11277937889099121, 0.8320013880729675];2;SmokeOnly;True
aihub__lb_none__0175.mp4;360;261;0.04068300500512123;['Fire', 'None', 'SmokeOnly'];[-1.187909483909607, -0.4694925546646118, 1.51120126247406];[0.05581076443195343, 0.11447813361883163, 0.8297110795974731];2;SmokeOnly;True
aihub__lb_none__0175.mp4;360;262;0.044088956085033715;['Fire', 'None', 'SmokeOnly'];[-1.1868226528167725, -0.483534574508667, 1.5268688201904297];[0.05523262172937393, 0.1115911453962326, 0.8331761956214905];2;SmokeOnly;True
aihub__lb_none__0175.mp4;360;263;0.04665080807171762;['Fire', 'None', 'SmokeOnly'];[-1.189308524131775, -0.47668778896331787, 1.5207561254501343];[0.05534164607524872, 0.112859807908535, 0.8317985534667969];2;SmokeOnly;True
aihub__lb_none__0175.mp4;360;264;0.047408891026861966;['Fire', 'None', 'SmokeOnly'];[-1.187490463256836, -0.49091771245002747, 1.5344995260238647];[0.05489249527454376, 0.11016171425580978, 0.8349457383155823];2;SmokeOnly;True
aihub__lb_none__0175.mp4;360;265;0.04487021709792316;['Fire', 'None', 'SmokeOnly'];[-1.185072422027588, -0.5034305453300476, 1.54727303981781];[0.05450775474309921, 0.1077684611082077, 0.8377238512039185];2;SmokeOnly;True
aihub__lb_none__0175.mp4;360;266;0.044964739005081356;['Fire', 'None', 'SmokeOnly'];[-1.1853928565979004, -0.496478796005249, 1.5371917486190796];[0.05491137504577637, 0.10935887694358826, 0.835729718208313];2;SmokeOnly;True
aihub__lb_none__0175.mp4;360;267;0.045150697929784656;['Fire', 'None', 'SmokeOnly'];[-1.1840990781784058, -0.5241801738739014, 1.565592646598816];[0.05384320393204689, 0.10416697710752487, 0.8419898152351379];2;SmokeOnly;True
aihub__lb_none__0175.mp4;360;268;0.04264827910810709;['Fire', 'None', 'SmokeOnly'];[-1.1839624643325806, -0.5228174328804016, 1.563820719718933];[0.053922880440950394, 0.10444910079240799, 0.8416280150413513];2;SmokeOnly;True
aihub__lb_none__0175.mp4;360;269;0.04254046792630106;['Fire', 'None', 'SmokeOnly'];[-1.1825206279754639, -0.5099884271621704, 1.5456563234329224];[0.054752059280872345, 0.10726981610059738, 0.837978184223175];2;SmokeOnly;True
aihub__lb_none__0175.mp4;360;270;0.040729042957536876;['Fire', 'None', 'SmokeOnly'];[-1.1887538433074951, -0.3948923945426941, 1.4496008157730103];[0.05813246965408325, 0.12858447432518005, 0.8132830262184143];2;SmokeOnly;True
aihub__lb_none__0175.mp4;360;271;0.04046514898072928;['Fire', 'None', 'SmokeOnly'];[-1.20562744140625, -0.30687060952186584, 1.3709945678710938];[0.06020767241716385, 0.14790299534797668, 0.7918894290924072];2;SmokeOnly;True
aihub__lb_none__0175.mp4;360;272;0.03909996198490262;['Fire', 'None', 'SmokeOnly'];[-1.2099608182907104, -0.3163108229637146, 1.3881727457046509];[0.05923234671354294, 0.14476588368415833, 0.7960017323493958];2;SmokeOnly;True
aihub__lb_none__0175.mp4;360;273;0.04138686403166503;['Fire', 'None', 'SmokeOnly'];[-1.2075505256652832, -0.30119994282722473, 1.3673615455627441];[0.060221247375011444, 0.14906400442123413, 0.7907147407531738];2;SmokeOnly;True
aihub__lb_none__0175.mp4;360;274;0.04041432705707848;['Fire', 'None', 'SmokeOnly'];[-1.2056188583374023, -0.31910568475723267, 1.3864083290100098];[0.0595824159681797, 0.14458589255809784, 0.7958316802978516];2;SmokeOnly;True
aihub__lb_none__0175.mp4;360;275;0.04040582210291177;['Fire', 'None', 'SmokeOnly'];[-1.2032946348190308, -0.3052283525466919, 1.3676955699920654];[0.06048282980918884, 0.14847634732723236, 0.7910408973693848];2;SmokeOnly;True
aihub__lb_none__0175.mp4;360;276;0.03959744703024626;['Fire', 'None', 'SmokeOnly'];[-1.206683874130249, -0.32521307468414307, 1.3928285837173462];[0.059271108359098434, 0.14310704171657562, 0.7976218461990356];2;SmokeOnly;True
aihub__lb_none__0175.mp4;360;277;0.041128285927698016;['Fire', 'None', 'SmokeOnly'];[-1.216094970703125, -0.28513383865356445, 1.340325117111206];[0.06087709963321686, 0.1544419378042221, 0.784680962562561];2;SmokeOnly;True
aihub__lb_none__0175.mp4;360;278;0.04067024600226432;['Fire', 'None', 'SmokeOnly'];[-1.2158496379852295, -0.30796337127685547, 1.3674452304840088];[0.05980943143367767, 0.14827217161655426, 0.7919183373451233];2;SmokeOnly;True
aihub__lb_none__0175.mp4;360;279;0.04309536807704717;['Fire', 'None', 'SmokeOnly'];[-1.2122448682785034, -0.30228176712989807, 1.352668046951294];[0.060665786266326904, 0.15070781111717224, 0.7886263728141785];2;SmokeOnly;True
aihub__lb_none__0175.mp4;360;280;0.04338063299655914;['Fire', 'None', 'SmokeOnly'];[-1.2108262777328491, -0.3203946650028229, 1.373781681060791];[0.05990077927708626, 0.14592917263507843, 0.794170081615448];2;SmokeOnly;True
aihub__lb_none__0175.mp4;360;281;0.04327813698910177;['Fire', 'None', 'SmokeOnly'];[-1.2096223831176758, -0.3176860809326172, 1.3679968118667603];[0.0602206327021122, 0.14692926406860352, 0.7928500175476074];2;SmokeOnly;True
aihub__lb_none__0175.mp4;360;282;0.04360422911122441;['Fire', 'None', 'SmokeOnly'];[-1.2137322425842285, -0.3354083299636841, 1.391730546951294];[0.059016719460487366, 0.14204511046409607, 0.7989381551742554];2;SmokeOnly;True
aihub__lb_none__0175.mp4;360;283;0.04498632194008678;['Fire', 'None', 'SmokeOnly'];[-1.2127342224121094, -0.3196272552013397, 1.3727892637252808];[0.059833865612745285, 0.14615663886070251, 0.7940095067024231];2;SmokeOnly;True
aihub__lb_none__0175.mp4;360;284;0.04429628502111882;['Fire', 'None', 'SmokeOnly'];[-1.2124158143997192, -0.34247714281082153, 1.3965423107147217];[0.058921776711940765, 0.14063242077827454, 0.8004458546638489];2;SmokeOnly;True
aihub__lb_none__0175.mp4;360;285;0.045359409996308386;['Fire', 'None', 'SmokeOnly'];[-1.2125493288040161, -0.3219941258430481, 1.3735296726226807];[0.059829749166965485, 0.14577414095401764, 0.7943960428237915];2;SmokeOnly;True
aihub__lb_none__0175.mp4;360;286;0.0440527000464499;['Fire', 'None', 'SmokeOnly'];[-1.2149670124053955, -0.34245017170906067, 1.398669958114624];[0.05868019536137581, 0.14041735231876373, 0.8009024858474731];2;SmokeOnly;True
aihub__lb_none__0175.mp4;360;287;0.04593739309348166;['Fire', 'None', 'SmokeOnly'];[-1.2138078212738037, -0.3291519582271576, 1.3828163146972656];[0.059380609542131424, 0.14382877945899963, 0.796790599822998];2;SmokeOnly;True
aihub__lb_none__0175.mp4;360;288;0.04294110008049756;['Fire', 'None', 'SmokeOnly'];[-1.2179774045944214, -0.3289104998111725, 1.3897775411605835];[0.05881863832473755, 0.1430974304676056, 0.7980839014053345];2;SmokeOnly;True
aihub__lb_none__0175.mp4;360;289;0.04086172999814153;['Fire', 'None', 'SmokeOnly'];[-1.218589425086975, -0.31714415550231934, 1.377090573310852];[0.05928082764148712, 0.14601820707321167, 0.7947010397911072];2;SmokeOnly;True
aihub__lb_none__0175.mp4;360;290;0.04119385499507189;['Fire', 'None', 'SmokeOnly'];[-1.218483328819275, -0.33274179697036743, 1.395025372505188];[0.05857670679688454, 0.14203573763370514, 0.799387514591217];2;SmokeOnly;True
aihub__lb_none__0175.mp4;360;291;0.04006335302256048;['Fire', 'None', 'SmokeOnly'];[-1.214202642440796, -0.33787620067596436, 1.3915728330612183];[0.059018705040216446, 0.14176641404628754, 0.7992148399353027];2;SmokeOnly;True
aihub__lb_none__0175.mp4;360;292;0.03983729507308453;['Fire', 'None', 'SmokeOnly'];[-1.2148452997207642, -0.3505450487136841, 1.4081783294677734];[0.05830678343772888, 0.13838209211826324, 0.8033110499382019];2;SmokeOnly;True
aihub__lb_none__0175.mp4;360;293;0.04295225895475596;['Fire', 'None', 'SmokeOnly'];[-1.2145494222640991, -0.36423084139823914, 1.4192181825637817];[0.05791551247239113, 0.135545015335083, 0.8065394759178162];2;SmokeOnly;True
aihub__lb_none__0175.mp4;360;294;0.042918249033391476;['Fire', 'None', 'SmokeOnly'];[-1.2224133014678955, -0.3750217854976654, 1.4395735263824463];[0.05663067847490311, 0.13215062022209167, 0.8112186789512634];2;SmokeOnly;True
aihub__lb_none__0175.mp4;360;295;0.041670202976092696;['Fire', 'None', 'SmokeOnly'];[-1.2190147638320923, -0.36049485206604004, 1.4191311597824097];[0.05764714255928993, 0.136027991771698, 0.8063247799873352];2;SmokeOnly;True
aihub__lb_none__0175.mp4;360;296;0.04109235806390643;['Fire', 'None', 'SmokeOnly'];[-1.2191249132156372, -0.40009722113609314, 1.4617540836334229];[0.05597156658768654, 0.12695994973182678, 0.8170685172080994];2;SmokeOnly;True
aihub__lb_none__0175.mp4;360;297;0.05092868802603334;['Fire', 'None', 'SmokeOnly'];[-1.2182289361953735, -0.385848730802536, 1.4435392618179321];[0.05675248056650162, 0.1304616779088974, 0.812785804271698];2;SmokeOnly;True
aihub__lb_none__0175.mp4;360;298;0.03923075494822115;['Fire', 'None', 'SmokeOnly'];[-1.218098759651184, -0.4115392863750458, 1.4726313352584839];[0.055609241127967834, 0.12457512319087982, 0.8198156356811523];2;SmokeOnly;True
aihub__lb_none__0175.mp4;360;299;0.03923181793652475;['Fire', 'None', 'SmokeOnly'];[-1.214664340019226, -0.40192005038261414, 1.4548819065093994];[0.056537091732025146, 0.12743942439556122, 0.8160234093666077];2;SmokeOnly;True
aihub__lb_none__0175.mp4;360;300;0.04403036506846547;['Fire', 'None', 'SmokeOnly'];[-1.2792918682098389, 0.7527331113815308, 0.34496232867240906];[0.07297058403491974, 0.5567305088043213, 0.3702988922595978];1;None;True
aihub__lb_none__0175.mp4;360;301;0.03943544998764992;['Fire', 'None', 'SmokeOnly'];[-1.256108045578003, 0.5397745966911316, 0.468161016702652];[0.07915644347667694, 0.47690096497535706, 0.4439426064491272];1;None;True
aihub__lb_none__0175.mp4;360;302;0.049890863010659814;['Fire', 'None', 'SmokeOnly'];[-1.2672361135482788, 0.5151879787445068, 0.5076104998588562];[0.07785964012145996, 0.4628170430660248, 0.45932331681251526];1;None;True
aihub__lb_none__0175.mp4;360;303;0.044235591078177094;['Fire', 'None', 'SmokeOnly'];[-1.270538568496704, 0.5289215445518494, 0.49854421615600586];[0.07744821906089783, 0.4682815372943878, 0.45427027344703674];1;None;True
aihub__lb_none__0175.mp4;360;304;0.04057243501301855;['Fire', 'None', 'SmokeOnly'];[-1.2726188898086548, 0.5440453886985779, 0.48522019386291504];[0.07721295207738876, 0.4749603867530823, 0.44782665371894836];1;None;True
aihub__lb_none__0175.mp4;360;305;0.04013806802686304;['Fire', 'None', 'SmokeOnly'];[-1.27523672580719, 0.5399260520935059, 0.4910639822483063];[0.07697488367557526, 0.4727855622768402, 0.4502395987510681];1;None;True
aihub__lb_none__0175.mp4;360;306;0.039792656898498535;['Fire', 'None', 'SmokeOnly'];[-1.275351643562317, 0.5370885133743286, 0.4938482642173767];[0.07697321474552155, 0.4714898467063904, 0.45153698325157166];1;None;False
aihub__lb_none__0175.mp4;360;307;0.004877620027400553;['Fire', 'None', 'SmokeOnly'];[0.0, 0.0, 0.0];[0.0, 0.0, 0.0];-1;skipped;False
aihub__lb_none__0175.mp4;360;308;0.0015998349990695715;['Fire', 'None', 'SmokeOnly'];[0.0, 0.0, 0.0];[0.0, 0.0, 0.0];-1;skipped;False
aihub__lb_none__0175.mp4;360;309;0.0015043950406834483;['Fire', 'None', 'SmokeOnly'];[0.0, 0.0, 0.0];[0.0, 0.0, 0.0];-1;skipped;False
aihub__lb_none__0175.mp4;360;310;0.001797091099433601;['Fire', 'None', 'SmokeOnly'];[0.0, 0.0, 0.0];[0.0, 0.0, 0.0];-1;skipped;False
aihub__lb_none__0175.mp4;360;311;0.0017870999872684479;['Fire', 'None', 'SmokeOnly'];[0.0, 0.0, 0.0];[0.0, 0.0, 0.0];-1;skipped;False
aihub__lb_none__0175.mp4;360;312;0.0016276800306513906;['Fire', 'None', 'SmokeOnly'];[0.0, 0.0, 0.0];[0.0, 0.0, 0.0];-1;skipped;False
aihub__lb_none__0175.mp4;360;313;0.0018152639968320727;['Fire', 'None', 'SmokeOnly'];[0.0, 0.0, 0.0];[0.0, 0.0, 0.0];-1;skipped;False
aihub__lb_none__0175.mp4;360;314;0.0017926269210875034;['Fire', 'None', 'SmokeOnly'];[0.0, 0.0, 0.0];[0.0, 0.0, 0.0];-1;skipped;False
aihub__lb_none__0175.mp4;360;315;0.0015399990370497108;['Fire', 'None', 'SmokeOnly'];[0.0, 0.0, 0.0];[0.0, 0.0, 0.0];-1;skipped;False
aihub__lb_none__0175.mp4;360;316;0.0019172929460182786;['Fire', 'None', 'SmokeOnly'];[0.0, 0.0, 0.0];[0.0, 0.0, 0.0];-1;skipped;False
aihub__lb_none__0175.mp4;360;317;0.0018919989233836532;['Fire', 'None', 'SmokeOnly'];[0.0, 0.0, 0.0];[0.0, 0.0, 0.0];-1;skipped;False
aihub__lb_none__0175.mp4;360;318;0.0015871879877522588;['Fire', 'None', 'SmokeOnly'];[0.0, 0.0, 0.0];[0.0, 0.0, 0.0];-1;skipped;False
aihub__lb_none__0175.mp4;360;319;0.0017387419939041138;['Fire', 'None', 'SmokeOnly'];[0.0, 0.0, 0.0];[0.0, 0.0, 0.0];-1;skipped;False
aihub__lb_none__0175.mp4;360;320;0.0016241730190813541;['Fire', 'None', 'SmokeOnly'];[0.0, 0.0, 0.0];[0.0, 0.0, 0.0];-1;skipped;False
aihub__lb_none__0175.mp4;360;321;0.0018136700382456183;['Fire', 'None', 'SmokeOnly'];[0.0, 0.0, 0.0];[0.0, 0.0, 0.0];-1;skipped;False
aihub__lb_none__0175.mp4;360;322;0.0016125880647450686;['Fire', 'None', 'SmokeOnly'];[0.0, 0.0, 0.0];[0.0, 0.0, 0.0];-1;skipped;False
aihub__lb_none__0175.mp4;360;323;0.0015074770199134946;['Fire', 'None', 'SmokeOnly'];[0.0, 0.0, 0.0];[0.0, 0.0, 0.0];-1;skipped;False
aihub__lb_none__0175.mp4;360;324;0.0020976500818505883;['Fire', 'None', 'SmokeOnly'];[0.0, 0.0, 0.0];[0.0, 0.0, 0.0];-1;skipped;False
aihub__lb_none__0175.mp4;360;325;0.0018786069704219699;['Fire', 'None', 'SmokeOnly'];[0.0, 0.0, 0.0];[0.0, 0.0, 0.0];-1;skipped;False
aihub__lb_none__0175.mp4;360;326;0.0018017670372501016;['Fire', 'None', 'SmokeOnly'];[0.0, 0.0, 0.0];[0.0, 0.0, 0.0];-1;skipped;False
aihub__lb_none__0175.mp4;360;327;0.0019373809918761253;['Fire', 'None', 'SmokeOnly'];[0.0, 0.0, 0.0];[0.0, 0.0, 0.0];-1;skipped;False
aihub__lb_none__0175.mp4;360;328;0.0018785009160637856;['Fire', 'None', 'SmokeOnly'];[0.0, 0.0, 0.0];[0.0, 0.0, 0.0];-1;skipped;False
aihub__lb_none__0175.mp4;360;329;0.0018727619899436831;['Fire', 'None', 'SmokeOnly'];[0.0, 0.0, 0.0];[0.0, 0.0, 0.0];-1;skipped;False
aihub__lb_none__0175.mp4;360;330;0.0019342980813235044;['Fire', 'None', 'SmokeOnly'];[0.0, 0.0, 0.0];[0.0, 0.0, 0.0];-1;skipped;False
aihub__lb_none__0175.mp4;360;331;0.002502258983440697;['Fire', 'None', 'SmokeOnly'];[0.0, 0.0, 0.0];[0.0, 0.0, 0.0];-1;skipped;False
aihub__lb_none__0175.mp4;360;332;0.0018282310338690877;['Fire', 'None', 'SmokeOnly'];[0.0, 0.0, 0.0];[0.0, 0.0, 0.0];-1;skipped;False
aihub__lb_none__0175.mp4;360;333;0.001690492033958435;['Fire', 'None', 'SmokeOnly'];[0.0, 0.0, 0.0];[0.0, 0.0, 0.0];-1;skipped;False
aihub__lb_none__0175.mp4;360;334;0.002240277943201363;['Fire', 'None', 'SmokeOnly'];[0.0, 0.0, 0.0];[0.0, 0.0, 0.0];-1;skipped;False
aihub__lb_none__0175.mp4;360;335;0.002269399934448302;['Fire', 'None', 'SmokeOnly'];[0.0, 0.0, 0.0];[0.0, 0.0, 0.0];-1;skipped;False
aihub__lb_none__0175.mp4;360;336;0.002004335983656347;['Fire', 'None', 'SmokeOnly'];[0.0, 0.0, 0.0];[0.0, 0.0, 0.0];-1;skipped;False
aihub__lb_none__0175.mp4;360;337;0.0023181820288300514;['Fire', 'None', 'SmokeOnly'];[0.0, 0.0, 0.0];[0.0, 0.0, 0.0];-1;skipped;False
aihub__lb_none__0175.mp4;360;338;0.0023064910201355815;['Fire', 'None', 'SmokeOnly'];[0.0, 0.0, 0.0];[0.0, 0.0, 0.0];-1;skipped;False
aihub__lb_none__0175.mp4;360;339;0.0020631100051105022;['Fire', 'None', 'SmokeOnly'];[0.0, 0.0, 0.0];[0.0, 0.0, 0.0];-1;skipped;False
aihub__lb_none__0175.mp4;360;340;0.0021389940520748496;['Fire', 'None', 'SmokeOnly'];[0.0, 0.0, 0.0];[0.0, 0.0, 0.0];-1;skipped;False
aihub__lb_none__0175.mp4;360;341;0.001965968986041844;['Fire', 'None', 'SmokeOnly'];[0.0, 0.0, 0.0];[0.0, 0.0, 0.0];-1;skipped;False
aihub__lb_none__0175.mp4;360;342;0.002056519966572523;['Fire', 'None', 'SmokeOnly'];[0.0, 0.0, 0.0];[0.0, 0.0, 0.0];-1;skipped;False
aihub__lb_none__0175.mp4;360;343;0.001979573047719896;['Fire', 'None', 'SmokeOnly'];[0.0, 0.0, 0.0];[0.0, 0.0, 0.0];-1;skipped;False
aihub__lb_none__0175.mp4;360;344;0.002058007987216115;['Fire', 'None', 'SmokeOnly'];[0.0, 0.0, 0.0];[0.0, 0.0, 0.0];-1;skipped;False
aihub__lb_none__0175.mp4;360;345;0.0020763949723914266;['Fire', 'None', 'SmokeOnly'];[0.0, 0.0, 0.0];[0.0, 0.0, 0.0];-1;skipped;False
aihub__lb_none__0175.mp4;360;346;0.002020703977905214;['Fire', 'None', 'SmokeOnly'];[0.0, 0.0, 0.0];[0.0, 0.0, 0.0];-1;skipped;False
aihub__lb_none__0175.mp4;360;347;0.0021442020079120994;['Fire', 'None', 'SmokeOnly'];[0.0, 0.0, 0.0];[0.0, 0.0, 0.0];-1;skipped;False
aihub__lb_none__0175.mp4;360;348;0.0018270619912073016;['Fire', 'None', 'SmokeOnly'];[0.0, 0.0, 0.0];[0.0, 0.0, 0.0];-1;skipped;False
aihub__lb_none__0175.mp4;360;349;0.002030906965956092;['Fire', 'None', 'SmokeOnly'];[0.0, 0.0, 0.0];[0.0, 0.0, 0.0];-1;skipped;False
aihub__lb_none__0175.mp4;360;350;0.002284490969032049;['Fire', 'None', 'SmokeOnly'];[0.0, 0.0, 0.0];[0.0, 0.0, 0.0];-1;skipped;False
aihub__lb_none__0175.mp4;360;351;0.002038877923041582;['Fire', 'None', 'SmokeOnly'];[0.0, 0.0, 0.0];[0.0, 0.0, 0.0];-1;skipped;False
aihub__lb_none__0175.mp4;360;352;0.002363881911151111;['Fire', 'None', 'SmokeOnly'];[0.0, 0.0, 0.0];[0.0, 0.0, 0.0];-1;skipped;False
aihub__lb_none__0175.mp4;360;353;0.002135487040504813;['Fire', 'None', 'SmokeOnly'];[0.0, 0.0, 0.0];[0.0, 0.0, 0.0];-1;skipped;False
aihub__lb_none__0175.mp4;360;354;0.0022553710732609034;['Fire', 'None', 'SmokeOnly'];[0.0, 0.0, 0.0];[0.0, 0.0, 0.0];-1;skipped;False
aihub__lb_none__0175.mp4;360;355;0.002200742019340396;['Fire', 'None', 'SmokeOnly'];[0.0, 0.0, 0.0];[0.0, 0.0, 0.0];-1;skipped;False
aihub__lb_none__0175.mp4;360;356;0.0022336889524012804;['Fire', 'None', 'SmokeOnly'];[0.0, 0.0, 0.0];[0.0, 0.0, 0.0];-1;skipped;False
aihub__lb_none__0175.mp4;360;357;0.04354338895063847;['Fire', 'None', 'SmokeOnly'];[-1.276265263557434, 0.6229752898216248, 0.41379034519195557];[0.07633237540721893, 0.5099627375602722, 0.41370484232902527];1;None;False
aihub__lb_none__0175.mp4;360;358;0.0022549449931830168;['Fire', 'None', 'SmokeOnly'];[0.0, 0.0, 0.0];[0.0, 0.0, 0.0];-1;skipped;False
aihub__lb_none__0175.mp4;360;359;0.002114337054081261;['Fire', 'None', 'SmokeOnly'];[0.0, 0.0, 0.0];[0.0, 0.0, 0.0];-1;skipped;False
aihub__lb_none__0175.mp4;360;360;0.0022786459885537624;['Fire', 'None', 'SmokeOnly'];[0.0, 0.0, 0.0];[0.0, 0.0, 0.0];-1;skipped;False
