experiment;Combined_Score;metric_recall (tpr);metric_fpr (false alarm rate);skip_rate;Recall_Drop;recall_retention;FAR_drop;w_FAR;w_R;delta_R;metric_accuracy;metric_f1_score;metric_fps;metric_precision;window_size;persist_thres
MainPC__ds_UFireIndoorVal__mt_no_temp_method__af4b0d32a3d2__20260327.162459_per_frame;-1;0.943473816;0.00740287;0;0;1;;;;;0.982602656;0.956648588;24.05961037;0.970196605;;
1GPU_SV__ds_UFireIndoorVal__mt_temp_baseline_Tpt_method__b4885cade1dc__20260413.184932_per_frame;0.3;0.943473816;0.00740287;0;0;1;;0.5;0.5;0.015;0.982602656;0.956648588;24.05569077;0.970196605;10;0.05
1GPU_SV__ds_UFireIndoorVal__mt_temp_baseline_Tpt_method__92238bac73b2__20260413.184931_per_frame;0.3;0.943473816;0.00740287;0;0;1;;0.7;0.3;0.015;0.982602656;0.956648588;24.05559731;0.970196605;5;0.15
1GPU_SV__ds_UFireIndoorVal__mt_temp_baseline_Tpt_method__abd2e3e7d47b__20260413.184930_per_frame;0.3;0.943473816;0.00740287;0;0;1;;0.7;0.3;0.015;0.982602656;0.956648588;24.05558777;0.970196605;5;0.05
1GPU_SV__ds_UFireIndoorVal__mt_temp_baseline_Tpt_method__cb4dc70cb15e__20260413.184933_per_frame;0.3;0.943473816;0.00740287;0;0;1;;0.7;0.3;0.015;0.982602656;0.956648588;24.05563927;0.970196605;15;0.05
1GPU_SV__ds_UFireIndoorVal__mt_temp_baseline_Tpt_method__36bfd990e6ff__20260413.184930_per_frame;0.3;0.943473816;0.00740287;0;0;1;;0.7;0.3;0.015;0.982602656;0.956648588;24.05565453;0.970196605;5;0.1
1GPU_SV__ds_UFireIndoorVal__mt_temp_baseline_Tpt_method__313d50e8eefb__20260413.184931_per_frame;0.273963499;0.942171991;0.007385369;0;0.001301825;0.913211664;;0.7;0.3;0.015;0.98235172;0.955992758;24.05574036;0.970225096;5;0.2
1GPU_SV__ds_UFireIndoorVal__mt_temp_baseline_Tpt_method__c73c0c9ed937__20260413.184932_per_frame;0.273963499;0.942171991;0.007385369;0;0.001301825;0.913211664;;0.7;0.3;0.015;0.98235172;0.955992758;24.05556107;0.970225096;10;0.1
1GPU_SV__ds_UFireIndoorVal__mt_temp_baseline_Tpt_method__92512b942cba__20260413.184931_per_frame;0.273963499;0.942171991;0.007385369;0;0.001301825;0.913211664;;0.7;0.3;0.015;0.98235172;0.955992758;24.05559349;0.970225096;5;0.35
1GPU_SV__ds_UFireIndoorVal__mt_temp_baseline_Tpt_method__f222dc861389__20260413.184931_per_frame;0.273963499;0.942171991;0.007385369;0;0.001301825;0.913211664;;0.7;0.3;0.015;0.98235172;0.955992758;24.05569267;0.970225096;5;0.3
1GPU_SV__ds_UFireIndoorVal__mt_temp_baseline_Tpt_method__7ed192de39e0__20260413.184932_per_frame;0.273963499;0.942171991;0.007385369;0;0.001301825;0.913211664;;0.7;0.3;0.015;0.98235172;0.955992758;24.05577469;0.970225096;10;0.15
1GPU_SV__ds_UFireIndoorVal__mt_temp_baseline_Tpt_method__7f81a21c185a__20260413.184936_per_frame;0.273963499;0.942171991;0.007385369;0;0.001301825;0.913211664;;0.7;0.3;0.015;0.98235172;0.955992758;24.05546379;0.970225096;25;0.05
1GPU_SV__ds_UFireIndoorVal__mt_temp_baseline_Tpt_method__a44e26511628__20260413.184937_per_frame;0.273963499;0.942171991;0.007385369;0;0.001301825;0.913211664;;0.7;0.3;0.015;0.98235172;0.955992758;24.05565834;0.970225096;30;0.05
1GPU_SV__ds_UFireIndoorVal__mt_temp_baseline_Tpt_method__8502768b9896__20260413.184931_per_frame;0.273963499;0.942171991;0.007385369;0;0.001301825;0.913211664;;0.7;0.3;0.015;0.98235172;0.955992758;24.05560112;0.970225096;5;0.25
1GPU_SV__ds_UFireIndoorVal__mt_temp_baseline_Tpt_method__fce890cab5f7__20260413.184933_per_frame;0.273963499;0.942171991;0.007385369;0;0.001301825;0.913211664;;0.7;0.3;0.015;0.98235172;0.955992758;24.05566216;0.970225096;15;0.1
1GPU_SV__ds_UFireIndoorVal__mt_temp_baseline_Tpt_method__0f1dad8a85c8__20260413.184934_per_frame;0.273963499;0.942171991;0.007385369;0;0.001301825;0.913211664;;0.7;0.3;0.015;0.98235172;0.955992758;24.05550385;0.970225096;20;0.05
1GPU_SV__ds_UFireIndoorVal__mt_temp_baseline_Tpt_method__fa43adb6a184__20260413.184932_per_frame;0.247926998;0.940870166;0.007367868;0;0.00260365;0.826423327;;0.7;0.3;0.015;0.982100785;0.955336034;24.05569649;0.970253646;10;0.25
1GPU_SV__ds_UFireIndoorVal__mt_temp_baseline_Tpt_method__fb8b5a691b1f__20260413.184931_per_frame;0.247926998;0.940870166;0.007367868;0;0.00260365;0.826423327;;0.7;0.3;0.015;0.982100785;0.955336034;24.05566978;0.970253646;5;0.4
1GPU_SV__ds_UFireIndoorVal__mt_temp_baseline_Tpt_method__63d04bcda46e__20260413.184931_per_frame;0.247926998;0.940870166;0.007367868;0;0.00260365;0.826423327;;0.7;0.3;0.015;0.982100785;0.955336034;24.05560112;0.970253646;5;0.45
1GPU_SV__ds_UFireIndoorVal__mt_temp_baseline_Tpt_method__c97530f12a8d__20260413.184931_per_frame;0.247926998;0.940870166;0.007367868;0;0.00260365;0.826423327;;0.7;0.3;0.015;0.982100785;0.955336034;24.05567741;0.970253646;5;0.5
1GPU_SV__ds_UFireIndoorVal__mt_temp_baseline_Tpt_method__42f99aa1bdd0__20260413.184934_per_frame;0.247926998;0.940870166;0.007367868;0;0.00260365;0.826423327;;0.7;0.3;0.015;0.982100785;0.955336034;24.0555706;0.970253646;20;0.1
1GPU_SV__ds_UFireIndoorVal__mt_temp_baseline_Tpt_method__7277bcac8908__20260413.184933_per_frame;0.247926998;0.940870166;0.007367868;0;0.00260365;0.826423327;;0.7;0.3;0.015;0.982100785;0.955336034;24.05558968;0.970253646;15;0.15
1GPU_SV__ds_UFireIndoorVal__mt_temp_baseline_Tpt_method__753274f6b344__20260413.184932_per_frame;0.247926998;0.940870166;0.007367868;0;0.00260365;0.826423327;;0.7;0.3;0.015;0.982100785;0.955336034;24.05571175;0.970253646;10;0.2
1GPU_SV__ds_UFireIndoorVal__mt_temp_baseline_Tpt_method__1a793e6351e0__20260413.184931_per_frame;0.247926998;0.940870166;0.007367868;0;0.00260365;0.826423327;;0.7;0.3;0.015;0.982100785;0.955336034;24.05565643;0.970253646;5;0.55
1GPU_SV__ds_UFireIndoorVal__mt_temp_baseline_Tpt_method__1b964b9331ef__20260413.184936_per_frame;0.247926998;0.940870166;0.007367868;0;0.00260365;0.826423327;;0.7;0.3;0.015;0.982100785;0.955336034;24.05545616;0.970253646;25;0.1
1GPU_SV__ds_UFireIndoorVal__mt_temp_baseline_Tpt_method__9371f185fac7__20260413.184931_per_frame;0.221890497;0.939568341;0.007350367;0;0.003905475;0.739634991;;0.7;0.3;0.015;0.981849849;0.954678357;24.05561447;0.970282316;5;0.6
1GPU_SV__ds_UFireIndoorVal__mt_temp_baseline_Tpt_method__c460a4d90a40__20260413.184932_per_frame;0.221890497;0.939568341;0.007350367;0;0.003905475;0.739634991;;0.7;0.3;0.015;0.981849849;0.954678357;24.05569649;0.970282316;10;0.3
1GPU_SV__ds_UFireIndoorVal__mt_temp_baseline_Tpt_method__66f685e854e9__20260413.184931_per_frame;0.221890497;0.939568341;0.007350367;0;0.003905475;0.739634991;;0.7;0.3;0.015;0.981849849;0.954678357;24.0556221;0.970282316;5;0.65
1GPU_SV__ds_UFireIndoorVal__mt_temp_baseline_Tpt_method__e62a0160ce01__20260413.184933_per_frame;0.221890497;0.939568341;0.007350367;0;0.003905475;0.739634991;;0.7;0.3;0.015;0.981849849;0.954678357;24.05559349;0.970282316;15;0.2
1GPU_SV__ds_UFireIndoorVal__mt_temp_baseline_Tpt_method__0506ccad6731__20260413.184937_per_frame;0.221890497;0.939568341;0.007350367;0;0.003905475;0.739634991;;0.7;0.3;0.015;0.981849849;0.954678357;24.05556488;0.970282316;30;0.1
1GPU_SV__ds_UFireIndoorVal__mt_temp_baseline_Tpt_method__be432faed880__20260413.184931_per_frame;0.221890497;0.939568341;0.007350367;0;0.003905475;0.739634991;;0.7;0.3;0.015;0.981849849;0.954678357;24.05573082;0.970282316;5;0.7
1GPU_SV__ds_UFireIndoorVal__mt_temp_baseline_Tpt_method__58fdcb4212a9__20260413.184933_per_frame;0.221890497;0.939568341;0.007350367;0;0.003905475;0.739634991;;0.7;0.3;0.015;0.981849849;0.954678357;24.0556736;0.970282316;15;0.25
1GPU_SV__ds_UFireIndoorVal__mt_temp_baseline_Tpt_method__b3e6495e4ebe__20260413.184931_per_frame;0.221890497;0.939568341;0.007350367;0;0.003905475;0.739634991;;0.7;0.3;0.015;0.981849849;0.954678357;24.05574036;0.970282316;5;0.75
1GPU_SV__ds_UFireIndoorVal__mt_temp_baseline_Tpt_method__5121fc2b0da9__20260413.184936_per_frame;0.221890497;0.939568341;0.007350367;0;0.003905475;0.739634991;;0.7;0.3;0.015;0.981849849;0.954678357;24.05553436;0.970282316;25;0.15
1GPU_SV__ds_UFireIndoorVal__mt_temp_baseline_Tpt_method__ba4a0a89001e__20260413.184934_per_frame;0.221890497;0.939568341;0.007350367;0;0.003905475;0.739634991;;0.7;0.3;0.015;0.981849849;0.954678357;24.05551147;0.970282316;20;0.15
1GPU_SV__ds_UFireIndoorVal__mt_temp_baseline_Tpt_method__84572f01dfad__20260413.184932_per_frame;0.221890497;0.939568341;0.007350367;0;0.003905475;0.739634991;;0.7;0.3;0.015;0.981849849;0.954678357;24.05568886;0.970282316;10;0.35
1GPU_SV__ds_UFireIndoorVal__mt_temp_baseline_Tpt_method__5649737961f3__20260413.184937_per_frame;0.195853996;0.938266516;0.007332867;0;0.0052073;0.652846654;;0.7;0.3;0.015;0.981598914;0.954019785;24.05556679;0.970311046;30;0.15
1GPU_SV__ds_UFireIndoorVal__mt_temp_baseline_Tpt_method__c1f841d29131__20260413.184932_per_frame;0.195853996;0.938266516;0.007332867;0;0.0052073;0.652846654;;0.7;0.3;0.015;0.981598914;0.954019785;24.05555534;0.970311046;5;0.95
1GPU_SV__ds_UFireIndoorVal__mt_temp_baseline_Tpt_method__d4c1b9ca106e__20260413.184932_per_frame;0.195853996;0.938266516;0.007332867;0;0.0052073;0.652846654;;0.7;0.3;0.015;0.981598914;0.954019785;24.05554962;0.970311046;10;0.45
1GPU_SV__ds_UFireIndoorVal__mt_temp_baseline_Tpt_method__21c311f8cc83__20260413.184935_per_frame;0.195853996;0.938266516;0.007332867;0;0.0052073;0.652846654;;0.7;0.3;0.015;0.981598914;0.954019785;24.05543709;0.970311046;20;0.2
1GPU_SV__ds_UFireIndoorVal__mt_temp_baseline_Tpt_method__057ccbd49b30__20260413.184931_per_frame;0.195853996;0.938266516;0.007332867;0;0.0052073;0.652846654;;0.7;0.3;0.015;0.981598914;0.954019785;24.05550575;0.970311046;5;0.85
1GPU_SV__ds_UFireIndoorVal__mt_temp_baseline_Tpt_method__0b315db8d1b9__20260413.184931_per_frame;0.195853996;0.938266516;0.007332867;0;0.0052073;0.652846654;;0.7;0.3;0.015;0.981598914;0.954019785;24.05559731;0.970311046;5;0.9
1GPU_SV__ds_UFireIndoorVal__mt_temp_baseline_Tpt_method__fad913306acb__20260413.184932_per_frame;0.195853996;0.938266516;0.007332867;0;0.0052073;0.652846654;;0.7;0.3;0.015;0.981598914;0.954019785;24.0555191;0.970311046;10;0.4
1GPU_SV__ds_UFireIndoorVal__mt_temp_baseline_Tpt_method__0eda07f558a4__20260413.184931_per_frame;0.195853996;0.938266516;0.007332867;0;0.0052073;0.652846654;;0.7;0.3;0.015;0.981598914;0.954019785;24.05565834;0.970311046;5;0.8
1GPU_SV__ds_UFireIndoorVal__mt_temp_baseline_Tpt_method__bd87aa1320a7__20260413.184933_per_frame;0.195853996;0.938266516;0.007332867;0;0.0052073;0.652846654;;0.7;0.3;0.015;0.981598914;0.954019785;24.05559158;0.970311046;15;0.3
1GPU_SV__ds_UFireIndoorVal__mt_temp_baseline_Tpt_method__a973ef5c7a44__20260413.184936_per_frame;0.169817495;0.936964691;0.007315366;0;0.006509125;0.566058318;;0.7;0.3;0.015;0.981348038;0.953360319;24.05537224;0.970339894;25;0.2
1GPU_SV__ds_UFireIndoorVal__mt_temp_baseline_Tpt_method__18cdac08e956__20260413.184935_per_frame;0.169817495;0.936964691;0.007315366;0;0.006509125;0.566058318;;0.7;0.3;0.015;0.981348038;0.953360319;24.05539513;0.970339894;20;0.25
1GPU_SV__ds_UFireIndoorVal__mt_temp_baseline_Tpt_method__ee1f8fe0a963__20260413.184932_per_frame;0.169817495;0.936964691;0.007315366;0;0.006509125;0.566058318;;0.7;0.3;0.015;0.981348038;0.953360319;24.05550003;0.970339894;10;0.5
1GPU_SV__ds_UFireIndoorVal__mt_temp_baseline_Tpt_method__f8849e0b007f__20260413.184932_per_frame;0.169817495;0.936964691;0.007315366;0;0.006509125;0.566058318;;0.7;0.3;0.015;0.981348038;0.953360319;24.05554199;0.970339894;10;0.55
1GPU_SV__ds_UFireIndoorVal__mt_temp_baseline_Tpt_method__cfd54483eafd__20260413.184933_per_frame;0.169817495;0.936964691;0.007315366;0;0.006509125;0.566058318;;0.7;0.3;0.015;0.981348038;0.953360319;24.05556297;0.970339894;15;0.35
1GPU_SV__ds_UFireIndoorVal__mt_temp_baseline_Tpt_method__02f58a0522c2__20260413.184936_per_frame;0.143782187;0.935662925;0.007297865;0;0.007810891;0.479273955;;0.7;0.3;0.015;0.981097102;0.9526999;24.05541992;0.970368803;25;0.25
1GPU_SV__ds_UFireIndoorVal__mt_temp_baseline_Tpt_method__da071ddfb074__20260413.184937_per_frame;0.143782187;0.935662925;0.007297865;0;0.007810891;0.479273955;;0.7;0.3;0.015;0.981097102;0.9526999;24.05539894;0.970368803;30;0.2
1GPU_SV__ds_UFireIndoorVal__mt_temp_baseline_Tpt_method__c47dc06195a6__20260413.184935_per_frame;0.143782187;0.935662925;0.007297865;0;0.007810891;0.479273955;;0.7;0.3;0.015;0.981097102;0.9526999;24.05539703;0.970368803;20;0.3
1GPU_SV__ds_UFireIndoorVal__mt_temp_baseline_Tpt_method__c3ba3e799480__20260413.184933_per_frame;0.143782187;0.935662925;0.007297865;0;0.007810891;0.479273955;;0.7;0.3;0.015;0.981097102;0.9526999;24.05543137;0.970368803;15;0.4
1GPU_SV__ds_UFireIndoorVal__mt_temp_baseline_Tpt_method__14ac0897268e__20260413.184934_per_frame;0.143782187;0.935662925;0.007297865;0;0.007810891;0.479273955;;0.7;0.3;0.015;0.981097102;0.9526999;24.05544662;0.970368803;15;0.45
1GPU_SV__ds_UFireIndoorVal__mt_temp_baseline_Tpt_method__64aae89b1354__20260413.184932_per_frame;0.143782187;0.935662925;0.007297865;0;0.007810891;0.479273955;;0.7;0.3;0.015;0.981097102;0.9526999;24.05555534;0.970368803;10;0.6
1GPU_SV__ds_UFireIndoorVal__mt_temp_baseline_Tpt_method__fe9e36a34ad6__20260413.184932_per_frame;0.143782187;0.935662925;0.007297865;0;0.007810891;0.479273955;;0.7;0.3;0.015;0.981097102;0.9526999;24.05538559;0.970368803;10;0.65
1GPU_SV__ds_UFireIndoorVal__mt_temp_baseline_Tpt_method__892b2a05c2ec__20260413.184937_per_frame;0.117745686;0.9343611;0.007280364;0;0.009112716;0.392485619;;0.7;0.3;0.015;0.980846167;0.952038527;24.05550194;0.97039777;30;0.25
1GPU_SV__ds_UFireIndoorVal__mt_temp_baseline_Tpt_method__7a35bd669583__20260413.184936_per_frame;0.117745686;0.9343611;0.007280364;0;0.009112716;0.392485619;;0.7;0.3;0.015;0.980846167;0.952038527;24.05536842;0.97039777;25;0.3
1GPU_SV__ds_UFireIndoorVal__mt_temp_baseline_Tpt_method__63617d6722e6__20260413.184935_per_frame;0.117745686;0.9343611;0.007280364;0;0.009112716;0.392485619;;0.7;0.3;0.015;0.980846167;0.952038527;24.05537605;0.97039777;20;0.35
1GPU_SV__ds_UFireIndoorVal__mt_temp_baseline_Tpt_method__f678a1ae583f__20260413.184933_per_frame;0.117745686;0.9343611;0.007280364;0;0.009112716;0.392485619;;0.7;0.3;0.015;0.980846167;0.952038527;24.0553875;0.97039777;10;0.75
1GPU_SV__ds_UFireIndoorVal__mt_temp_baseline_Tpt_method__2c0aba4eea14__20260413.184933_per_frame;0.117745686;0.9343611;0.007280364;0;0.009112716;0.392485619;;0.7;0.3;0.015;0.980846167;0.952038527;24.05534172;0.97039777;10;0.7
1GPU_SV__ds_UFireIndoorVal__mt_temp_baseline_Tpt_method__fe3b598c0275__20260413.184934_per_frame;0.117745686;0.9343611;0.007280364;0;0.009112716;0.392485619;;0.7;0.3;0.015;0.980846167;0.952038527;24.0553894;0.97039777;15;0.5
1GPU_SV__ds_UFireIndoorVal__mt_temp_baseline_Tpt_method__23874915aa67__20260413.184935_per_frame;0.091709185;0.933059275;0.007262863;0;0.010414541;0.305697282;;0.7;0.3;0.015;0.980595231;0.951376259;24.05527687;0.970426857;20;0.4
1GPU_SV__ds_UFireIndoorVal__mt_temp_baseline_Tpt_method__c2e6a3f23d07__20260413.184934_per_frame;0.091709185;0.933059275;0.007262863;0;0.010414541;0.305697282;;0.7;0.3;0.015;0.980595231;0.951376259;24.05543137;0.970426857;15;0.55
1GPU_SV__ds_UFireIndoorVal__mt_temp_baseline_Tpt_method__07a8e20fd0ee__20260413.184933_per_frame;0.091709185;0.933059275;0.007262863;0;0.010414541;0.305697282;;0.7;0.3;0.015;0.980595231;0.951376259;24.05538559;0.970426857;10;0.85
1GPU_SV__ds_UFireIndoorVal__mt_temp_baseline_Tpt_method__e2ae72f847e9__20260413.184933_per_frame;0.091709185;0.933059275;0.007262863;0;0.010414541;0.305697282;;0.7;0.3;0.015;0.980595231;0.951376259;24.05537605;0.970426857;10;0.8
1GPU_SV__ds_UFireIndoorVal__mt_temp_baseline_Tpt_method__bb35949353a2__20260413.184936_per_frame;0.091709185;0.933059275;0.007262863;0;0.010414541;0.305697282;;0.7;0.3;0.015;0.980595231;0.951376259;24.05528641;0.970426857;25;0.35
1GPU_SV__ds_UFireIndoorVal__mt_temp_baseline_Tpt_method__2c146f088420__20260413.184935_per_frame;0.065672684;0.93175745;0.007245362;0;0.011716366;0.218908946;;0.7;0.3;0.015;0.980344296;0.950713098;24.05526543;0.970456004;20;0.45
1GPU_SV__ds_UFireIndoorVal__mt_temp_baseline_Tpt_method__ab838d3f38fb__20260413.184933_per_frame;0.065672684;0.93175745;0.007245362;0;0.011716366;0.218908946;;0.7;0.3;0.015;0.980344296;0.950713098;24.05521965;0.970456004;10;0.95
1GPU_SV__ds_UFireIndoorVal__mt_temp_baseline_Tpt_method__c09de6efad4a__20260413.184937_per_frame;0.065672684;0.93175745;0.007245362;0;0.011716366;0.218908946;;0.7;0.3;0.015;0.980344296;0.950713098;24.05528831;0.970456004;30;0.3
1GPU_SV__ds_UFireIndoorVal__mt_temp_baseline_Tpt_method__b5d7a607fb71__20260413.184934_per_frame;0.065672684;0.93175745;0.007245362;0;0.011716366;0.218908946;;0.7;0.3;0.015;0.980344296;0.950713098;24.05529022;0.970456004;15;0.6
1GPU_SV__ds_UFireIndoorVal__mt_temp_baseline_Tpt_method__821b2fcc733a__20260413.184933_per_frame;0.065672684;0.93175745;0.007245362;0;0.011716366;0.218908946;;0.7;0.3;0.015;0.980344296;0.950713098;24.05532837;0.970456004;10;0.9
1GPU_SV__ds_UFireIndoorVal__mt_temp_baseline_Tpt_method__c1a97638c6b0__20260413.184934_per_frame;0.065672684;0.93175745;0.007245362;0;0.011716366;0.218908946;;0.7;0.3;0.015;0.980344296;0.950713098;24.05534172;0.970456004;15;0.65
1GPU_SV__ds_UFireIndoorVal__mt_temp_baseline_Tpt_method__f0fd5d1759d6__20260413.184936_per_frame;0.039636183;0.930455625;0.007227861;0;0.013018191;0.132120609;;0.7;0.3;0.015;0.98009342;0.950048983;24.05519295;0.97048527;25;0.4
1GPU_SV__ds_UFireIndoorVal__mt_temp_baseline_Tpt_method__20803bb70b5d__20260413.184935_per_frame;0.039636183;0.930455625;0.007227861;0;0.013018191;0.132120609;;0.7;0.3;0.015;0.98009342;0.950048983;24.05515862;0.97048527;20;0.5
1GPU_SV__ds_UFireIndoorVal__mt_temp_baseline_Tpt_method__2bbb106eec31__20260413.184934_per_frame;0.039636183;0.930455625;0.007227861;0;0.013018191;0.132120609;;0.7;0.3;0.015;0.98009342;0.950048983;24.05528641;0.97048527;15;0.7
1GPU_SV__ds_UFireIndoorVal__mt_temp_baseline_Tpt_method__48b0fd48117d__20260413.184937_per_frame;0.039636183;0.930455625;0.007227861;0;0.013018191;0.132120609;;0.7;0.3;0.015;0.98009342;0.950048983;24.05528259;0.97048527;30;0.35
1GPU_SV__ds_UFireIndoorVal__mt_temp_baseline_Tpt_method__32bc30016efe__20260413.184936_per_frame;0.013599682;0.9291538;0.00721036;0;0.014320016;0.045332273;;0.7;0.3;0.015;0.979842484;0.949383914;24.05524635;0.970514536;25;0.45
1GPU_SV__ds_UFireIndoorVal__mt_temp_baseline_Tpt_method__9c74b6326004__20260413.184934_per_frame;0.013599682;0.9291538;0.00721036;0;0.014320016;0.045332273;;0.7;0.3;0.015;0.979842484;0.949383914;24.05538559;0.970514536;15;0.75
1GPU_SV__ds_UFireIndoorVal__mt_temp_baseline_Tpt_method__57713dd5c7b4__20260413.184935_per_frame;0.013599682;0.9291538;0.00721036;0;0.014320016;0.045332273;;0.7;0.3;0.015;0.979842484;0.949383914;24.05523682;0.970514536;20;0.55
1GPU_SV__ds_UFireIndoorVal__mt_temp_baseline_Tpt_method__2ef03da82cb6__20260413.184937_per_frame;-0.012436819;0.927851975;0.007192859;0;0.015621841;-0.041456064;;0.7;0.3;0.015;0.979591548;0.948717952;24.05513573;0.970543981;30;0.4
1GPU_SV__ds_UFireIndoorVal__mt_temp_baseline_Tpt_method__bd15022a09d5__20260413.184936_per_frame;-0.012436819;0.927851975;0.007192859;0;0.015621841;-0.041456064;;0.7;0.3;0.015;0.979591548;0.948717952;24.0551281;0.970543981;25;0.5
1GPU_SV__ds_UFireIndoorVal__mt_temp_baseline_Tpt_method__c50067cf199a__20260413.184935_per_frame;-0.012436819;0.927851975;0.007192859;0;0.015621841;-0.041456064;;0.7;0.3;0.015;0.979591548;0.948717952;24.0551796;0.970543981;20;0.6
1GPU_SV__ds_UFireIndoorVal__mt_temp_baseline_Tpt_method__517a16f493c2__20260413.184934_per_frame;-0.012436819;0.927851975;0.007192859;0;0.015621841;-0.041456064;;0.7;0.3;0.015;0.979591548;0.948717952;24.05522728;0.970543981;15;0.85
1GPU_SV__ds_UFireIndoorVal__mt_temp_baseline_Tpt_method__dbb068f6314b__20260413.184934_per_frame;-0.012436819;0.927851975;0.007192859;0;0.015621841;-0.041456064;;0.7;0.3;0.015;0.979591548;0.948717952;24.05514145;0.970543981;15;0.8
1GPU_SV__ds_UFireIndoorVal__mt_temp_baseline_Tpt_method__022a0b918045__20260413.184937_per_frame;-0.038472128;0.92655021;0.007175359;0;0.016923606;-0.128240426;;0.7;0.3;0.015;0.979340613;0.948051035;24.05517197;0.970573485;30;0.45
1GPU_SV__ds_UFireIndoorVal__mt_temp_baseline_Tpt_method__145fad90d500__20260413.184935_per_frame;-0.038472128;0.92655021;0.007175359;0;0.016923606;-0.128240426;;0.7;0.3;0.015;0.979340613;0.948051035;24.05508423;0.970573485;20;0.65
1GPU_SV__ds_UFireIndoorVal__mt_temp_baseline_Tpt_method__423407a3bf21__20260413.184936_per_frame;-0.038472128;0.92655021;0.007175359;0;0.016923606;-0.128240426;;0.7;0.3;0.015;0.979340613;0.948051035;24.05517387;0.970573485;25;0.55
1GPU_SV__ds_UFireIndoorVal__mt_temp_baseline_Tpt_method__9aed27bc171b__20260413.184934_per_frame;-0.038472128;0.92655021;0.007175359;0;0.016923606;-0.128240426;;0.7;0.3;0.015;0.979340613;0.948051035;24.05513763;0.970573485;15;0.9
1GPU_SV__ds_UFireIndoorVal__mt_temp_baseline_Tpt_method__8859588091bd__20260413.184934_per_frame;-0.064508629;0.925248384;0.007157858;0;0.018225431;-0.215028763;;0.7;0.3;0.015;0.979089677;0.947383165;24.05478287;0.970603049;15;0.95
1GPU_SV__ds_UFireIndoorVal__mt_temp_baseline_Tpt_method__ca937eb4694b__20260413.184935_per_frame;-0.064508629;0.925248384;0.007157858;0;0.018225431;-0.215028763;;0.7;0.3;0.015;0.979089677;0.947383165;24.05501175;0.970603049;20;0.7
1GPU_SV__ds_UFireIndoorVal__mt_temp_baseline_Tpt_method__ff3745d6acbc__20260413.184935_per_frame;-0.09054513;0.923946559;0.007140357;0;0.019527256;-0.301817099;;0.7;0.3;0.015;0.978838801;0.946714401;24.05503654;0.970632672;20;0.75
1GPU_SV__ds_UFireIndoorVal__mt_temp_baseline_Tpt_method__a32b478f724f__20260413.184936_per_frame;-0.09054513;0.923946559;0.007140357;0;0.019527256;-0.301817099;;0.7;0.3;0.015;0.978838801;0.946714401;24.05502701;0.970632672;25;0.6
1GPU_SV__ds_UFireIndoorVal__mt_temp_baseline_Tpt_method__dae8a635d59b__20260413.184938_per_frame;-0.09054513;0.923946559;0.007140357;0;0.019527256;-0.301817099;;0.7;0.3;0.015;0.978838801;0.946714401;24.0551033;0.970632672;30;0.5
1GPU_SV__ds_UFireIndoorVal__mt_temp_baseline_Tpt_method__12cbd26d6245__20260413.184938_per_frame;-0.116581631;0.922644734;0.007122856;0;0.020829082;-0.388605436;;0.7;0.3;0.015;0.978587866;0.946044683;24.05503654;0.970662415;30;0.55
1GPU_SV__ds_UFireIndoorVal__mt_temp_baseline_Tpt_method__443d34917631__20260413.184935_per_frame;-0.116581631;0.922644734;0.007122856;0;0.020829082;-0.388605436;;0.7;0.3;0.015;0.978587866;0.946044683;24.05484772;0.970662415;20;0.8
1GPU_SV__ds_UFireIndoorVal__mt_temp_baseline_Tpt_method__839d220056e1__20260413.184936_per_frame;-0.116581631;0.922644734;0.007122856;0;0.020829082;-0.388605436;;0.7;0.3;0.015;0.978587866;0.946044683;24.0549984;0.970662415;25;0.65
1GPU_SV__ds_UFireIndoorVal__mt_temp_baseline_Tpt_method__b03c9736d50d__20260413.184936_per_frame;-0.142618132;0.921342909;0.007105355;0;0.022130907;-0.475393772;;0.7;0.3;0.015;0.97833693;0.945374012;24.05493927;0.970692277;25;0.7
1GPU_SV__ds_UFireIndoorVal__mt_temp_baseline_Tpt_method__9f87ab48e06f__20260413.184935_per_frame;-0.142618132;0.921342909;0.007105355;0;0.022130907;-0.475393772;;0.7;0.3;0.015;0.97833693;0.945374012;24.05488968;0.970692277;20;0.85
1GPU_SV__ds_UFireIndoorVal__mt_temp_baseline_Tpt_method__3334f766235b__20260413.184935_per_frame;-0.168654633;0.920041084;0.007087854;0;0.023432732;-0.562182109;;0.7;0.3;0.015;0.978085995;0.944702387;24.05471802;0.970722198;20;0.9
1GPU_SV__ds_UFireIndoorVal__mt_temp_baseline_Tpt_method__d32bfd09cf5c__20260413.184937_per_frame;-0.168654633;0.920041084;0.007087854;0;0.023432732;-0.562182109;;0.7;0.3;0.015;0.978085995;0.944702387;24.05474472;0.970722198;25;0.75
1GPU_SV__ds_UFireIndoorVal__mt_temp_baseline_Tpt_method__36ed2700d674__20260413.184938_per_frame;-0.168654633;0.920041084;0.007087854;0;0.023432732;-0.562182109;;0.7;0.3;0.015;0.978085995;0.944702387;24.0548954;0.970722198;30;0.6
1GPU_SV__ds_UFireIndoorVal__mt_temp_baseline_Tpt_method__f9c8a42e002f__20260413.184935_per_frame;-0.194689941;0.918739319;0.007070354;0;0.024734497;-0.648966471;;0.7;0.3;0.015;0.977835059;0.944029868;24.05482483;0.97075218;20;0.95
1GPU_SV__ds_UFireIndoorVal__mt_temp_baseline_Tpt_method__d7a729e8cd3e__20260413.184938_per_frame;-0.194689941;0.918739319;0.007070354;0;0.024734497;-0.648966471;;0.7;0.3;0.015;0.977835059;0.944029868;24.05485535;0.97075218;30;0.65
1GPU_SV__ds_UFireIndoorVal__mt_temp_baseline_Tpt_method__53585dd37110__20260413.184937_per_frame;-0.220726442;0.917437494;0.007052853;0;0.026036322;-0.735754808;;0.7;0.3;0.015;0.977584183;0.943356335;24.05478096;0.97078228;25;0.8
1GPU_SV__ds_UFireIndoorVal__mt_temp_baseline_Tpt_method__4b0f13c03ebb__20260413.184937_per_frame;-0.246762943;0.916135669;0.007035352;0;0.027338147;-0.822543144;;0.7;0.3;0.015;0.977333248;0.942681909;24.05479813;0.97081244;25;0.85
1GPU_SV__ds_UFireIndoorVal__mt_temp_baseline_Tpt_method__9fdd94957ccb__20260413.184938_per_frame;-0.246762943;0.916135669;0.007035352;0;0.027338147;-0.822543144;;0.7;0.3;0.015;0.977333248;0.942681909;24.05478477;0.97081244;30;0.7
1GPU_SV__ds_UFireIndoorVal__mt_temp_baseline_Tpt_method__13d0b502603c__20260413.184938_per_frame;-0.272799444;0.914833844;0.007017851;0;0.028639972;-0.909331481;;0.7;0.3;0.015;0.977082312;0.942006469;24.05481339;0.970842719;30;0.75
1GPU_SV__ds_UFireIndoorVal__mt_temp_baseline_Tpt_method__d87ccb2fd48a__20260413.184937_per_frame;-0.272799444;0.914833844;0.007017851;0;0.028639972;-0.909331481;;0.7;0.3;0.015;0.977082312;0.942006469;24.05467033;0.970842719;25;0.9
1GPU_SV__ds_UFireIndoorVal__mt_temp_baseline_Tpt_method__821e71184ed0__20260413.184937_per_frame;-0.298835945;0.913532019;0.00700035;0;0.029941797;-0.996119817;;0.7;0.3;0.015;0.976831377;0.941330135;24.05458641;0.970873058;25;0.95
1GPU_SV__ds_UFireIndoorVal__mt_temp_baseline_Tpt_method__8043088dcfb3__20260413.184938_per_frame;-0.324872446;0.912230194;0.006982849;0;0.031243622;-1.082908154;;0.7;0.3;0.015;0.976580441;0.940652847;24.05457115;0.970903516;30;0.8
1GPU_SV__ds_UFireIndoorVal__mt_temp_baseline_Tpt_method__9b54ee206192__20260413.184938_per_frame;-0.350907755;0.910928428;0.006965348;0;0.032545388;-1.169692516;;0.7;0.3;0.015;0.976329565;0.939974546;24.05469704;0.970934033;30;0.85
1GPU_SV__ds_UFireIndoorVal__mt_temp_baseline_Tpt_method__fb12ad92d7e4__20260413.184938_per_frame;-0.402980757;0.908324778;0.006965348;0;0.035149038;-1.343269189;;0.7;0.3;0.015;0.975799799;0.938548684;24.05442619;0.97085315;30;0.9
1GPU_SV__ds_UFireIndoorVal__mt_temp_baseline_Tpt_method__8012b6e7459f__20260413.184938_per_frame;-0.429017258;0.907022953;0.006965348;0;0.036450863;-1.430057526;;0.7;0.3;0.015;0.975534976;0.937834322;24.0545311;0.970812559;30;0.95
