experiment;metric_accuracy;metric_f1_score;metric_fpr (false alarm rate);metric_fps;metric_precision;metric_recall (tpr);skip_proc.name;skip_proc.params.scale_factor;skip_proc.params.block_size_orig;skip_proc.params.block_ratio_th;skip_proc.params.motion.name;skip_proc.params.motion.params.diff_frame_th;skip_proc.params.motion.params.impact_plus_one;skip_proc.params.motion.params.mask_th;skip_proc.params.motion.params.max_val;skip_proc.params.motion.params.decay;skip_rate
MainPC__ds_UFireIndoorVal__mt_no_temp_method__af4b0d32a3d2__20260327.162459_per_frame;0.9826026558876038;0.956648588180542;0.0074028703384101;24.05961036682129;0.9701966047286988;0.9434738159179688;;;;;;;;;;;0.0
1GPU_SV__ds_UFireIndoorVal__mt_temp_method_motion_block__047c90efa9ad__20260331.203243_per_frame;0.9793824553489684;0.9481979608535768;0.0073503674939274;33.61350631713867;0.969905436038971;0.927440881729126;motion_only_block_skip_proc;1.0;16.0;0.1;acc_motion_det.AccMotionDet;5.0;5.0;10.0;15.0;1.0;0.424116
1GPU_SV__ds_UFireIndoorVal__mt_temp_method_motion_block__06b5047cd6ef__20260331.203240_per_frame;0.9816965460777284;0.9542779326438904;0.0073503674939274;33.01397705078125;0.9702591896057128;0.938814640045166;motion_only_block_skip_proc;0.5;16.0;0.1;acc_motion_det.AccMotionDet;3.0;5.0;10.0;35.0;1.0;0.37264600000000003
1GPU_SV__ds_UFireIndoorVal__mt_temp_method_motion_block__073327051dc0__20260331.203244_per_frame;0.9814873933792114;0.9537314176559448;0.0073503674939274;33.704891204833984;0.9702275395393372;0.9377869367599488;motion_only_block_skip_proc;1.0;32.0;0.1;acc_motion_det.AccMotionDet;3.0;5.0;10.0;25.0;1.0;0.410676
1GPU_SV__ds_UFireIndoorVal__mt_temp_method_motion_block__0998441ae365__20260331.203243_per_frame;0.9817383289337158;0.9543871879577636;0.0073503674939274;28.325220108032227;0.9702655076980592;0.9390202164649964;motion_only_block_skip_proc;1.0;16.0;0.1;acc_motion_det.AccMotionDet;3.0;5.0;10.0;35.0;1.0;0.272681
1GPU_SV__ds_UFireIndoorVal__mt_temp_method_motion_block__0b0484d4da2f__20260331.203239_per_frame;0.9820589423179626;0.9552270174026488;0.0073678684420883;28.412900924682617;0.9702473282814026;0.9406645894050598;motion_only_block_skip_proc;0.5;16.0;0.05;acc_motion_det.AccMotionDet;5.0;5.0;5.0;35.0;1.0;0.23741700000000002
1GPU_SV__ds_UFireIndoorVal__mt_temp_method_motion_block__0cc2b65f71af__20260331.203240_per_frame;0.9816407561302184;0.9541322588920592;0.0073503674939274;35.519744873046875;0.9702507257461548;0.9385405778884888;motion_only_block_skip_proc;0.5;32.0;0.05;acc_motion_det.AccMotionDet;3.0;5.0;10.0;25.0;1.0;0.41410600000000003
1GPU_SV__ds_UFireIndoorVal__mt_temp_method_motion_block__0dc3f5e4dd7d__20260331.203242_per_frame;0.982100784778595;0.9553360342979432;0.0073678684420883;22.44997787475586;0.9702536463737488;0.94087016582489;motion_only_block_skip_proc;1.0;16.0;0.1;acc_motion_det.AccMotionDet;3.0;5.0;5.0;35.0;1.0;0.026251000000000003
1GPU_SV__ds_UFireIndoorVal__mt_temp_method_motion_block__122d08f68098__20260331.203242_per_frame;0.982100784778595;0.9553360342979432;0.0073678684420883;22.546329498291016;0.9702536463737488;0.94087016582489;motion_only_block_skip_proc;1.0;16.0;0.1;acc_motion_det.AccMotionDet;3.0;5.0;5.0;15.0;1.0;0.028754
1GPU_SV__ds_UFireIndoorVal__mt_temp_method_motion_block__12e869b01b7d__20260331.203239_per_frame;0.982100784778595;0.9553360342979432;0.0073678684420883;25.38601303100586;0.9702536463737488;0.94087016582489;motion_only_block_skip_proc;0.5;16.0;0.1;acc_motion_det.AccMotionDet;3.0;5.0;5.0;35.0;1.0;0.118201
1GPU_SV__ds_UFireIndoorVal__mt_temp_method_motion_block__13459cc7e42d__20260331.203239_per_frame;0.982100784778595;0.9553360342979432;0.0073678684420883;25.55086326599121;0.9702536463737488;0.94087016582489;motion_only_block_skip_proc;0.5;16.0;0.1;acc_motion_det.AccMotionDet;3.0;5.0;5.0;15.0;1.0;0.121631
1GPU_SV__ds_UFireIndoorVal__mt_temp_method_motion_block__1e0e0944f6a0__20260331.203239_per_frame;0.9799818992614746;0.9497796893119812;0.0073503674939274;35.69580841064453;0.9699978828430176;0.9303871393203736;motion_only_block_skip_proc;0.5;16.0;0.05;acc_motion_det.AccMotionDet;5.0;5.0;10.0;15.0;1.0;0.430364
1GPU_SV__ds_UFireIndoorVal__mt_temp_method_motion_block__1ee7ba54e8df__20260331.203244_per_frame;0.98204505443573;0.955190658569336;0.0073678684420883;30.66535186767578;0.9702452421188354;0.9405961036682128;motion_only_block_skip_proc;1.0;32.0;0.1;acc_motion_det.AccMotionDet;3.0;5.0;5.0;25.0;1.0;0.32614600000000005
1GPU_SV__ds_UFireIndoorVal__mt_temp_method_motion_block__2011a2d70770__20260331.203244_per_frame;0.9809437394142152;0.9523111581802368;0.0073678684420883;34.09090805053711;0.97007817029953;0.93518328666687;motion_only_block_skip_proc;1.0;32.0;0.1;acc_motion_det.AccMotionDet;5.0;5.0;5.0;15.0;1.0;0.420214
1GPU_SV__ds_UFireIndoorVal__mt_temp_method_motion_block__22ca8c8a5f0d__20260331.203241_per_frame;0.9776120185852052;0.943498432636261;0.0073503674939274;42.84976577758789;0.9696290493011476;0.9187393188476562;motion_only_block_skip_proc;0.5;32.0;0.1;acc_motion_det.AccMotionDet;5.0;5.0;10.0;35.0;1.0;0.569496
1GPU_SV__ds_UFireIndoorVal__mt_temp_method_motion_block__241221112e1d__20260331.203242_per_frame;0.9806928038597108;0.9516494870185852;0.0073503674939274;31.323814392089844;0.9701067805290222;0.9338814616203308;motion_only_block_skip_proc;1.0;16.0;0.05;acc_motion_det.AccMotionDet;5.0;5.0;10.0;15.0;1.0;0.365926
1GPU_SV__ds_UFireIndoorVal__mt_temp_method_motion_block__26f88ec77181__20260331.203242_per_frame;0.9817383289337158;0.9543871879577636;0.0073503674939274;29.175094604492188;0.9702655076980592;0.9390202164649964;motion_only_block_skip_proc;1.0;16.0;0.1;acc_motion_det.AccMotionDet;3.0;5.0;10.0;15.0;1.0;0.296307
1GPU_SV__ds_UFireIndoorVal__mt_temp_method_motion_block__2755707421cf__20260331.203244_per_frame;0.979312777519226;0.948013722896576;0.0073503674939274;34.40729141235352;0.9698946475982666;0.9270983338356018;motion_only_block_skip_proc;1.0;32.0;0.05;acc_motion_det.AccMotionDet;5.0;5.0;10.0;25.0;1.0;0.425796
1GPU_SV__ds_UFireIndoorVal__mt_temp_method_motion_block__28bc190bb8e2__20260331.203241_per_frame;0.9808043241500854;0.9519422054290771;0.0073503674939274;37.02985000610352;0.9701237678527832;0.9344295859336852;motion_only_block_skip_proc;0.5;32.0;0.1;acc_motion_det.AccMotionDet;3.0;5.0;10.0;15.0;1.0;0.447147
1GPU_SV__ds_UFireIndoorVal__mt_temp_method_motion_block__2cc92e2a1893__20260331.203244_per_frame;0.9780999422073364;0.9447977542877196;0.0073503674939274;35.42164611816406;0.9697057008743286;0.9211373925209044;motion_only_block_skip_proc;1.0;32.0;0.1;acc_motion_det.AccMotionDet;5.0;5.0;10.0;25.0;1.0;0.44853000000000004
1GPU_SV__ds_UFireIndoorVal__mt_temp_method_motion_block__2ee440ef3b41__20260331.203241_per_frame;0.9792011976242064;0.947718858718872;0.0073503674939274;39.086795806884766;0.9698773622512816;0.9265502095222472;motion_only_block_skip_proc;0.5;32.0;0.05;acc_motion_det.AccMotionDet;5.0;5.0;10.0;35.0;1.0;0.495887
1GPU_SV__ds_UFireIndoorVal__mt_temp_method_motion_block__2f5de28ea4d5__20260331.203240_per_frame;0.9816965460777284;0.9542779326438904;0.0073503674939274;33.24802017211914;0.9702591896057128;0.938814640045166;motion_only_block_skip_proc;0.5;16.0;0.1;acc_motion_det.AccMotionDet;3.0;5.0;10.0;25.0;1.0;0.377301
1GPU_SV__ds_UFireIndoorVal__mt_temp_method_motion_block__2fdb8f0bccb3__20260331.203239_per_frame;0.9817941188812256;0.95453280210495;0.0073503674939274;29.62354850769043;0.9702739119529724;0.9392942786216736;motion_only_block_skip_proc;0.5;16.0;0.05;acc_motion_det.AccMotionDet;3.0;5.0;10.0;35.0;1.0;0.27063400000000004
1GPU_SV__ds_UFireIndoorVal__mt_temp_method_motion_block__315e2972b28c__20260331.203240_per_frame;0.98207288980484;0.9552633166313172;0.0073678684420883;30.400691986083984;0.9702494740486144;0.9407331347465516;motion_only_block_skip_proc;0.5;32.0;0.05;acc_motion_det.AccMotionDet;3.0;5.0;5.0;35.0;1.0;0.275656
1GPU_SV__ds_UFireIndoorVal__mt_temp_method_motion_block__316b36ef713b__20260331.203239_per_frame;0.982100784778595;0.9553360342979432;0.0073678684420883;25.42686080932617;0.9702536463737488;0.94087016582489;motion_only_block_skip_proc;0.5;16.0;0.1;acc_motion_det.AccMotionDet;3.0;5.0;5.0;25.0;1.0;0.119058
1GPU_SV__ds_UFireIndoorVal__mt_temp_method_motion_block__36b5e12e627b__20260331.203240_per_frame;0.9817104339599608;0.954317569732666;0.0073678684420883;36.61497116088867;0.970194697380066;0.9389516711235046;motion_only_block_skip_proc;0.5;32.0;0.05;acc_motion_det.AccMotionDet;5.0;5.0;5.0;15.0;1.0;0.443875
1GPU_SV__ds_UFireIndoorVal__mt_temp_method_motion_block__3a574c984184__20260331.203239_per_frame;0.9817941188812256;0.95453280210495;0.0073503674939274;29.917644500732425;0.9702739119529724;0.9392942786216736;motion_only_block_skip_proc;0.5;16.0;0.05;acc_motion_det.AccMotionDet;3.0;5.0;10.0;25.0;1.0;0.278561
1GPU_SV__ds_UFireIndoorVal__mt_temp_method_motion_block__3c9afd49d2de__20260331.203240_per_frame;0.9797170162200928;0.9490813612937928;0.0073503674939274;35.951412200927734;0.9699570536613464;0.9290853142738342;motion_only_block_skip_proc;0.5;16.0;0.1;acc_motion_det.AccMotionDet;5.0;5.0;10.0;35.0;1.0;0.439307
1GPU_SV__ds_UFireIndoorVal__mt_temp_method_motion_block__3cb97f9c73db__20260331.203244_per_frame;0.9811388850212096;0.9528226256370544;0.0073678684420883;33.72694396972656;0.970107913017273;0.9361425042152404;motion_only_block_skip_proc;1.0;32.0;0.1;acc_motion_det.AccMotionDet;5.0;5.0;5.0;25.0;1.0;0.41172600000000004
1GPU_SV__ds_UFireIndoorVal__mt_temp_method_motion_block__3d52681fb50b__20260331.203241_per_frame;0.9819613695144652;0.954972505569458;0.0073678684420883;34.516265869140625;0.9702326059341432;0.940185010433197;motion_only_block_skip_proc;0.5;32.0;0.1;acc_motion_det.AccMotionDet;3.0;5.0;5.0;35.0;1.0;0.390865
1GPU_SV__ds_UFireIndoorVal__mt_temp_method_motion_block__3dde7a0a8d63__20260331.203244_per_frame;0.981180727481842;0.9529321789741516;0.0073678684420883;33.59526443481445;0.970114290714264;0.9363480806350708;motion_only_block_skip_proc;1.0;32.0;0.1;acc_motion_det.AccMotionDet;5.0;5.0;5.0;35.0;1.0;0.40826
1GPU_SV__ds_UFireIndoorVal__mt_temp_method_motion_block__411524d7a261__20260331.203241_per_frame;0.9790896773338318;0.9474237561225892;0.0073503674939274;39.987003326416016;0.9698600769042968;0.9260020852088928;motion_only_block_skip_proc;0.5;32.0;0.05;acc_motion_det.AccMotionDet;5.0;5.0;10.0;25.0;1.0;0.514491
1GPU_SV__ds_UFireIndoorVal__mt_temp_method_motion_block__422171b6e4be__20260331.203241_per_frame;0.9819613695144652;0.954972505569458;0.0073678684420883;34.62652969360352;0.9702326059341432;0.940185010433197;motion_only_block_skip_proc;0.5;32.0;0.1;acc_motion_det.AccMotionDet;3.0;5.0;5.0;25.0;1.0;0.39356
1GPU_SV__ds_UFireIndoorVal__mt_temp_method_motion_block__44dab6907672__20260331.203241_per_frame;0.9803304076194764;0.9507005214691162;0.0073678684420883;42.25418472290039;0.9699842929840088;0.9321685433387756;motion_only_block_skip_proc;0.5;32.0;0.1;acc_motion_det.AccMotionDet;5.0;5.0;5.0;15.0;1.0;0.563021
1GPU_SV__ds_UFireIndoorVal__mt_temp_method_motion_block__4accba502f05__20260331.203242_per_frame;0.9811110496520996;0.9527462720870972;0.0073503674939274;29.9648494720459;0.9701704382896424;0.9359369874000548;motion_only_block_skip_proc;1.0;16.0;0.05;acc_motion_det.AccMotionDet;5.0;5.0;10.0;35.0;1.0;0.32535899999999995
1GPU_SV__ds_UFireIndoorVal__mt_temp_method_motion_block__4bb23fe4a571__20260331.203243_per_frame;0.98207288980484;0.9552633166313172;0.0073678684420883;25.936885833740234;0.9702494740486144;0.9407331347465516;motion_only_block_skip_proc;1.0;32.0;0.05;acc_motion_det.AccMotionDet;3.0;5.0;5.0;25.0;1.0;0.15413
1GPU_SV__ds_UFireIndoorVal__mt_temp_method_motion_block__4d38640dd368__20260331.203242_per_frame;0.982100784778595;0.9553360342979432;0.0073678684420883;22.009775161743164;0.9702536463737488;0.94087016582489;motion_only_block_skip_proc;1.0;16.0;0.05;acc_motion_det.AccMotionDet;3.0;5.0;5.0;15.0;1.0;0.00434
1GPU_SV__ds_UFireIndoorVal__mt_temp_method_motion_block__53965c7f30ce__20260331.203241_per_frame;0.9783090353012084;0.945353627204895;0.0073503674939274;42.951656341552734;0.9697384834289552;0.9221650958061218;motion_only_block_skip_proc;0.5;32.0;0.05;acc_motion_det.AccMotionDet;5.0;5.0;10.0;15.0;1.0;0.571176
1GPU_SV__ds_UFireIndoorVal__mt_temp_method_motion_block__53d45bfd5007__20260331.203242_per_frame;0.981780171394348;0.9544963836669922;0.0073503674939274;23.96590614318848;0.9702718257904052;0.939225733280182;motion_only_block_skip_proc;1.0;16.0;0.05;acc_motion_det.AccMotionDet;3.0;5.0;10.0;35.0;1.0;0.101435
1GPU_SV__ds_UFireIndoorVal__mt_temp_method_motion_block__53f62e37c1f5__20260331.203240_per_frame;0.979521870613098;0.948566198348999;0.0073503674939274;36.65845489501953;0.9699269533157348;0.928126096725464;motion_only_block_skip_proc;0.5;16.0;0.1;acc_motion_det.AccMotionDet;5.0;5.0;10.0;25.0;1.0;0.45476
1GPU_SV__ds_UFireIndoorVal__mt_temp_method_motion_block__5a736d4bf78e__20260331.203243_per_frame;0.981863796710968;0.9547178745269777;0.0073678684420883;32.214805603027344;0.9702178835868835;0.9397053718566896;motion_only_block_skip_proc;1.0;32.0;0.05;acc_motion_det.AccMotionDet;5.0;5.0;5.0;15.0;1.0;0.37345100000000003
1GPU_SV__ds_UFireIndoorVal__mt_temp_method_motion_block__5b2f812ab2d8__20260331.203240_per_frame;0.978978157043457;0.9471285343170166;0.0073503674939274;39.27615737915039;0.9698427319526672;0.9254539012908936;motion_only_block_skip_proc;0.5;16.0;0.1;acc_motion_det.AccMotionDet;5.0;5.0;10.0;15.0;1.0;0.511533
1GPU_SV__ds_UFireIndoorVal__mt_temp_method_motion_block__5cc01d8557fd__20260331.203243_per_frame;0.9816268086433412;0.9540958404541016;0.0073503674939274;32.96381378173828;0.9702486395835876;0.9384720921516418;motion_only_block_skip_proc;1.0;32.0;0.05;acc_motion_det.AccMotionDet;3.0;5.0;10.0;15.0;1.0;0.388852
1GPU_SV__ds_UFireIndoorVal__mt_temp_method_motion_block__5db3ce8acc00__20260331.203239_per_frame;0.9806510210037231;0.9515396952629088;0.0073503674939274;34.75829315185547;0.9701004028320312;0.9336759448051452;motion_only_block_skip_proc;0.5;16.0;0.05;acc_motion_det.AccMotionDet;5.0;5.0;10.0;35.0;1.0;0.412408
1GPU_SV__ds_UFireIndoorVal__mt_temp_method_motion_block__607ec4dd65c2__20260331.203243_per_frame;0.980288565158844;0.9505870938301086;0.0073503674939274;32.69828796386719;0.9700449109077454;0.9318944811820984;motion_only_block_skip_proc;1.0;16.0;0.1;acc_motion_det.AccMotionDet;5.0;5.0;10.0;35.0;1.0;0.40616
1GPU_SV__ds_UFireIndoorVal__mt_temp_method_motion_block__62dc96513dc4__20260331.203240_per_frame;0.98207288980484;0.9552633166313172;0.0073678684420883;30.466264724731445;0.9702494740486144;0.9407331347465516;motion_only_block_skip_proc;0.5;32.0;0.05;acc_motion_det.AccMotionDet;3.0;5.0;5.0;25.0;1.0;0.277879
1GPU_SV__ds_UFireIndoorVal__mt_temp_method_motion_block__666751535d2a__20260331.203241_per_frame;0.9805534482002258;0.951286792755127;0.0073678684420883;41.52075958251953;0.97001850605011;0.9332647919654846;motion_only_block_skip_proc;0.5;32.0;0.1;acc_motion_det.AccMotionDet;5.0;5.0;5.0;25.0;1.0;0.550893
1GPU_SV__ds_UFireIndoorVal__mt_temp_method_motion_block__66a366cba842__20260331.203244_per_frame;0.9812365174293518;0.953074872493744;0.0073503674939274;34.3631706237793;0.9701895117759703;0.9365535974502563;motion_only_block_skip_proc;1.0;32.0;0.1;acc_motion_det.AccMotionDet;3.0;5.0;10.0;15.0;1.0;0.42878900000000003
1GPU_SV__ds_UFireIndoorVal__mt_temp_method_motion_block__6daf0249c00a__20260331.203241_per_frame;0.9806091785430908;0.95143324136734;0.0073678684420883;41.18187713623047;0.9700270295143129;0.933538854122162;motion_only_block_skip_proc;0.5;32.0;0.1;acc_motion_det.AccMotionDet;5.0;5.0;5.0;35.0;1.0;0.544225
1GPU_SV__ds_UFireIndoorVal__mt_temp_method_motion_block__702a2612b10c__20260331.203243_per_frame;0.9819613695144652;0.954972505569458;0.0073678684420883;27.049409866333008;0.9702326059341432;0.940185010433197;motion_only_block_skip_proc;1.0;16.0;0.1;acc_motion_det.AccMotionDet;5.0;5.0;5.0;35.0;1.0;0.231904
1GPU_SV__ds_UFireIndoorVal__mt_temp_method_motion_block__714f920b98ea__20260331.203242_per_frame;0.9810413122177124;0.9525636434555054;0.0073503674939274;30.27900505065918;0.9701598286628724;0.935594379901886;motion_only_block_skip_proc;1.0;16.0;0.05;acc_motion_det.AccMotionDet;5.0;5.0;10.0;25.0;1.0;0.33536900000000003
1GPU_SV__ds_UFireIndoorVal__mt_temp_method_motion_block__72005fb7c84a__20260331.203241_per_frame;0.981780171394348;0.9544995427131652;0.0073678684420883;35.81389236450195;0.9702052474021912;0.9392942786216736;motion_only_block_skip_proc;0.5;32.0;0.05;acc_motion_det.AccMotionDet;5.0;5.0;5.0;35.0;1.0;0.42376600000000003
1GPU_SV__ds_UFireIndoorVal__mt_temp_method_motion_block__74a2ee2312b2__20260331.203243_per_frame;0.9819613695144652;0.954972505569458;0.0073678684420883;27.11159896850586;0.9702326059341432;0.940185010433197;motion_only_block_skip_proc;1.0;16.0;0.1;acc_motion_det.AccMotionDet;5.0;5.0;5.0;25.0;1.0;0.234372
1GPU_SV__ds_UFireIndoorVal__mt_temp_method_motion_block__7da5b7c7571d__20260331.203242_per_frame;0.9820868372917176;0.95529967546463;0.0073678684420883;22.918119430541992;0.9702515602111816;0.9408016204833984;motion_only_block_skip_proc;1.0;16.0;0.05;acc_motion_det.AccMotionDet;5.0;5.0;5.0;25.0;1.0;0.04147700000000001
1GPU_SV__ds_UFireIndoorVal__mt_temp_method_motion_block__7f7f2629e958__20260331.203242_per_frame;0.982100784778595;0.9553360342979432;0.0073678684420883;21.97980499267578;0.9702536463737488;0.94087016582489;motion_only_block_skip_proc;1.0;16.0;0.05;acc_motion_det.AccMotionDet;3.0;5.0;5.0;25.0;1.0;0.00385
1GPU_SV__ds_UFireIndoorVal__mt_temp_method_motion_block__81b4bcec1fed__20260331.203244_per_frame;0.98204505443573;0.955190658569336;0.0073678684420883;30.54496383666992;0.9702452421188354;0.9405961036682128;motion_only_block_skip_proc;1.0;32.0;0.1;acc_motion_det.AccMotionDet;3.0;5.0;5.0;35.0;1.0;0.320109
1GPU_SV__ds_UFireIndoorVal__mt_temp_method_motion_block__81fc984c96fd__20260331.203239_per_frame;0.9816965460777284;0.9542779326438904;0.0073503674939274;34.00828170776367;0.9702591896057128;0.938814640045166;motion_only_block_skip_proc;0.5;16.0;0.1;acc_motion_det.AccMotionDet;3.0;5.0;10.0;15.0;1.0;0.39480200000000004
1GPU_SV__ds_UFireIndoorVal__mt_temp_method_motion_block__87564d7aab33__20260331.203242_per_frame;0.9820868372917176;0.95529967546463;0.0073678684420883;22.854942321777344;0.9702515602111816;0.9408016204833984;motion_only_block_skip_proc;1.0;16.0;0.05;acc_motion_det.AccMotionDet;5.0;5.0;5.0;35.0;1.0;0.039009
1GPU_SV__ds_UFireIndoorVal__mt_temp_method_motion_block__87629e1c52c9__20260331.203240_per_frame;0.9817662239074708;0.9544631838798524;0.0073678684420883;36.02359771728516;0.9702031016349792;0.939225733280182;motion_only_block_skip_proc;0.5;32.0;0.05;acc_motion_det.AccMotionDet;5.0;5.0;5.0;25.0;1.0;0.42892899999999995
1GPU_SV__ds_UFireIndoorVal__mt_temp_method_motion_block__8ca5e96c2c04__20260331.203244_per_frame;0.9794521331787108;0.9483821392059326;0.0073503674939274;34.23918914794922;0.9699162244796752;0.9277834892272948;motion_only_block_skip_proc;1.0;32.0;0.05;acc_motion_det.AccMotionDet;5.0;5.0;10.0;35.0;1.0;0.422366
1GPU_SV__ds_UFireIndoorVal__mt_temp_method_motion_block__8d7378795742__20260331.203241_per_frame;0.9773193001747132;0.9427173137664796;0.0073503674939274;43.32609558105469;0.9695828557014464;0.9173004627227784;motion_only_block_skip_proc;0.5;32.0;0.1;acc_motion_det.AccMotionDet;5.0;5.0;10.0;25.0;1.0;0.577144
1GPU_SV__ds_UFireIndoorVal__mt_temp_method_motion_block__8d7d8d05ec47__20260331.203242_per_frame;0.9820868372917176;0.95529967546463;0.0073678684420883;23.08758544921875;0.9702515602111816;0.9408016204833984;motion_only_block_skip_proc;1.0;16.0;0.05;acc_motion_det.AccMotionDet;5.0;5.0;5.0;15.0;1.0;0.0493
1GPU_SV__ds_UFireIndoorVal__mt_temp_method_motion_block__9b35685ea8bb__20260331.203244_per_frame;0.9818777441978456;0.9547542929649352;0.0073678684420883;31.904705047607425;0.9702199697494508;0.9397739171981812;motion_only_block_skip_proc;1.0;32.0;0.05;acc_motion_det.AccMotionDet;5.0;5.0;5.0;35.0;1.0;0.365751
1GPU_SV__ds_UFireIndoorVal__mt_temp_method_motion_block__aa6cf68ccce3__20260331.203243_per_frame;0.9817383289337158;0.9543871879577636;0.0073503674939274;28.486825942993164;0.9702655076980592;0.9390202164649964;motion_only_block_skip_proc;1.0;16.0;0.1;acc_motion_det.AccMotionDet;3.0;5.0;10.0;25.0;1.0;0.276339
1GPU_SV__ds_UFireIndoorVal__mt_temp_method_motion_block__aaeb0452ad7c__20260331.203244_per_frame;0.98204505443573;0.955190658569336;0.0073678684420883;31.155733108520508;0.9702452421188354;0.9405961036682128;motion_only_block_skip_proc;1.0;32.0;0.1;acc_motion_det.AccMotionDet;3.0;5.0;5.0;15.0;1.0;0.34006000000000003
1GPU_SV__ds_UFireIndoorVal__mt_temp_method_motion_block__ac81fe0bbf17__20260331.203240_per_frame;0.9819056391716005;0.9548270106315612;0.0073678684420883;33.0780143737793;0.9702242016792296;0.9399109482765198;motion_only_block_skip_proc;0.5;16.0;0.1;acc_motion_det.AccMotionDet;5.0;5.0;5.0;15.0;1.0;0.374011
1GPU_SV__ds_UFireIndoorVal__mt_temp_method_motion_block__acf03b7e73fa__20260331.203243_per_frame;0.98207288980484;0.9552633166313172;0.0073678684420883;26.03085708618164;0.9702494740486144;0.9407331347465516;motion_only_block_skip_proc;1.0;32.0;0.05;acc_motion_det.AccMotionDet;3.0;5.0;5.0;15.0;1.0;0.157193
1GPU_SV__ds_UFireIndoorVal__mt_temp_method_motion_block__b28eb1293e74__20260331.203240_per_frame;0.9815571308135986;0.953913688659668;0.0073503674939274;36.06563186645508;0.9702380895614624;0.9381294846534728;motion_only_block_skip_proc;0.5;32.0;0.05;acc_motion_det.AccMotionDet;3.0;5.0;10.0;15.0;1.0;0.426304
1GPU_SV__ds_UFireIndoorVal__mt_temp_method_motion_block__b4830d50fd99__20260331.203239_per_frame;0.9805534482002258;0.9512833952903748;0.0073503674939274;34.9432487487793;0.9700854420661926;0.9331963062286376;motion_only_block_skip_proc;0.5;16.0;0.05;acc_motion_det.AccMotionDet;5.0;5.0;10.0;25.0;1.0;0.41512099999999996
1GPU_SV__ds_UFireIndoorVal__mt_temp_method_motion_block__b913865a01f5__20260331.203239_per_frame;0.982100784778595;0.9553360342979432;0.0073678684420883;23.25460624694824;0.9702536463737488;0.94087016582489;motion_only_block_skip_proc;0.5;16.0;0.05;acc_motion_det.AccMotionDet;3.0;5.0;5.0;25.0;1.0;0.018323
1GPU_SV__ds_UFireIndoorVal__mt_temp_method_motion_block__b99ef3a7f0ca__20260331.203243_per_frame;0.98207288980484;0.9552633166313172;0.0073678684420883;25.879619598388672;0.9702494740486144;0.9407331347465516;motion_only_block_skip_proc;1.0;32.0;0.05;acc_motion_det.AccMotionDet;3.0;5.0;5.0;35.0;1.0;0.15309799999999998
1GPU_SV__ds_UFireIndoorVal__mt_temp_method_motion_block__bb116e2ccac2__20260331.203242_per_frame;0.981780171394348;0.9544963836669922;0.0073503674939274;25.80978012084961;0.9702718257904052;0.939225733280182;motion_only_block_skip_proc;1.0;16.0;0.05;acc_motion_det.AccMotionDet;3.0;5.0;10.0;15.0;1.0;0.176006
1GPU_SV__ds_UFireIndoorVal__mt_temp_method_motion_block__bb43aed254b5__20260331.203243_per_frame;0.980079472064972;0.9500367045402528;0.0073503674939274;32.89815902709961;0.9700128436088562;0.9308667182922364;motion_only_block_skip_proc;1.0;16.0;0.1;acc_motion_det.AccMotionDet;5.0;5.0;10.0;25.0;1.0;0.41025599999999995
1GPU_SV__ds_UFireIndoorVal__mt_temp_method_motion_block__bb4627f14fe2__20260331.203244_per_frame;0.9761065244674684;0.9394688606262208;0.0073503674939274;36.82852935791016;0.9693899750709534;0.911339521408081;motion_only_block_skip_proc;1.0;32.0;0.1;acc_motion_det.AccMotionDet;5.0;5.0;10.0;15.0;1.0;0.480294
1GPU_SV__ds_UFireIndoorVal__mt_temp_method_motion_block__bd7397ca2aeb__20260331.203239_per_frame;0.982100784778595;0.9553360342979432;0.0073678684420883;23.34364318847656;0.9702536463737488;0.94087016582489;motion_only_block_skip_proc;0.5;16.0;0.05;acc_motion_det.AccMotionDet;3.0;5.0;5.0;15.0;1.0;0.019251
1GPU_SV__ds_UFireIndoorVal__mt_temp_method_motion_block__bff395cccb2e__20260331.203241_per_frame;0.9813758730888368;0.9534397721290588;0.0073503674939274;36.09743118286133;0.9702106714248656;0.9372387528419496;motion_only_block_skip_proc;0.5;32.0;0.1;acc_motion_det.AccMotionDet;3.0;5.0;10.0;35.0;1.0;0.42751100000000003
1GPU_SV__ds_UFireIndoorVal__mt_temp_method_motion_block__c049631a9d0e__20260331.203244_per_frame;0.978322982788086;0.9453907012939452;0.0073503674939274;35.21596908569336;0.969740629196167;0.9222336411476136;motion_only_block_skip_proc;1.0;32.0;0.1;acc_motion_det.AccMotionDet;5.0;5.0;10.0;35.0;1.0;0.44350700000000004
1GPU_SV__ds_UFireIndoorVal__mt_temp_method_motion_block__c3a4c90dbc57__20260331.203242_per_frame;0.981780171394348;0.9544963836669922;0.0073503674939274;24.27669715881348;0.9702718257904052;0.939225733280182;motion_only_block_skip_proc;1.0;16.0;0.05;acc_motion_det.AccMotionDet;3.0;5.0;10.0;25.0;1.0;0.114508
1GPU_SV__ds_UFireIndoorVal__mt_temp_method_motion_block__c7656d4083cd__20260331.203240_per_frame;0.98207288980484;0.9552633166313172;0.0073678684420883;30.63720703125;0.9702494740486144;0.9407331347465516;motion_only_block_skip_proc;0.5;32.0;0.05;acc_motion_det.AccMotionDet;3.0;5.0;5.0;15.0;1.0;0.283497
1GPU_SV__ds_UFireIndoorVal__mt_temp_method_motion_block__cff7c937d294__20260331.203240_per_frame;0.9819056391716005;0.9548270106315612;0.0073678684420883;32.62428665161133;0.9702242016792296;0.9399109482765198;motion_only_block_skip_proc;0.5;16.0;0.1;acc_motion_det.AccMotionDet;5.0;5.0;5.0;35.0;1.0;0.363388
1GPU_SV__ds_UFireIndoorVal__mt_temp_method_motion_block__d1b3ebb54aef__20260331.203239_per_frame;0.9820589423179626;0.9552270174026488;0.0073678684420883;28.64513397216797;0.9702473282814026;0.9406645894050598;motion_only_block_skip_proc;0.5;16.0;0.05;acc_motion_det.AccMotionDet;5.0;5.0;5.0;15.0;1.0;0.24310500000000002
1GPU_SV__ds_UFireIndoorVal__mt_temp_method_motion_block__d248962925c9__20260331.203241_per_frame;0.9819613695144652;0.954972505569458;0.0073678684420883;34.79747009277344;0.9702326059341432;0.940185010433197;motion_only_block_skip_proc;0.5;32.0;0.1;acc_motion_det.AccMotionDet;3.0;5.0;5.0;15.0;1.0;0.397637
1GPU_SV__ds_UFireIndoorVal__mt_temp_method_motion_block__d6ae651fbc1b__20260331.203241_per_frame;0.974252462387085;0.9344547390937804;0.0073153655976057;44.79426193237305;0.9692285060882568;0.902089774608612;motion_only_block_skip_proc;0.5;32.0;0.1;acc_motion_det.AccMotionDet;5.0;5.0;10.0;15.0;1.0;0.59552
1GPU_SV__ds_UFireIndoorVal__mt_temp_method_motion_block__d718885f6693__20260331.203243_per_frame;0.9819613695144652;0.954972505569458;0.0073678684420883;27.359289169311523;0.9702326059341432;0.940185010433197;motion_only_block_skip_proc;1.0;16.0;0.1;acc_motion_det.AccMotionDet;5.0;5.0;5.0;15.0;1.0;0.24216000000000001
1GPU_SV__ds_UFireIndoorVal__mt_temp_method_motion_block__d7f2602e476e__20260331.203239_per_frame;0.9817941188812256;0.95453280210495;0.0073503674939274;31.053787231445312;0.9702739119529724;0.9392942786216736;motion_only_block_skip_proc;0.5;16.0;0.05;acc_motion_det.AccMotionDet;3.0;5.0;10.0;15.0;1.0;0.310448
1GPU_SV__ds_UFireIndoorVal__mt_temp_method_motion_block__e0015b0c8fd3__20260331.203242_per_frame;0.982100784778595;0.9553360342979432;0.0073678684420883;22.49908447265625;0.9702536463737488;0.94087016582489;motion_only_block_skip_proc;1.0;16.0;0.1;acc_motion_det.AccMotionDet;3.0;5.0;5.0;25.0;1.0;0.026986
1GPU_SV__ds_UFireIndoorVal__mt_temp_method_motion_block__e1e31a481245__20260331.203239_per_frame;0.9820589423179626;0.9552270174026488;0.0073678684420883;28.512454986572266;0.9702473282814026;0.9406645894050598;motion_only_block_skip_proc;0.5;16.0;0.05;acc_motion_det.AccMotionDet;5.0;5.0;5.0;25.0;1.0;0.23904399999999998
1GPU_SV__ds_UFireIndoorVal__mt_temp_method_motion_block__e1ecccc4a04d__20260331.203240_per_frame;0.9819056391716005;0.9548270106315612;0.0073678684420883;32.750667572021484;0.9702242016792296;0.9399109482765198;motion_only_block_skip_proc;0.5;16.0;0.1;acc_motion_det.AccMotionDet;5.0;5.0;5.0;25.0;1.0;0.366066
1GPU_SV__ds_UFireIndoorVal__mt_temp_method_motion_block__e36cc174617f__20260331.203243_per_frame;0.9816407561302184;0.9541322588920592;0.0073503674939274;31.14124298095703;0.9702507257461548;0.9385405778884888;motion_only_block_skip_proc;1.0;32.0;0.05;acc_motion_det.AccMotionDet;3.0;5.0;10.0;25.0;1.0;0.330522
1GPU_SV__ds_UFireIndoorVal__mt_temp_method_motion_block__e8c9ca1953a0__20260331.203243_per_frame;0.9818777441978456;0.9547542929649352;0.0073678684420883;31.98714065551757;0.9702199697494508;0.9397739171981812;motion_only_block_skip_proc;1.0;32.0;0.05;acc_motion_det.AccMotionDet;5.0;5.0;5.0;25.0;1.0;0.368761
1GPU_SV__ds_UFireIndoorVal__mt_temp_method_motion_block__eacab18f79e4__20260331.203240_per_frame;0.9816407561302184;0.9541322588920592;0.0073503674939274;35.33316802978516;0.9702507257461548;0.9385405778884888;motion_only_block_skip_proc;0.5;32.0;0.05;acc_motion_det.AccMotionDet;3.0;5.0;10.0;35.0;1.0;0.409853
1GPU_SV__ds_UFireIndoorVal__mt_temp_method_motion_block__f038fde02844__20260331.203242_per_frame;0.982100784778595;0.9553360342979432;0.0073678684420883;21.958724975585938;0.9702536463737488;0.94087016582489;motion_only_block_skip_proc;1.0;16.0;0.05;acc_motion_det.AccMotionDet;3.0;5.0;5.0;35.0;1.0;0.0037630000000000003
1GPU_SV__ds_UFireIndoorVal__mt_temp_method_motion_block__f1e368035c58__20260331.203239_per_frame;0.982100784778595;0.9553360342979432;0.0073678684420883;23.20802497863769;0.9702536463737488;0.94087016582489;motion_only_block_skip_proc;0.5;16.0;0.05;acc_motion_det.AccMotionDet;3.0;5.0;5.0;35.0;1.0;0.018130999999999998
1GPU_SV__ds_UFireIndoorVal__mt_temp_method_motion_block__f2298a84e701__20260331.203244_per_frame;0.9814873933792114;0.9537314176559448;0.0073503674939274;33.520938873291016;0.9702275395393372;0.9377869367599488;motion_only_block_skip_proc;1.0;32.0;0.1;acc_motion_det.AccMotionDet;3.0;5.0;10.0;35.0;1.0;0.405723
1GPU_SV__ds_UFireIndoorVal__mt_temp_method_motion_block__f58eeef66948__20260331.203243_per_frame;0.9816407561302184;0.9541322588920592;0.0073503674939274;30.97201156616211;0.9702507257461548;0.9385405778884888;motion_only_block_skip_proc;1.0;32.0;0.05;acc_motion_det.AccMotionDet;3.0;5.0;10.0;35.0;1.0;0.32576099999999997
1GPU_SV__ds_UFireIndoorVal__mt_temp_method_motion_block__fa1b9e23a2ff__20260331.203244_per_frame;0.9786575436592102;0.9462788105010986;0.0073503674939274;35.16461563110352;0.9697928428649902;0.923878014087677;motion_only_block_skip_proc;1.0;32.0;0.05;acc_motion_det.AccMotionDet;5.0;5.0;10.0;15.0;1.0;0.442877
1GPU_SV__ds_UFireIndoorVal__mt_temp_method_motion_block__fc28557bcf91__20260331.203241_per_frame;0.9813758730888368;0.9534397721290588;0.0073503674939274;36.21589660644531;0.9702106714248656;0.9372387528419496;motion_only_block_skip_proc;0.5;32.0;0.1;acc_motion_det.AccMotionDet;3.0;5.0;10.0;25.0;1.0;0.43099400000000004
