video_path;width;height;frame_count;fps;file_name;dataset_name;video_label
/mnt/c/Users/ha/Desktop/new_dataset/pool/Mivia_fire/Mivia__lb_fire__fire14.avi;320;240;369243;1000;Mivia__lb_fire__fire14.avi;Mivia;fire
/mnt/c/Users/ha/Desktop/new_dataset/pool/pexels/PEXELs__lb_firesmoke__68413-528670667.mp4;1920;1080;1218;60;PEXELs__lb_firesmoke__68413-528670667.mp4;PEXELs;firesmoke
/mnt/c/Users/ha/Desktop/new_dataset/pool/pexels/PEXELs__lb_firesmoke__13589187_1080_1920_60fps.mp4;1080;1920;660;59.94005994;PEXELs__lb_firesmoke__13589187_1080_1920_60fps.mp4;PEXELs;firesmoke
/mnt/c/Users/ha/Desktop/new_dataset/pool/pexels/PEXELs__lb_firesmoke__143325-782178558.mp4;1920;1080;354;50;PEXELs__lb_firesmoke__143325-782178558.mp4;PEXELs;firesmoke
/mnt/c/Users/ha/Desktop/new_dataset/pool/pexels/PEXELs__lb_firesmoke__95009-644716367.mp4;1920;1080;647;50;PEXELs__lb_firesmoke__95009-644716367.mp4;PEXELs;firesmoke
/mnt/c/Users/ha/Desktop/new_dataset/pool/pexels/PEXELs__lb_firesmoke__95010-644716378.mp4;1920;1080;1486;50;PEXELs__lb_firesmoke__95010-644716378.mp4;PEXELs;firesmoke
/mnt/c/Users/ha/Desktop/new_dataset/pool/pexels/PEXELs__lb_firesmoke__97842-649761078.mp4;1920;1080;1284;50;PEXELs__lb_firesmoke__97842-649761078.mp4;PEXELs;firesmoke
/mnt/c/Users/ha/Desktop/new_dataset/pool/FireNet/fire/FireNet__lb_firesmoke__FireVid31.mp4;352;640;317;31.179;FireNet__lb_firesmoke__FireVid31.mp4;FireNet;firesmoke
/mnt/c/Users/ha/Desktop/new_dataset/pool/FireNet/NoFire/FireNet__lb_none__NoFireVid3.mp4;1280;720;113;30.25192086;FireNet__lb_none__NoFireVid3.mp4;FireNet;none
/mnt/c/Users/ha/Desktop/new_dataset/pool/FireNet/NoFire/FireNet__lb_none__NoFireVid9.mp4;1280;720;74;30.25185487;FireNet__lb_none__NoFireVid9.mp4;FireNet;none
/mnt/c/Users/ha/Desktop/new_dataset/pool/FireNet/NoFire/FireNet__lb_none__NoFireVid10.mp4;1280;720;70;30.25185098;FireNet__lb_none__NoFireVid10.mp4;FireNet;none
/mnt/c/Users/ha/Desktop/new_dataset/pool/FireNet/fire/FireNet__lb_firesmoke__FireVid20.mp4;1280;720;148;30.25178685;FireNet__lb_firesmoke__FireVid20.mp4;FireNet;firesmoke
/mnt/c/Users/ha/Desktop/new_dataset/pool/FireNet/fire/FireNet__lb_firesmoke__FireVid25.mp4;1280;720;174;30.25176773;FireNet__lb_firesmoke__FireVid25.mp4;FireNet;firesmoke
/mnt/c/Users/ha/Desktop/new_dataset/pool/FireNet/fire/FireNet__lb_firesmoke__FireVid21.mp4;1280;720;175;30.25176731;FireNet__lb_firesmoke__FireVid21.mp4;FireNet;firesmoke
/mnt/c/Users/ha/Desktop/new_dataset/pool/FireNet/NoFire/FireNet__lb_none__NoFireVid12.mp4;1280;720;369;30.25175114;FireNet__lb_none__NoFireVid12.mp4;FireNet;none
/mnt/c/Users/ha/Desktop/new_dataset/pool/FireNet/fire/FireNet__lb_firesmoke__FireVid22.mp4;1280;720;172;30.25171006;FireNet__lb_firesmoke__FireVid22.mp4;FireNet;firesmoke
/mnt/c/Users/ha/Desktop/new_dataset/pool/FireNet/NoFire/FireNet__lb_none__NoFireVid14.mp4;1280;720;109;30.25166051;FireNet__lb_none__NoFireVid14.mp4;FireNet;none
/mnt/c/Users/ha/Desktop/new_dataset/pool/FireNet/NoFire/FireNet__lb_none__NoFireVid13.mp4;1280;720;514;30.25165136;FireNet__lb_none__NoFireVid13.mp4;FireNet;none
/mnt/c/Users/ha/Desktop/new_dataset/pool/FireNet/fire/FireNet__lb_firesmoke__FireVid23.mp4;1280;720;168;30.25163417;FireNet__lb_firesmoke__FireVid23.mp4;FireNet;firesmoke
/mnt/c/Users/ha/Desktop/new_dataset/pool/FireNet/NoFire/FireNet__lb_none__NoFireVid11.mp4;1280;720;184;30.25161949;FireNet__lb_none__NoFireVid11.mp4;FireNet;none
/mnt/c/Users/ha/Desktop/new_dataset/pool/FireNet/fire/FireNet__lb_firesmoke__FireVid24.mp4;1280;720;145;30.25142901;FireNet__lb_firesmoke__FireVid24.mp4;FireNet;firesmoke
/mnt/c/Users/ha/Desktop/new_dataset/pool/FireNet/fire/FireNet__lb_firesmoke__FireVid26.mp4;1280;720;289;30.20151762;FireNet__lb_firesmoke__FireVid26.mp4;FireNet;firesmoke
/mnt/c/Users/ha/Desktop/new_dataset/pool/FireNet/NoFire/FireNet__lb_none__NoFireVid16.mp4;1280;720;217;30.15145199;FireNet__lb_none__NoFireVid16.mp4;FireNet;none
/mnt/c/Users/ha/Desktop/new_dataset/pool/FireNet/fire/FireNet__lb_firesmoke__FireVid67.mp4;1920;1080;442;30.04007609;FireNet__lb_firesmoke__FireVid67.mp4;FireNet;firesmoke
/mnt/c/Users/ha/Desktop/new_dataset/pool/DFire/valid/DFire__lb_none__FP50.mp4;1080;1920;462;30.03504088;DFire__lb_none__FP50.mp4;DFire;none
/mnt/c/Users/ha/Desktop/new_dataset/pool/FireNet/NoFire/FireNet__lb_none__NoFireVid6.mp4;1920;1080;380;30.00855507;FireNet__lb_none__NoFireVid6.mp4;FireNet;none
/mnt/c/Users/ha/Desktop/new_dataset/pool/FireNet/fire/FireNet__lb_firesmoke__FireVid37.mp4;720;1280;166;30.00723066;FireNet__lb_firesmoke__FireVid37.mp4;FireNet;firesmoke
/mnt/c/Users/ha/Desktop/new_dataset/pool/FireNet/fire/FireNet__lb_firesmoke__FireVid32.mp4;720;1280;646;30.00464468;FireNet__lb_firesmoke__FireVid32.mp4;FireNet;firesmoke
/mnt/c/Users/ha/Desktop/new_dataset/pool/FireNet/fire/FireNet__lb_firesmoke__FireVid33.mp4;720;1280;646;30.00464468;FireNet__lb_firesmoke__FireVid33.mp4;FireNet;firesmoke
/mnt/c/Users/ha/Desktop/new_dataset/pool/FireNet/NoFire/FireNet__lb_none__NoFireVid2.mp4;1920;1080;260;30.00453915;FireNet__lb_none__NoFireVid2.mp4;FireNet;none
/mnt/c/Users/ha/Desktop/new_dataset/pool/FireNet/fire/FireNet__lb_firesmoke__FireVid28.mp4;720;1280;1213;30.00395765;FireNet__lb_firesmoke__FireVid28.mp4;FireNet;firesmoke
/mnt/c/Users/ha/Desktop/new_dataset/pool/FireNet/fire/FireNet__lb_firesmoke__FireVid34.mp4;720;1280;1051;30.00371121;FireNet__lb_firesmoke__FireVid34.mp4;FireNet;firesmoke
/mnt/c/Users/ha/Desktop/new_dataset/pool/FireNet/fire/FireNet__lb_firesmoke__FireVid29.mp4;720;1280;1625;30.00369276;FireNet__lb_firesmoke__FireVid29.mp4;FireNet;firesmoke
/mnt/c/Users/ha/Desktop/new_dataset/pool/FireNet/fire/FireNet__lb_firesmoke__FireVid38.mp4;720;1280;1637;30.00366569;FireNet__lb_firesmoke__FireVid38.mp4;FireNet;firesmoke
/mnt/c/Users/ha/Desktop/new_dataset/pool/FireNet/fire/FireNet__lb_firesmoke__FireVid30.mp4;720;1280;1236;30.00364122;FireNet__lb_firesmoke__FireVid30.mp4;FireNet;firesmoke
/mnt/c/Users/ha/Desktop/new_dataset/pool/FireNet/fire/FireNet__lb_firesmoke__FireVid36.mp4;720;1280;1430;30.00356686;FireNet__lb_firesmoke__FireVid36.mp4;FireNet;firesmoke
/mnt/c/Users/ha/Desktop/new_dataset/pool/FireNet/fire/FireNet__lb_firesmoke__FireVid27.mp4;720;1280;1475;30.00345803;FireNet__lb_firesmoke__FireVid27.mp4;FireNet;firesmoke
/mnt/c/Users/ha/Desktop/new_dataset/pool/FireNet/fire/FireNet__lb_firesmoke__FireVid35.mp4;720;1280;1814;30.00281173;FireNet__lb_firesmoke__FireVid35.mp4;FireNet;firesmoke
/mnt/c/Users/ha/Desktop/new_dataset/pool/FIRESENSE/smoke_videos.1407/neg/FIRESENSE__lb_none__testneg03.809.avi;640;480;748;30.00003;FIRESENSE__lb_none__testneg03.809.avi;FIRESENSE;none
/mnt/c/Users/ha/Desktop/new_dataset/pool/Prof/Prof__lb_firesmoke__d3.mp4;1280;720;15594;30.00002693;Prof__lb_firesmoke__d3.mp4;Prof;firesmoke
/mnt/c/Users/ha/Desktop/new_dataset/pool/pexels/PEXELs__lb_firesmoke__11910087_1920_1080_30fps.mp4;1920;1080;1796;30;PEXELs__lb_firesmoke__11910087_1920_1080_30fps.mp4;PEXELs;firesmoke
/mnt/c/Users/ha/Desktop/new_dataset/pool/pexels/PEXELs__lb_firesmoke__214875_small.mp4;1920;1080;636;30;PEXELs__lb_firesmoke__214875_small.mp4;PEXELs;firesmoke
/mnt/c/Users/ha/Desktop/new_dataset/pool/pexels/PEXELs__lb_firesmoke__4525902-hd_1920_1080_30fps.mp4;1920;1080;1018;30;PEXELs__lb_firesmoke__4525902-hd_1920_1080_30fps.mp4;PEXELs;firesmoke
/mnt/c/Users/ha/Desktop/new_dataset/pool/pexels/PEXELs__lb_firesmoke__47889-452144042.mp4;1920;1080;988;30;PEXELs__lb_firesmoke__47889-452144042.mp4;PEXELs;firesmoke
/mnt/c/Users/ha/Desktop/new_dataset/pool/pexels/PEXELs__lb_firesmoke__4824124-hd_1920_1080_30fps.mp4;1920;1080;398;30;PEXELs__lb_firesmoke__4824124-hd_1920_1080_30fps.mp4;PEXELs;firesmoke
/mnt/c/Users/ha/Desktop/new_dataset/pool/pexels/PEXELs__lb_firesmoke__8064156-hd_1920_1080_30fps.mp4;1920;1080;259;30;PEXELs__lb_firesmoke__8064156-hd_1920_1080_30fps.mp4;PEXELs;firesmoke
/mnt/c/Users/ha/Desktop/new_dataset/pool/pexels/PEXELs__lb_firesmoke__9416733-hd_1920_1080_30fps.mp4;1920;1080;41;30;PEXELs__lb_firesmoke__9416733-hd_1920_1080_30fps.mp4;PEXELs;firesmoke
/mnt/c/Users/ha/Desktop/new_dataset/pool/FireNet/NoFire/FireNet__lb_none__NoFireVid7.mp4;1920;1080;86;30;FireNet__lb_none__NoFireVid7.mp4;FireNet;none
/mnt/c/Users/ha/Desktop/new_dataset/pool/fire video/VSD3__lb_firesmoke__video5.mp4;1280;720;9018;30;VSD3__lb_firesmoke__video5.mp4;VSD3;firesmoke
/mnt/c/Users/ha/Desktop/new_dataset/pool/Prof/Prof__lb_firesmoke__d0.mp4;1280;720;6300;30;Prof__lb_firesmoke__d0.mp4;Prof;firesmoke
/mnt/c/Users/ha/Desktop/new_dataset/pool/Prof/Prof__lb_firesmoke__d1.mp4;1280;720;6600;30;Prof__lb_firesmoke__d1.mp4;Prof;firesmoke
/mnt/c/Users/ha/Desktop/new_dataset/pool/Prof/Prof__lb_firesmoke__d2.mp4;1280;720;6750;30;Prof__lb_firesmoke__d2.mp4;Prof;firesmoke
/mnt/c/Users/ha/Desktop/new_dataset/pool/Prof/Prof__lb_firesmoke__d4.mp4;1280;720;11400;30;Prof__lb_firesmoke__d4.mp4;Prof;firesmoke
/mnt/c/Users/ha/Desktop/new_dataset/pool/Prof/Prof__lb_firesmoke__f6.mp4;1194;648;1747;30;Prof__lb_firesmoke__f6.mp4;Prof;firesmoke
/mnt/c/Users/ha/Desktop/new_dataset/pool/pexels/PEXELs__lb_firesmoke__6768306-hd_1080_2048_30fps.mp4;1080;2048;613;30;PEXELs__lb_firesmoke__6768306-hd_1080_2048_30fps.mp4;PEXELs;firesmoke
/mnt/c/Users/ha/Desktop/new_dataset/pool/pexels/PEXELs__lb_firesmoke__6768504-hd_1080_2048_30fps.mp4;1080;2048;747;30;PEXELs__lb_firesmoke__6768504-hd_1080_2048_30fps.mp4;PEXELs;firesmoke
/mnt/c/Users/ha/Desktop/new_dataset/pool/pexels/PEXELs__lb_firesmoke__3138266-hd_1080_1920_30fps.mp4;1080;1920;1154;30;PEXELs__lb_firesmoke__3138266-hd_1080_1920_30fps.mp4;PEXELs;firesmoke
/mnt/c/Users/ha/Desktop/new_dataset/pool/pexels/PEXELs__lb_firesmoke__7131681-hd_1080_2048_30fps.mp4;720;1366;789;30;PEXELs__lb_firesmoke__7131681-hd_1080_2048_30fps.mp4;PEXELs;firesmoke
/mnt/c/Users/ha/Desktop/new_dataset/pool/fire video/VSD3__lb_none__video11.avi;640;368;541;30;VSD3__lb_none__video11.avi;VSD3;none
/mnt/c/Users/ha/Desktop/new_dataset/pool/FIRESENSE/fire_videos.1406/neg/FIRESENSE__lb_none__negsVideo4.861.avi;640;368;1931;30;FIRESENSE__lb_none__negsVideo4.861.avi;FIRESENSE;none
/mnt/c/Users/ha/Desktop/new_dataset/pool/FIRESENSE/fire_videos.1406/neg/FIRESENSE__lb_none__negsVideo7.864.avi;640;368;541;30;FIRESENSE__lb_none__negsVideo7.864.avi;FIRESENSE;none
/mnt/c/Users/ha/Desktop/new_dataset/pool/fire video/VSD3__lb_firesmoke__video7.mp4;640;360;2878;30;VSD3__lb_firesmoke__video7.mp4;VSD3;firesmoke
/mnt/c/Users/ha/Desktop/new_dataset/pool/FIRESENSE/smoke_videos.1407/pos/FIRESENSE__lb_smoketestpos09.825.avi;640;360;828;30;FIRESENSE__lb_smoketestpos09.825.avi;FIRESENSE;smoketestpos09.825.avi
/mnt/c/Users/ha/Desktop/new_dataset/pool/FiSmo/FireVid/FireVid/videos/FiSmo__lb_firesmoke__fireVid_005.avi;600;336;5724;30;FiSmo__lb_firesmoke__fireVid_005.avi;FiSmo;firesmoke
/mnt/c/Users/ha/Desktop/new_dataset/pool/FiSmo/FireVid/FireVid/videos/FiSmo__lb_firesmoke__fireVid_009.avi;600;336;6908;30;FiSmo__lb_firesmoke__fireVid_009.avi;FiSmo;firesmoke
/mnt/c/Users/ha/Desktop/new_dataset/pool/FiSmo/FireVid/FireVid/videos/FiSmo__lb_firesmoke__fireVid_011.avi;600;336;5815;30;FiSmo__lb_firesmoke__fireVid_011.avi;FiSmo;firesmoke
/mnt/c/Users/ha/Desktop/new_dataset/pool/FiSmo/FireVid/FireVid/videos/FiSmo__lb_firesmoke__fireVid_012.avi;600;336;5608;30;FiSmo__lb_firesmoke__fireVid_012.avi;FiSmo;firesmoke
/mnt/c/Users/ha/Desktop/new_dataset/pool/FiSmo/FireVid/FireVid/videos/FiSmo__lb_firesmoke__fireVid_014.avi;600;336;8966;30;FiSmo__lb_firesmoke__fireVid_014.avi;FiSmo;firesmoke
/mnt/c/Users/ha/Desktop/new_dataset/pool/FiSmo/FireVid/FireVid/videos/FiSmo__lb_firesmoke__fireVid_015.avi;600;336;8031;30;FiSmo__lb_firesmoke__fireVid_015.avi;FiSmo;firesmoke
/mnt/c/Users/ha/Desktop/new_dataset/pool/FiSmo/FireVid/FireVid/videos/FiSmo__lb_firesmoke__fireVid_016.avi;600;336;929;30;FiSmo__lb_firesmoke__fireVid_016.avi;FiSmo;firesmoke
/mnt/c/Users/ha/Desktop/new_dataset/pool/FiSmo/FireVid/FireVid/videos/FiSmo__lb_firesmoke__fireVid_023.avi;600;336;6653;30;FiSmo__lb_firesmoke__fireVid_023.avi;FiSmo;firesmoke
/mnt/c/Users/ha/Desktop/new_dataset/pool/FIRESENSE/fire_videos.1406/neg/FIRESENSE__lb_none__negsVideo5.862.avi;480;368;439;30;FIRESENSE__lb_none__negsVideo5.862.avi;FIRESENSE;none
/mnt/c/Users/ha/Desktop/new_dataset/pool/Visor_dataset/Visor__lb_smoke__1197283983165_01_ballistic.avi;320;240;347;30;Visor__lb_smoke__1197283983165_01_ballistic.avi;Visor;smoke
/mnt/c/Users/ha/Desktop/new_dataset/pool/FireNet/NoFire/FireNet__lb_none__NoFireVid15.mp4;1280;720;39;29.99384742;FireNet__lb_none__NoFireVid15.mp4;FireNet;none
/mnt/c/Users/ha/Desktop/new_dataset/pool/fire video/VSD3__lb_firesmoke__video4.mp4;1920;1080;1419;29.98326515;VSD3__lb_firesmoke__video4.mp4;VSD3;firesmoke
/mnt/c/Users/ha/Desktop/new_dataset/pool/FireNet/NoFire/FireNet__lb_none__NoFireVid4.mp4;400;222;454;29.977066;FireNet__lb_none__NoFireVid4.mp4;FireNet;none
/mnt/c/Users/ha/Desktop/new_dataset/pool/pexels/PEXELs__lb_firesmoke__11574636-hd_1920_1080_30fps.mp4;1920;1080;1569;29.97002997;PEXELs__lb_firesmoke__11574636-hd_1920_1080_30fps.mp4;PEXELs;firesmoke
/mnt/c/Users/ha/Desktop/new_dataset/pool/pexels/PEXELs__lb_firesmoke__11584960-hd_1920_1080_30fps.mp4;1920;1080;2147;29.97002997;PEXELs__lb_firesmoke__11584960-hd_1920_1080_30fps.mp4;PEXELs;firesmoke
/mnt/c/Users/ha/Desktop/new_dataset/pool/pexels/PEXELs__lb_firesmoke__125899-735656332.mp4;1920;1080;1713;29.97002997;PEXELs__lb_firesmoke__125899-735656332.mp4;PEXELs;firesmoke
/mnt/c/Users/ha/Desktop/new_dataset/pool/pexels/PEXELs__lb_firesmoke__133858-758182528_small.mp4;1920;1080;600;29.97002997;PEXELs__lb_firesmoke__133858-758182528_small.mp4;PEXELs;firesmoke
/mnt/c/Users/ha/Desktop/new_dataset/pool/pexels/PEXELs__lb_firesmoke__14121175-hd_1920_1080_30fps.mp4;1920;1080;529;29.97002997;PEXELs__lb_firesmoke__14121175-hd_1920_1080_30fps.mp4;PEXELs;firesmoke
/mnt/c/Users/ha/Desktop/new_dataset/pool/pexels/PEXELs__lb_firesmoke__14121184-hd_1920_1080_30fps.mp4;1920;1080;591;29.97002997;PEXELs__lb_firesmoke__14121184-hd_1920_1080_30fps.mp4;PEXELs;firesmoke
/mnt/c/Users/ha/Desktop/new_dataset/pool/pexels/PEXELs__lb_firesmoke__153663-805688996_small.mp4;1920;1080;1001;29.97002997;PEXELs__lb_firesmoke__153663-805688996_small.mp4;PEXELs;firesmoke
/mnt/c/Users/ha/Desktop/new_dataset/pool/pexels/PEXELs__lb_firesmoke__17469008-hd_1920_1080_30fps.mp4;1920;1080;961;29.97002997;PEXELs__lb_firesmoke__17469008-hd_1920_1080_30fps.mp4;PEXELs;firesmoke
/mnt/c/Users/ha/Desktop/new_dataset/pool/pexels/PEXELs__lb_firesmoke__217739_small.mp4;1920;1080;1799;29.97002997;PEXELs__lb_firesmoke__217739_small.mp4;PEXELs;firesmoke
/mnt/c/Users/ha/Desktop/new_dataset/pool/pexels/PEXELs__lb_firesmoke__224207_small.mp4;1920;1080;247;29.97002997;PEXELs__lb_firesmoke__224207_small.mp4;PEXELs;firesmoke
/mnt/c/Users/ha/Desktop/new_dataset/pool/pexels/PEXELs__lb_firesmoke__3211457-hd_1920_1080_30fps.mp4;1920;1080;1835;29.97002997;PEXELs__lb_firesmoke__3211457-hd_1920_1080_30fps.mp4;PEXELs;firesmoke
/mnt/c/Users/ha/Desktop/new_dataset/pool/pexels/PEXELs__lb_firesmoke__3490083-hd_1920_1080_30fps.mp4;1920;1080;578;29.97002997;PEXELs__lb_firesmoke__3490083-hd_1920_1080_30fps.mp4;PEXELs;firesmoke
/mnt/c/Users/ha/Desktop/new_dataset/pool/pexels/PEXELs__lb_firesmoke__5470456-hd_1920_1080_30fps.mp4;1920;1080;1358;29.97002997;PEXELs__lb_firesmoke__5470456-hd_1920_1080_30fps.mp4;PEXELs;firesmoke
/mnt/c/Users/ha/Desktop/new_dataset/pool/pexels/PEXELs__lb_firesmoke__5488780-hd_1920_1080_30fps.mp4;1920;1080;1921;29.97002997;PEXELs__lb_firesmoke__5488780-hd_1920_1080_30fps.mp4;PEXELs;firesmoke
/mnt/c/Users/ha/Desktop/new_dataset/pool/pexels/PEXELs__lb_firesmoke__5509723-hd_1920_1080_30fps.mp4;1920;1080;273;29.97002997;PEXELs__lb_firesmoke__5509723-hd_1920_1080_30fps.mp4;PEXELs;firesmoke
/mnt/c/Users/ha/Desktop/new_dataset/pool/pexels/PEXELs__lb_firesmoke__5826368-hd_1920_1080_30fps.mp4;1920;1080;1494;29.97002997;PEXELs__lb_firesmoke__5826368-hd_1920_1080_30fps.mp4;PEXELs;firesmoke
/mnt/c/Users/ha/Desktop/new_dataset/pool/pexels/PEXELs__lb_firesmoke__6218554-hd_1920_1080_30fps.mp4;1920;1080;648;29.97002997;PEXELs__lb_firesmoke__6218554-hd_1920_1080_30fps.mp4;PEXELs;firesmoke
/mnt/c/Users/ha/Desktop/new_dataset/pool/pexels/PEXELs__lb_firesmoke__62402-504238747_medium.mp4;1920;1080;172;29.97002997;PEXELs__lb_firesmoke__62402-504238747_medium.mp4;PEXELs;firesmoke
/mnt/c/Users/ha/Desktop/new_dataset/pool/pexels/PEXELs__lb_firesmoke__6967877-hd_1920_1080_30fps.mp4;1920;1080;892;29.97002997;PEXELs__lb_firesmoke__6967877-hd_1920_1080_30fps.mp4;PEXELs;firesmoke
/mnt/c/Users/ha/Desktop/new_dataset/pool/fire video/VSD3__lb_firesmoke__video6.mp4;1280;720;5667;29.97002997;VSD3__lb_firesmoke__video6.mp4;VSD3;firesmoke
/mnt/c/Users/ha/Desktop/new_dataset/pool/pexels/PEXELs__lb_firesmoke__10999881-hd_1920_1080_30fps.mp4;1280;720;320;29.97002997;PEXELs__lb_firesmoke__10999881-hd_1920_1080_30fps.mp4;PEXELs;firesmoke
/mnt/c/Users/ha/Desktop/new_dataset/pool/pexels/PEXELs__lb_firesmoke__41348-429396499_large.mp4;1280;720;680;29.97002997;PEXELs__lb_firesmoke__41348-429396499_large.mp4;PEXELs;firesmoke
/mnt/c/Users/ha/Desktop/new_dataset/pool/pexels/PEXELs__lb_firesmoke__5503417-hd_1280_720_30fps.mp4;1280;720;454;29.97002997;PEXELs__lb_firesmoke__5503417-hd_1280_720_30fps.mp4;PEXELs;firesmoke
/mnt/c/Users/ha/Desktop/new_dataset/pool/pexels/PEXELs__lb_firesmoke__6186411-hd_1920_1080_30fps.mp4;1280;720;930;29.97002997;PEXELs__lb_firesmoke__6186411-hd_1920_1080_30fps.mp4;PEXELs;firesmoke
/mnt/c/Users/ha/Desktop/new_dataset/pool/pexels/PEXELs__lb_firesmoke__6968181-hd_1920_1080_30fps.mp4;1280;720;1110;29.97002997;PEXELs__lb_firesmoke__6968181-hd_1920_1080_30fps.mp4;PEXELs;firesmoke
/mnt/c/Users/ha/Desktop/new_dataset/pool/pexels/PEXELs__lb_firesmoke__5758682-hd_1080_1920_30fps.mp4;1080;1920;573;29.97002997;PEXELs__lb_firesmoke__5758682-hd_1080_1920_30fps.mp4;PEXELs;firesmoke
/mnt/c/Users/ha/Desktop/new_dataset/pool/pexels/PEXELs__lb_firesmoke__6283922-hd_1080_1920_30fps.mp4;1080;1920;1195;29.97002997;PEXELs__lb_firesmoke__6283922-hd_1080_1920_30fps.mp4;PEXELs;firesmoke
/mnt/c/Users/ha/Desktop/new_dataset/pool/pexels/PEXELs__lb_firesmoke__8943204-hd_1080_1920_30fps.mp4;1080;1920;534;29.97002997;PEXELs__lb_firesmoke__8943204-hd_1080_1920_30fps.mp4;PEXELs;firesmoke
/mnt/c/Users/ha/Desktop/new_dataset/pool/pexels/PEXELs__lb_firesmoke__17429991-hd_1080_1920_30fps.mp4;720;1280;421;29.97002997;PEXELs__lb_firesmoke__17429991-hd_1080_1920_30fps.mp4;PEXELs;firesmoke
/mnt/c/Users/ha/Desktop/new_dataset/pool/FIRESENSE/smoke_videos.1407/pos/FIRESENSE__lb_smoketestpos02.818.avi;640;424;1728;29.97002997;FIRESENSE__lb_smoketestpos02.818.avi;FIRESENSE;smoketestpos02.818.avi
/mnt/c/Users/ha/Desktop/new_dataset/pool/FIRESENSE/fire_videos.1406/neg/FIRESENSE__lb_none__negsVideo8.865.avi;640;352;3761;29.97002997;FIRESENSE__lb_none__negsVideo8.865.avi;FIRESENSE;none
/mnt/c/Users/ha/Desktop/new_dataset/pool/FiSmo/FireVid/FireVid/videos/FiSmo__lb_firesmoke__fireVid_003.mp4;480;360;4139;29.97002997;FiSmo__lb_firesmoke__fireVid_003.mp4;FiSmo;firesmoke
/mnt/c/Users/ha/Desktop/new_dataset/pool/FiSmo/FireVid/FireVid/videos/FiSmo__lb_firesmoke__fireVid_006.mp4;480;360;4177;29.97002997;FiSmo__lb_firesmoke__fireVid_006.mp4;FiSmo;firesmoke
/mnt/c/Users/ha/Desktop/new_dataset/pool/FIRESENSE/fire_videos.1406/pos/FIRESENSE__lb_fire__posVideo2.871.avi;480;272;510;29.97002997;FIRESENSE__lb_fire__posVideo2.871.avi;FIRESENSE;fire
/mnt/c/Users/ha/Desktop/new_dataset/pool/FIRESENSE/fire_videos.1406/pos/FIRESENSE__lb_fire__posVideo3.872.avi;480;272;381;29.97002997;FIRESENSE__lb_fire__posVideo3.872.avi;FIRESENSE;fire
/mnt/c/Users/ha/Desktop/new_dataset/pool/FIRESENSE/fire_videos.1406/pos/FIRESENSE__lb_fire__posVideo4.873.avi;480;272;1655;29.97002997;FIRESENSE__lb_fire__posVideo4.873.avi;FIRESENSE;fire
/mnt/c/Users/ha/Desktop/new_dataset/pool/FIRESENSE/fire_videos.1406/pos/FIRESENSE__lb_fire__posVideo5.874.avi;480;272;2406;29.97002997;FIRESENSE__lb_fire__posVideo5.874.avi;FIRESENSE;fire
/mnt/c/Users/ha/Desktop/new_dataset/pool/FIRESENSE/fire_videos.1406/pos/FIRESENSE__lb_fire__posVideo8.877.avi;480;272;513;29.97002997;FIRESENSE__lb_fire__posVideo8.877.avi;FIRESENSE;fire
/mnt/c/Users/ha/Desktop/new_dataset/pool/FIRESENSE/fire_videos.1406/pos/FIRESENSE__lb_fire__posVideo9.878.avi;480;272;663;29.97002997;FIRESENSE__lb_fire__posVideo9.878.avi;FIRESENSE;fire
/mnt/c/Users/ha/Desktop/new_dataset/pool/FiSmo/FireVid/FireVid/videos/FiSmo__lb_firesmoke__fireVid_017.mp4;448;336;4122;29.97002997;FiSmo__lb_firesmoke__fireVid_017.mp4;FiSmo;firesmoke
/mnt/c/Users/ha/Desktop/new_dataset/pool/bilkent_VisiFire/Fire Clips/bilkent_VisiFire__lb_fire__40m_PanFire_20060824.avi;320;240;140;29.97002997;bilkent_VisiFire__lb_fire__40m_PanFire_20060824.avi;bilkent_VisiFire;fire
/mnt/c/Users/ha/Desktop/new_dataset/pool/Mivia_fire/Mivia__lb_fire__fire2.avi;320;240;140;29.97002997;Mivia__lb_fire__fire2.avi;Mivia;fire
/mnt/c/Users/ha/Desktop/new_dataset/pool/Visor_dataset/Visor__lb_smoke__1197283985149_02_explosion.avi;320;240;210;29.97002997;Visor__lb_smoke__1197283985149_02_explosion.avi;Visor;smoke
/mnt/c/Users/ha/Desktop/new_dataset/pool/furg-fire/furg-fire-dataset-master/FURG__lb_firesmoke__case2_house.mp4;1920;1080;904;29.97;FURG__lb_firesmoke__case2_house.mp4;FURG;firesmoke
/mnt/c/Users/ha/Desktop/new_dataset/pool/furg-fire/furg-fire-dataset-master/FURG__lb_firesmoke__barbecue.mp4;1280;720;902;29.97;FURG__lb_firesmoke__barbecue.mp4;FURG;firesmoke
/mnt/c/Users/ha/Desktop/new_dataset/pool/furg-fire/furg-fire-dataset-master/FURG__lb_firesmoke__hand_held_batteries_night.mp4;1280;720;615;29.97;FURG__lb_firesmoke__hand_held_batteries_night.mp4;FURG;firesmoke
/mnt/c/Users/ha/Desktop/new_dataset/pool/furg-fire/furg-fire-dataset-master/FURG__lb_firesmoke__hand_held_camera_wildfire.mp4;1280;720;773;29.97;FURG__lb_firesmoke__hand_held_camera_wildfire.mp4;FURG;firesmoke
/mnt/c/Users/ha/Desktop/new_dataset/pool/furg-fire/furg-fire-dataset-master/FURG__lb_firesmoke__hand_held_winnebago.mp4;1280;720;1162;29.97;FURG__lb_firesmoke__hand_held_winnebago.mp4;FURG;firesmoke
/mnt/c/Users/ha/Desktop/new_dataset/pool/furg-fire/furg-fire-dataset-master/FURG__lb_none__case2_outside.mp4;1280;720;921;29.97;FURG__lb_none__case2_outside.mp4;FURG;none
/mnt/c/Users/ha/Desktop/new_dataset/pool/furg-fire/furg-fire-dataset-master/FURG__lb_none__icra.mp4;1280;720;1852;29.97;FURG__lb_none__icra.mp4;FURG;none
/mnt/c/Users/ha/Desktop/new_dataset/pool/furg-fire/furg-fire-dataset-master/FURG__lb_none__non_fire_patrolbot_onboard.mp4;1280;720;341;29.97;FURG__lb_none__non_fire_patrolbot_onboard.mp4;FURG;none
/mnt/c/Users/ha/Desktop/new_dataset/pool/furg-fire/furg-fire-dataset-master/FURG__lb_firesmoke__Car1.mp4;854;480;630;29.97;FURG__lb_firesmoke__Car1.mp4;FURG;firesmoke
/mnt/c/Users/ha/Desktop/new_dataset/pool/furg-fire/furg-fire-dataset-master/FURG__lb_firesmoke__car2.mp4;854;480;899;29.97;FURG__lb_firesmoke__car2.mp4;FURG;firesmoke
/mnt/c/Users/ha/Desktop/new_dataset/pool/furg-fire/furg-fire-dataset-master/FURG__lb_firesmoke__car3.mp4;854;480;899;29.97;FURG__lb_firesmoke__car3.mp4;FURG;firesmoke
/mnt/c/Users/ha/Desktop/new_dataset/pool/furg-fire/furg-fire-dataset-master/FURG__lb_firesmoke__hand_held_nasa_training.mp4;854;480;900;29.97;FURG__lb_firesmoke__hand_held_nasa_training.mp4;FURG;firesmoke
/mnt/c/Users/ha/Desktop/new_dataset/pool/furg-fire/furg-fire-dataset-master/FURG__lb_firesmoke__hand_held_nasa_training2.mp4;854;480;2076;29.97;FURG__lb_firesmoke__hand_held_nasa_training2.mp4;FURG;firesmoke
/mnt/c/Users/ha/Desktop/new_dataset/pool/furg-fire/furg-fire-dataset-master/FURG__lb_firesmoke__house1.mp4;854;480;899;29.97;FURG__lb_firesmoke__house1.mp4;FURG;firesmoke
/mnt/c/Users/ha/Desktop/new_dataset/pool/furg-fire/furg-fire-dataset-master/FURG__lb_firesmoke__house2.mp4;854;480;899;29.97;FURG__lb_firesmoke__house2.mp4;FURG;firesmoke
/mnt/c/Users/ha/Desktop/new_dataset/pool/furg-fire/furg-fire-dataset-master/FURG__lb_firesmoke__house3.mp4;854;480;899;29.97;FURG__lb_firesmoke__house3.mp4;FURG;firesmoke
/mnt/c/Users/ha/Desktop/new_dataset/pool/furg-fire/furg-fire-dataset-master/FURG__lb_firesmoke__house4.mp4;854;480;899;29.97;FURG__lb_firesmoke__house4.mp4;FURG;firesmoke
/mnt/c/Users/ha/Desktop/new_dataset/pool/furg-fire/furg-fire-dataset-master/FURG__lb_firesmoke__house5.mp4;854;480;899;29.97;FURG__lb_firesmoke__house5.mp4;FURG;firesmoke
/mnt/c/Users/ha/Desktop/new_dataset/pool/furg-fire/furg-fire-dataset-master/FURG__lb_none__cleaner.mp4;854;480;3582;29.97;FURG__lb_none__cleaner.mp4;FURG;none
/mnt/c/Users/ha/Desktop/new_dataset/pool/furg-fire/furg-fire-dataset-master/FURG__lb_none__coolerbot.mp4;854;480;2696;29.97;FURG__lb_none__coolerbot.mp4;FURG;none
/mnt/c/Users/ha/Desktop/new_dataset/pool/furg-fire/furg-fire-dataset-master/FURG__lb_none__rover.mp4;854;480;2550;29.97;FURG__lb_none__rover.mp4;FURG;none
/mnt/c/Users/ha/Desktop/new_dataset/pool/furg-fire/furg-fire-dataset-master/FURG__lb_firesmoke__case2_car.mp4;640;480;926;29.97;FURG__lb_firesmoke__case2_car.mp4;FURG;firesmoke
/mnt/c/Users/ha/Desktop/new_dataset/pool/FIRESENSE/smoke_videos.1407/pos/FIRESENSE__lb_smoketestpos10.826.avi;480;360;1470;29.97;FIRESENSE__lb_smoketestpos10.826.avi;FIRESENSE;smoketestpos10.826.avi
/mnt/c/Users/ha/Desktop/new_dataset/pool/furg-fire/furg-fire-dataset-master/FURG__lb_firesmoke__house6.mp4;426;240;899;29.97;FURG__lb_firesmoke__house6.mp4;FURG;firesmoke
/mnt/c/Users/ha/Desktop/new_dataset/pool/FIRESENSE/fire_videos.1406/pos/FIRESENSE__lb_fire__posVideo10.869.avi;400;256;235;29.97;FIRESENSE__lb_fire__posVideo10.869.avi;FIRESENSE;fire
/mnt/c/Users/ha/Desktop/new_dataset/pool/FIRESENSE/smoke_videos.1407/pos/FIRESENSE__lb_smoketestpos13.829.avi;300;240;464;29.97;FIRESENSE__lb_smoketestpos13.829.avi;FIRESENSE;smoketestpos13.829.avi
/mnt/c/Users/ha/Desktop/new_dataset/pool/FIRESENSE/smoke_videos.1407/pos/FIRESENSE__lb_smoketestpos12.828.avi;480;270;363;29.94;FIRESENSE__lb_smoketestpos12.828.avi;FIRESENSE;smoketestpos12.828.avi
/mnt/c/Users/ha/Desktop/new_dataset/pool/FiSmo/RESCUER-videos/videos/FiSmo__lb_firesmoke__rescuer_016.mp4;1920;1080;170;29.85028036;FiSmo__lb_firesmoke__rescuer_016.mp4;FiSmo;firesmoke
/mnt/c/Users/ha/Desktop/new_dataset/pool/FiSmo/RESCUER-videos/videos/FiSmo__lb_firesmoke__rescuer_034.mp4;1920;1080;599;29.84757308;FiSmo__lb_firesmoke__rescuer_034.mp4;FiSmo;firesmoke
/mnt/c/Users/ha/Desktop/new_dataset/pool/FiSmo/RESCUER-videos/videos/FiSmo__lb_firesmoke__rescuer_014.mp4;1920;1080;448;29.82255138;FiSmo__lb_firesmoke__rescuer_014.mp4;FiSmo;firesmoke
/mnt/c/Users/ha/Desktop/new_dataset/pool/FiSmo/RESCUER-videos/videos/FiSmo__lb_firesmoke__rescuer_029.mp4;1920;1080;519;29.79280891;FiSmo__lb_firesmoke__rescuer_029.mp4;FiSmo;firesmoke
/mnt/c/Users/ha/Desktop/new_dataset/pool/FiSmo/RESCUER-videos/videos/FiSmo__lb_firesmoke__rescuer_026.mp4;1920;1080;417;29.77878954;FiSmo__lb_firesmoke__rescuer_026.mp4;FiSmo;firesmoke
/mnt/c/Users/ha/Desktop/new_dataset/pool/FiSmo/RESCUER-videos/videos/FiSmo__lb_firesmoke__rescuer_036.mp4;1920;1080;355;29.76634121;FiSmo__lb_firesmoke__rescuer_036.mp4;FiSmo;firesmoke
/mnt/c/Users/ha/Desktop/new_dataset/pool/FiSmo/RESCUER-videos/videos/FiSmo__lb_firesmoke__rescuer_019.mp4;1920;1080;375;29.76054008;FiSmo__lb_firesmoke__rescuer_019.mp4;FiSmo;firesmoke
/mnt/c/Users/ha/Desktop/new_dataset/pool/FiSmo/RESCUER-videos/videos/FiSmo__lb_firesmoke__rescuer_038.mp4;1920;1080;331;29.76029922;FiSmo__lb_firesmoke__rescuer_038.mp4;FiSmo;firesmoke
/mnt/c/Users/ha/Desktop/new_dataset/pool/FiSmo/RESCUER-videos/videos/FiSmo__lb_firesmoke__rescuer_031.mp4;1920;1080;390;29.74699797;FiSmo__lb_firesmoke__rescuer_031.mp4;FiSmo;firesmoke
/mnt/c/Users/ha/Desktop/new_dataset/pool/FiSmo/RESCUER-videos/videos/FiSmo__lb_firesmoke__rescuer_015.mp4;1920;1080;527;29.73732966;FiSmo__lb_firesmoke__rescuer_015.mp4;FiSmo;firesmoke
/mnt/c/Users/ha/Desktop/new_dataset/pool/FiSmo/RESCUER-videos/videos/FiSmo__lb_firesmoke__rescuer_032.mp4;1920;1080;366;29.73281089;FiSmo__lb_firesmoke__rescuer_032.mp4;FiSmo;firesmoke
/mnt/c/Users/ha/Desktop/new_dataset/pool/FiSmo/RESCUER-videos/videos/FiSmo__lb_firesmoke__rescuer_021.mp4;1920;1080;426;29.7106812;FiSmo__lb_firesmoke__rescuer_021.mp4;FiSmo;firesmoke
/mnt/c/Users/ha/Desktop/new_dataset/pool/FiSmo/RESCUER-videos/videos/FiSmo__lb_firesmoke__rescuer_035.mp4;1920;1080;459;29.70600333;FiSmo__lb_firesmoke__rescuer_035.mp4;FiSmo;firesmoke
/mnt/c/Users/ha/Desktop/new_dataset/pool/FiSmo/RESCUER-videos/videos/FiSmo__lb_firesmoke__rescuer_017.mp4;1920;1080;3197;29.68307109;FiSmo__lb_firesmoke__rescuer_017.mp4;FiSmo;firesmoke
/mnt/c/Users/ha/Desktop/new_dataset/pool/FiSmo/RESCUER-videos/videos/FiSmo__lb_firesmoke__rescuer_030.mp4;1920;1080;343;29.67347641;FiSmo__lb_firesmoke__rescuer_030.mp4;FiSmo;firesmoke
/mnt/c/Users/ha/Desktop/new_dataset/pool/FiSmo/RESCUER-videos/videos/FiSmo__lb_firesmoke__rescuer_033.mp4;1920;1080;424;29.6680306;FiSmo__lb_firesmoke__rescuer_033.mp4;FiSmo;firesmoke
/mnt/c/Users/ha/Desktop/new_dataset/pool/FiSmo/RESCUER-videos/videos/FiSmo__lb_firesmoke__rescuer_018.mp4;1920;1080;526;29.6630109;FiSmo__lb_firesmoke__rescuer_018.mp4;FiSmo;firesmoke
/mnt/c/Users/ha/Desktop/new_dataset/pool/FireNet/NoFire/FireNet__lb_none__NoFireVid5.mp4;1920;1080;545;29.65860855;FireNet__lb_none__NoFireVid5.mp4;FireNet;none
/mnt/c/Users/ha/Desktop/new_dataset/pool/FiSmo/RESCUER-videos/videos/FiSmo__lb_firesmoke__rescuer_025.mp4;1920;1080;478;29.63187458;FiSmo__lb_firesmoke__rescuer_025.mp4;FiSmo;firesmoke
/mnt/c/Users/ha/Desktop/new_dataset/pool/FiSmo/RESCUER-videos/videos/FiSmo__lb_firesmoke__rescuer_027.mp4;1920;1080;313;29.61886607;FiSmo__lb_firesmoke__rescuer_027.mp4;FiSmo;firesmoke
/mnt/c/Users/ha/Desktop/new_dataset/pool/FiSmo/RESCUER-videos/videos/FiSmo__lb_firesmoke__rescuer_028.mp4;1920;1080;364;29.59026159;FiSmo__lb_firesmoke__rescuer_028.mp4;FiSmo;firesmoke
/mnt/c/Users/ha/Desktop/new_dataset/pool/FiSmo/RESCUER-videos/videos/FiSmo__lb_firesmoke__rescuer_037.mp4;1920;1080;389;29.51364448;FiSmo__lb_firesmoke__rescuer_037.mp4;FiSmo;firesmoke
/mnt/c/Users/ha/Desktop/new_dataset/pool/FiSmo/RESCUER-videos/videos/FiSmo__lb_firesmoke__rescuer_022.mp4;1920;1080;445;29.51158873;FiSmo__lb_firesmoke__rescuer_022.mp4;FiSmo;firesmoke
/mnt/c/Users/ha/Desktop/new_dataset/pool/FiSmo/RESCUER-videos/videos/FiSmo__lb_firesmoke__rescuer_024.mp4;1920;1080;418;29.49524093;FiSmo__lb_firesmoke__rescuer_024.mp4;FiSmo;firesmoke
/mnt/c/Users/ha/Desktop/new_dataset/pool/FiSmo/RESCUER-videos/videos/FiSmo__lb_firesmoke__rescuer_020.mp4;1920;1080;439;29.4337413;FiSmo__lb_firesmoke__rescuer_020.mp4;FiSmo;firesmoke
/mnt/c/Users/ha/Desktop/new_dataset/pool/FiSmo/RESCUER-videos/videos/FiSmo__lb_firesmoke__rescuer_023.mp4;1920;1080;377;29.4250537;FiSmo__lb_firesmoke__rescuer_023.mp4;FiSmo;firesmoke
/mnt/c/Users/ha/Desktop/new_dataset/pool/pexels/PEXELs__lb_firesmoke__855234-hd_1280_720_28fps.mp4;1280;720;1053;28.249;PEXELs__lb_firesmoke__855234-hd_1280_720_28fps.mp4;PEXELs;firesmoke
/mnt/c/Users/ha/Desktop/new_dataset/pool/FireNet/fire/FireNet__lb_firesmoke__FireVid68.mp4;1920;1080;180;25.48371874;FireNet__lb_firesmoke__FireVid68.mp4;FireNet;firesmoke
/mnt/c/Users/ha/Desktop/new_dataset/pool/DFire/test/DFire__lb_none__FP43.mp4;1920;1080;315;25.15974441;DFire__lb_none__FP43.mp4;DFire;none
/mnt/c/Users/ha/Desktop/new_dataset/pool/DFire/valid/DFire__lb_none__FP47.mp4;1920;1080;358;25.14044944;DFire__lb_none__FP47.mp4;DFire;none
/mnt/c/Users/ha/Desktop/new_dataset/pool/DFire/valid/DFire__lb_none__FP44.mp4;1920;1080;383;25.1312336;DFire__lb_none__FP44.mp4;DFire;none
/mnt/c/Users/ha/Desktop/new_dataset/pool/DFire/test/DFire__lb_none__FP46.mp4;1920;1080;1701;25.02942908;DFire__lb_none__FP46.mp4;DFire;none
/mnt/c/Users/ha/Desktop/new_dataset/pool/fire video/VSD3__lb_firesmoke__video1.avi;2048;1536;9500;25;VSD3__lb_firesmoke__video1.avi;VSD3;firesmoke
/mnt/c/Users/ha/Desktop/new_dataset/pool/fire video/VSD3__lb_firesmoke__video8.avi;2048;1536;7314;25;VSD3__lb_firesmoke__video8.avi;VSD3;firesmoke
/mnt/c/Users/ha/Desktop/new_dataset/pool/pexels/PEXELs__lb_firesmoke__117075-710546413.mp4;1920;1080;335;25;PEXELs__lb_firesmoke__117075-710546413.mp4;PEXELs;firesmoke
/mnt/c/Users/ha/Desktop/new_dataset/pool/pexels/PEXELs__lb_firesmoke__163395-827856005.mp4;1920;1080;315;25;PEXELs__lb_firesmoke__163395-827856005.mp4;PEXELs;firesmoke
/mnt/c/Users/ha/Desktop/new_dataset/pool/pexels/PEXELs__lb_firesmoke__225245_small.mp4;1920;1080;338;25;PEXELs__lb_firesmoke__225245_small.mp4;PEXELs;firesmoke
/mnt/c/Users/ha/Desktop/new_dataset/pool/pexels/PEXELs__lb_firesmoke__2620043-hd_1920_1080_25fps.mp4;1920;1080;688;25;PEXELs__lb_firesmoke__2620043-hd_1920_1080_25fps.mp4;PEXELs;firesmoke
/mnt/c/Users/ha/Desktop/new_dataset/pool/pexels/PEXELs__lb_firesmoke__3192084-hd_1920_1080_25fps.mp4;1920;1080;250;25;PEXELs__lb_firesmoke__3192084-hd_1920_1080_25fps.mp4;PEXELs;firesmoke
/mnt/c/Users/ha/Desktop/new_dataset/pool/pexels/PEXELs__lb_firesmoke__3192197-hd_1920_1080_25fps.mp4;1920;1080;508;25;PEXELs__lb_firesmoke__3192197-hd_1920_1080_25fps.mp4;PEXELs;firesmoke
/mnt/c/Users/ha/Desktop/new_dataset/pool/pexels/PEXELs__lb_firesmoke__3628388-hd_1920_1080_25fps.mp4;1920;1080;188;25;PEXELs__lb_firesmoke__3628388-hd_1920_1080_25fps.mp4;PEXELs;firesmoke
/mnt/c/Users/ha/Desktop/new_dataset/pool/pexels/PEXELs__lb_firesmoke__4440699-hd_1920_1080_25fps.mp4;1920;1080;216;25;PEXELs__lb_firesmoke__4440699-hd_1920_1080_25fps.mp4;PEXELs;firesmoke
/mnt/c/Users/ha/Desktop/new_dataset/pool/pexels/PEXELs__lb_firesmoke__4684200-hd_1920_1080_25fps.mp4;1920;1080;663;25;PEXELs__lb_firesmoke__4684200-hd_1920_1080_25fps.mp4;PEXELs;firesmoke
/mnt/c/Users/ha/Desktop/new_dataset/pool/pexels/PEXELs__lb_firesmoke__5075224-hd_1920_1080_25fps.mp4;1920;1080;92;25;PEXELs__lb_firesmoke__5075224-hd_1920_1080_25fps.mp4;PEXELs;firesmoke
/mnt/c/Users/ha/Desktop/new_dataset/pool/pexels/PEXELs__lb_firesmoke__5419256-hd_1920_1080_25fps.mp4;1920;1080;1623;25;PEXELs__lb_firesmoke__5419256-hd_1920_1080_25fps.mp4;PEXELs;firesmoke
/mnt/c/Users/ha/Desktop/new_dataset/pool/pexels/PEXELs__lb_firesmoke__5698928-hd_1920_1080_25fps.mp4;1920;1080;448;25;PEXELs__lb_firesmoke__5698928-hd_1920_1080_25fps.mp4;PEXELs;firesmoke
/mnt/c/Users/ha/Desktop/new_dataset/pool/pexels/PEXELs__lb_firesmoke__5816532-hd_1920_1080_25fps.mp4;1920;1080;383;25;PEXELs__lb_firesmoke__5816532-hd_1920_1080_25fps.mp4;PEXELs;firesmoke
/mnt/c/Users/ha/Desktop/new_dataset/pool/pexels/PEXELs__lb_firesmoke__6024944-hd_1920_1080_25fps.mp4;1920;1080;853;25;PEXELs__lb_firesmoke__6024944-hd_1920_1080_25fps.mp4;PEXELs;firesmoke
/mnt/c/Users/ha/Desktop/new_dataset/pool/pexels/PEXELs__lb_firesmoke__61413-498529688.mp4;1920;1080;391;25;PEXELs__lb_firesmoke__61413-498529688.mp4;PEXELs;firesmoke
/mnt/c/Users/ha/Desktop/new_dataset/pool/pexels/PEXELs__lb_firesmoke__6775923-hd_1920_1080_25fps.mp4;1920;1080;754;25;PEXELs__lb_firesmoke__6775923-hd_1920_1080_25fps.mp4;PEXELs;firesmoke
/mnt/c/Users/ha/Desktop/new_dataset/pool/pexels/PEXELs__lb_firesmoke__79911-570708342_small.mp4;1920;1080;1015;25;PEXELs__lb_firesmoke__79911-570708342_small.mp4;PEXELs;firesmoke
/mnt/c/Users/ha/Desktop/new_dataset/pool/pexels/PEXELs__lb_firesmoke__854070-hd_1920_1080_25fps.mp4;1920;1080;304;25;PEXELs__lb_firesmoke__854070-hd_1920_1080_25fps.mp4;PEXELs;firesmoke
/mnt/c/Users/ha/Desktop/new_dataset/pool/FireNet/NoFire/FireNet__lb_none__NoFireVid1.mp4;1920;1080;1455;25;FireNet__lb_none__NoFireVid1.mp4;FireNet;none
/mnt/c/Users/ha/Desktop/new_dataset/pool/FireNet/NoFire/FireNet__lb_none__NoFireVid8.mp4;1920;1080;1890;25;FireNet__lb_none__NoFireVid8.mp4;FireNet;none
/mnt/c/Users/ha/Desktop/new_dataset/pool/pexels/PEXELs__lb_firesmoke__9574151-hd_2048_1080_25fps.mp4;1366;720;1501;25;PEXELs__lb_firesmoke__9574151-hd_2048_1080_25fps.mp4;PEXELs;firesmoke
/mnt/c/Users/ha/Desktop/new_dataset/pool/fire video/VSD3__lb_firesmoke__video2.avi;1280;720;8950;25;VSD3__lb_firesmoke__video2.avi;VSD3;firesmoke
/mnt/c/Users/ha/Desktop/new_dataset/pool/fire video/VSD3__lb_none__video13.avi;1280;720;5829;25;VSD3__lb_none__video13.avi;VSD3;none
/mnt/c/Users/ha/Desktop/new_dataset/pool/fire video/VSD3__lb_none__video18.avi;1280;720;6313;25;VSD3__lb_none__video18.avi;VSD3;none
/mnt/c/Users/ha/Desktop/new_dataset/pool/fire video/VSD3__lb_none__video20.avi;1280;720;7478;25;VSD3__lb_none__video20.avi;VSD3;none
/mnt/c/Users/ha/Desktop/new_dataset/pool/pexels/PEXELs__lb_firesmoke__5806657-hd_1080_1920_25fps.mp4;1080;1920;394;25;PEXELs__lb_firesmoke__5806657-hd_1080_1920_25fps.mp4;PEXELs;firesmoke
/mnt/c/Users/ha/Desktop/new_dataset/pool/FIRESENSE/smoke_videos.1407/neg/FIRESENSE__lb_none__testneg04.810.avi;704;576;2840;25;FIRESENSE__lb_none__testneg04.810.avi;FIRESENSE;none
/mnt/c/Users/ha/Desktop/new_dataset/pool/fire video/VSD3__lb_none__video10.avi;640;480;645;25;VSD3__lb_none__video10.avi;VSD3;none
/mnt/c/Users/ha/Desktop/new_dataset/pool/FIRESENSE/fire_videos.1406/neg/FIRESENSE__lb_none__negsVideo6.863.avi;640;480;1142;25;FIRESENSE__lb_none__negsVideo6.863.avi;FIRESENSE;none
/mnt/c/Users/ha/Desktop/new_dataset/pool/FIRESENSE/fire_videos.1406/neg/FIRESENSE__lb_none__negsVideo9.866.avi;640;480;645;25;FIRESENSE__lb_none__negsVideo9.866.avi;FIRESENSE;none
/mnt/c/Users/ha/Desktop/new_dataset/pool/FIRESENSE/smoke_videos.1407/pos/FIRESENSE__lb_smoketestpos04.820.avi;640;360;1964;25;FIRESENSE__lb_smoketestpos04.820.avi;FIRESENSE;smoketestpos04.820.avi
/mnt/c/Users/ha/Desktop/new_dataset/pool/FiSmo/FireVid/FireVid/videos/FiSmo__lb_firesmoke__fireVid_002.avi;600;336;1712;25;FiSmo__lb_firesmoke__fireVid_002.avi;FiSmo;firesmoke
/mnt/c/Users/ha/Desktop/new_dataset/pool/DFire/test/DFire__lb_none__FP45.mp4;596;336;752;25;DFire__lb_none__FP45.mp4;DFire;none
/mnt/c/Users/ha/Desktop/new_dataset/pool/FiSmo/FireVid/FireVid/videos/FiSmo__lb_firesmoke__fireVid_004.mp4;480;360;4788;25;FiSmo__lb_firesmoke__fireVid_004.mp4;FiSmo;firesmoke
/mnt/c/Users/ha/Desktop/new_dataset/pool/FiSmo/FireVid/FireVid/videos/FiSmo__lb_firesmoke__fireVid_007.mp4;480;360;2501;25;FiSmo__lb_firesmoke__fireVid_007.mp4;FiSmo;firesmoke
/mnt/c/Users/ha/Desktop/new_dataset/pool/FiSmo/FireVid/FireVid/videos/FiSmo__lb_firesmoke__fireVid_010.mp4;480;360;4950;25;FiSmo__lb_firesmoke__fireVid_010.mp4;FiSmo;firesmoke
/mnt/c/Users/ha/Desktop/new_dataset/pool/FiSmo/FireVid/FireVid/videos/FiSmo__lb_firesmoke__fireVid_013.mp4;480;360;2252;25;FiSmo__lb_firesmoke__fireVid_013.mp4;FiSmo;firesmoke
/mnt/c/Users/ha/Desktop/new_dataset/pool/Mivia_fire/Mivia__lb_smoke__fire22.avi;480;272;22520;25;Mivia__lb_smoke__fire22.avi;Mivia;smoke
/mnt/c/Users/ha/Desktop/new_dataset/pool/Visor_dataset/Visor__lb_smoke__1197283980290_10_hangar.avi;384;288;2953;25;Visor__lb_smoke__1197283980290_10_hangar.avi;Visor;smoke
/mnt/c/Users/ha/Desktop/new_dataset/pool/fire video/VSD3__lb_none__video17.avi;360;288;246;25;VSD3__lb_none__video17.avi;VSD3;none
/mnt/c/Users/ha/Desktop/new_dataset/pool/FIRESENSE/fire_videos.1406/neg/FIRESENSE__lb_none__negsVideo10.1072.avi;360;288;246;25;FIRESENSE__lb_none__negsVideo10.1072.avi;FIRESENSE;none
/mnt/c/Users/ha/Desktop/new_dataset/pool/fire video/VSD3__lb_none__video14.avi;352;288;723;25;VSD3__lb_none__video14.avi;VSD3;none
/mnt/c/Users/ha/Desktop/new_dataset/pool/fire video/VSD3__lb_none__video15.avi;352;288;251;25;VSD3__lb_none__video15.avi;VSD3;none
/mnt/c/Users/ha/Desktop/new_dataset/pool/FIRESENSE/smoke_videos.1407/neg/FIRESENSE__lb_none__testneg01.807.avi;352;288;251;25;FIRESENSE__lb_none__testneg01.807.avi;FIRESENSE;none
/mnt/c/Users/ha/Desktop/new_dataset/pool/FIRESENSE/smoke_videos.1407/neg/FIRESENSE__lb_none__testneg05.811.avi;352;288;251;25;FIRESENSE__lb_none__testneg05.811.avi;FIRESENSE;none
/mnt/c/Users/ha/Desktop/new_dataset/pool/FIRESENSE/smoke_videos.1407/neg/FIRESENSE__lb_none__testneg06.812.avi;352;288;251;25;FIRESENSE__lb_none__testneg06.812.avi;FIRESENSE;none
/mnt/c/Users/ha/Desktop/new_dataset/pool/FIRESENSE/smoke_videos.1407/neg/FIRESENSE__lb_none__testneg07.813.avi;352;288;776;25;FIRESENSE__lb_none__testneg07.813.avi;FIRESENSE;none
/mnt/c/Users/ha/Desktop/new_dataset/pool/FIRESENSE/smoke_videos.1407/neg/FIRESENSE__lb_none__testneg08.814.avi;352;288;751;25;FIRESENSE__lb_none__testneg08.814.avi;FIRESENSE;none
/mnt/c/Users/ha/Desktop/new_dataset/pool/FIRESENSE/smoke_videos.1407/neg/FIRESENSE__lb_none__testneg09.815.avi;352;288;723;25;FIRESENSE__lb_none__testneg09.815.avi;FIRESENSE;none
/mnt/c/Users/ha/Desktop/new_dataset/pool/bilkent_VisiFire/Forest Smoke Clips/bilkent_VisiFire__lb_smoke__Smoke_Manavgat_Raw.avi;352;288;6046;25;bilkent_VisiFire__lb_smoke__Smoke_Manavgat_Raw.avi;bilkent_VisiFire;smoke
/mnt/c/Users/ha/Desktop/new_dataset/pool/bilkent_VisiFire/Smoke Clips/Smoke_Far/bilkent_VisiFire__lb_smoke__Smoke_Manavgat_Raw.avi;352;288;6046;25;bilkent_VisiFire__lb_smoke__Smoke_Manavgat_Raw.avi;bilkent_VisiFire;smoke
/mnt/c/Users/ha/Desktop/new_dataset/pool/Mivia_fire/Mivia__lb_smoke__fire28.avi;352;288;6046;25;Mivia__lb_smoke__fire28.avi;Mivia;smoke
/mnt/c/Users/ha/Desktop/new_dataset/pool/bilkent_VisiFire/Smoke Clips/bilkent_VisiFire__lb_fire__ShorterIsyamNight.avi;320;240;1663;25;bilkent_VisiFire__lb_fire__ShorterIsyamNight.avi;bilkent_VisiFire;fire
/mnt/c/Users/ha/Desktop/new_dataset/pool/Mivia_fire/Mivia__lb_fire__fire13.avi;320;240;1663;25;Mivia__lb_fire__fire13.avi;Mivia;fire
/mnt/c/Users/ha/Desktop/new_dataset/pool/FIRESENSE/fire_videos.1406/neg/FIRESENSE__lb_none__negsVideo11.1073.avi;320;240;180;25;FIRESENSE__lb_none__negsVideo11.1073.avi;FIRESENSE;none
/mnt/c/Users/ha/Desktop/new_dataset/pool/FIRESENSE/smoke_videos.1407/neg/FIRESENSE__lb_none__testneg02.808.avi;320;240;1128;25;FIRESENSE__lb_none__testneg02.808.avi;FIRESENSE;none
/mnt/c/Users/ha/Desktop/new_dataset/pool/bilkent_VisiFire/Smoke Clips/bilkent_VisiFire__lb_smoke__sParkingLot.avi;320;240;1726;25;bilkent_VisiFire__lb_smoke__sParkingLot.avi;bilkent_VisiFire;smoke
/mnt/c/Users/ha/Desktop/new_dataset/pool/Mivia_fire/Mivia__lb_smoke__fire17.avi;320;240;1726;25;Mivia__lb_smoke__fire17.avi;Mivia;smoke
/mnt/c/Users/ha/Desktop/new_dataset/pool/Visor_dataset/Visor__lb_smoke__1197283985415_03_burnout_contest.avi;320;240;2200;25;Visor__lb_smoke__1197283985415_03_burnout_contest.avi;Visor;smoke
/mnt/c/Users/ha/Desktop/new_dataset/pool/Visor_dataset/Visor__lb_smoke__1197283990821_04_fumogeno1.avi;320;240;3005;25;Visor__lb_smoke__1197283990821_04_fumogeno1.avi;Visor;smoke
/mnt/c/Users/ha/Desktop/new_dataset/pool/Visor_dataset/Visor__lb_smoke__1197284001212_05_fumogeno2.avi;320;240;1835;25;Visor__lb_smoke__1197284001212_05_fumogeno2.avi;Visor;smoke
/mnt/c/Users/ha/Desktop/new_dataset/pool/Visor_dataset/Visor__lb_smoke__1197284006306_06_fumogeno3.avi;320;240;2345;25;Visor__lb_smoke__1197284006306_06_fumogeno3.avi;Visor;smoke
/mnt/c/Users/ha/Desktop/new_dataset/pool/Visor_dataset/Visor__lb_smoke__1197284015696_07_fumogeno4.avi;320;240;2024;25;Visor__lb_smoke__1197284015696_07_fumogeno4.avi;Visor;smoke
/mnt/c/Users/ha/Desktop/new_dataset/pool/Visor_dataset/Visor__lb_smoke__1197284021149_08_fumogeno5.avi;320;240;2151;25;Visor__lb_smoke__1197284021149_08_fumogeno5.avi;Visor;smoke
/mnt/c/Users/ha/Desktop/new_dataset/pool/Visor_dataset/Visor__lb_smoke__1197284028899_09_fumogeno6.avi;320;240;1880;25;Visor__lb_smoke__1197284028899_09_fumogeno6.avi;Visor;smoke
/mnt/c/Users/ha/Desktop/new_dataset/pool/Visor_dataset/Visor__lb_smoke__1196179837385_movie11_viper.mpg;320;240;1903;25;Visor__lb_smoke__1196179837385_movie11_viper.mpg;Visor;smoke
/mnt/c/Users/ha/Desktop/new_dataset/pool/Visor_dataset/Visor__lb_smoke__1196343040120_movie12_viper.mpg;320;240;2345;25;Visor__lb_smoke__1196343040120_movie12_viper.mpg;Visor;smoke
/mnt/c/Users/ha/Desktop/new_dataset/pool/Visor_dataset/Visor__lb_smoke__1196343142698_movie13_viper.mpg;320;240;2022;25;Visor__lb_smoke__1196343142698_movie13_viper.mpg;Visor;smoke
/mnt/c/Users/ha/Desktop/new_dataset/pool/Visor_dataset/Visor__lb_smoke__1196343179807_movie14_viper.mpg;320;240;2151;25;Visor__lb_smoke__1196343179807_movie14_viper.mpg;Visor;smoke
/mnt/c/Users/ha/Desktop/new_dataset/pool/FIRESENSE/smoke_videos.1407/pos/FIRESENSE__lb_smoketestpos11.827.avi;320;240;678;25;FIRESENSE__lb_smoketestpos11.827.avi;FIRESENSE;smoketestpos11.827.avi
/mnt/c/Users/ha/Desktop/new_dataset/pool/FIRESENSE/fire_videos.1406/neg/FIRESENSE__lb_none__negsVideo13.1075.avi;352;288;271;24.4615;FIRESENSE__lb_none__negsVideo13.1075.avi;FIRESENSE;none
/mnt/c/Users/ha/Desktop/new_dataset/pool/DFire/test/DFire__lb_none__FP35.mp4;1920;1080;238;24.17923791;DFire__lb_none__FP35.mp4;DFire;none
/mnt/c/Users/ha/Desktop/new_dataset/pool/DFire/test/DFire__lb_none__FP40.mp4;1920;1080;317;24.15238095;DFire__lb_none__FP40.mp4;DFire;none
/mnt/c/Users/ha/Desktop/new_dataset/pool/DFire/valid/DFire__lb_none__FP49.mp4;1920;1080;287;24.1442937;DFire__lb_none__FP49.mp4;DFire;none
/mnt/c/Users/ha/Desktop/new_dataset/pool/DFire/test/DFire__lb_none__FP34.mp4;1920;1080;366;24.10777802;DFire__lb_none__FP34.mp4;DFire;none
/mnt/c/Users/ha/Desktop/new_dataset/pool/DFire/test/DFire__lb_none__FP36.mp4;1920;1080;369;24.10668788;DFire__lb_none__FP36.mp4;DFire;none
/mnt/c/Users/ha/Desktop/new_dataset/pool/DFire/test/DFire__lb_none__FP48.mp4;1920;1080;515;24.09356725;DFire__lb_none__FP48.mp4;DFire;none
/mnt/c/Users/ha/Desktop/new_dataset/pool/DFire/test/DFire__lb_none__FP37.mp4;1920;1080;433;24.08728535;DFire__lb_none__FP37.mp4;DFire;none
/mnt/c/Users/ha/Desktop/new_dataset/pool/DFire/test/DFire__lb_none__FP42.mp4;1920;1080;455;24.08188901;DFire__lb_none__FP42.mp4;DFire;none
/mnt/c/Users/ha/Desktop/new_dataset/pool/FIRESENSE/fire_videos.1406/neg/FIRESENSE__lb_none__negsVideo14.1076.avi;352;288;45;24.0553;FIRESENSE__lb_none__negsVideo14.1076.avi;FIRESENSE;none
/mnt/c/Users/ha/Desktop/new_dataset/pool/DFire/test/DFire__lb_none__FP41.mp4;1920;1080;458;24.02849843;DFire__lb_none__FP41.mp4;DFire;none
/mnt/c/Users/ha/Desktop/new_dataset/pool/DFire/test/DFire__lb_none__FP38.mp4;1920;1080;651;24.01206874;DFire__lb_none__FP38.mp4;DFire;none
/mnt/c/Users/ha/Desktop/new_dataset/pool/pexels/PEXELs__lb_firesmoke__6160044-uhd_3840_2160_24fps.mp4;3840;2160;654;24;PEXELs__lb_firesmoke__6160044-uhd_3840_2160_24fps.mp4;PEXELs;firesmoke
/mnt/c/Users/ha/Desktop/new_dataset/pool/pexels/PEXELs__lb_firesmoke__2533765-hd_2048_1080_24fps.mp4;2048;1080;401;24;PEXELs__lb_firesmoke__2533765-hd_2048_1080_24fps.mp4;PEXELs;firesmoke
/mnt/c/Users/ha/Desktop/new_dataset/pool/pexels/PEXELs__lb_firesmoke__2927940-hd_2048_1080_24fps.mp4;2048;1080;242;24;PEXELs__lb_firesmoke__2927940-hd_2048_1080_24fps.mp4;PEXELs;firesmoke
/mnt/c/Users/ha/Desktop/new_dataset/pool/pexels/PEXELs__lb_firesmoke__13382959_1920_1080_24fps.mp4;1920;1080;586;24;PEXELs__lb_firesmoke__13382959_1920_1080_24fps.mp4;PEXELs;firesmoke
/mnt/c/Users/ha/Desktop/new_dataset/pool/pexels/PEXELs__lb_firesmoke__13444158_1920_1080_24fps.mp4;1920;1080;1061;24;PEXELs__lb_firesmoke__13444158_1920_1080_24fps.mp4;PEXELs;firesmoke
/mnt/c/Users/ha/Desktop/new_dataset/pool/pexels/PEXELs__lb_firesmoke__13455606_1920_1080_24fps.mp4;1920;1080;341;24;PEXELs__lb_firesmoke__13455606_1920_1080_24fps.mp4;PEXELs;firesmoke
/mnt/c/Users/ha/Desktop/new_dataset/pool/pexels/PEXELs__lb_firesmoke__4482955-hd_1920_1080_24fps.mp4;1920;1080;390;24;PEXELs__lb_firesmoke__4482955-hd_1920_1080_24fps.mp4;PEXELs;firesmoke
/mnt/c/Users/ha/Desktop/new_dataset/pool/pexels/PEXELs__lb_firesmoke__4485487-hd_1920_1080_24fps.mp4;1920;1080;1436;24;PEXELs__lb_firesmoke__4485487-hd_1920_1080_24fps.mp4;PEXELs;firesmoke
/mnt/c/Users/ha/Desktop/new_dataset/pool/pexels/PEXELs__lb_firesmoke__6093229-hd_1920_1080_24fps.mp4;1920;1080;720;24;PEXELs__lb_firesmoke__6093229-hd_1920_1080_24fps.mp4;PEXELs;firesmoke
/mnt/c/Users/ha/Desktop/new_dataset/pool/pexels/PEXELs__lb_firesmoke__6093230-hd_1920_1080_24fps.mp4;1920;1080;720;24;PEXELs__lb_firesmoke__6093230-hd_1920_1080_24fps.mp4;PEXELs;firesmoke
/mnt/c/Users/ha/Desktop/new_dataset/pool/pexels/PEXELs__lb_firesmoke__6093243-hd_1920_1080_24fps.mp4;1920;1080;1825;24;PEXELs__lb_firesmoke__6093243-hd_1920_1080_24fps.mp4;PEXELs;firesmoke
/mnt/c/Users/ha/Desktop/new_dataset/pool/pexels/PEXELs__lb_firesmoke__6432883-hd_1920_1080_24fps.mp4;1920;1080;923;24;PEXELs__lb_firesmoke__6432883-hd_1920_1080_24fps.mp4;PEXELs;firesmoke
/mnt/c/Users/ha/Desktop/new_dataset/pool/fire video/VSD3__lb_none__video19.avi;1920;1080;41323;24;VSD3__lb_none__video19.avi;VSD3;none
/mnt/c/Users/ha/Desktop/new_dataset/pool/pexels/PEXELs__lb_firesmoke__13455588_1080_1920_24fps.mp4;1080;1920;254;24;PEXELs__lb_firesmoke__13455588_1080_1920_24fps.mp4;PEXELs;firesmoke
/mnt/c/Users/ha/Desktop/new_dataset/pool/pexels/PEXELs__lb_firesmoke__13455594_1080_1920_24fps.mp4;1080;1920;272;24;PEXELs__lb_firesmoke__13455594_1080_1920_24fps.mp4;PEXELs;firesmoke
/mnt/c/Users/ha/Desktop/new_dataset/pool/FIRESENSE/fire_videos.1406/neg/FIRESENSE__lb_none__negsVideo1.858.avi;640;480;4539;24;FIRESENSE__lb_none__negsVideo1.858.avi;FIRESENSE;none
/mnt/c/Users/ha/Desktop/new_dataset/pool/FIRESENSE/smoke_videos.1407/pos/FIRESENSE__lb_smoketestpos01.817.avi;640;360;407;24;FIRESENSE__lb_smoketestpos01.817.avi;FIRESENSE;smoketestpos01.817.avi
/mnt/c/Users/ha/Desktop/new_dataset/pool/DFire/test/DFire__lb_none__FP39.mp4;596;336;456;24;DFire__lb_none__FP39.mp4;DFire;none
/mnt/c/Users/ha/Desktop/new_dataset/pool/KMU Fire and Smoke/Indoor_outdoor(short_distance)flame/KMUFireSmoke__lb_fire__flame1.avi;320;240;402;24;KMUFireSmoke__lb_fire__flame1.avi;KMUFireSmoke;fire
/mnt/c/Users/ha/Desktop/new_dataset/pool/KMU Fire and Smoke/Indoor_outdoor(short_distance)flame/KMUFireSmoke__lb_fire__flame2.avi;320;240;411;24;KMUFireSmoke__lb_fire__flame2.avi;KMUFireSmoke;fire
/mnt/c/Users/ha/Desktop/new_dataset/pool/KMU Fire and Smoke/Indoor_outdoor(short_distance)flame/KMUFireSmoke__lb_fire__flame3.avi;320;240;613;24;KMUFireSmoke__lb_fire__flame3.avi;KMUFireSmoke;fire
/mnt/c/Users/ha/Desktop/new_dataset/pool/KMU Fire and Smoke/Indoor_outdoor(short_distance)flame/KMUFireSmoke__lb_fire__flame4.avi;320;240;373;24;KMUFireSmoke__lb_fire__flame4.avi;KMUFireSmoke;fire
/mnt/c/Users/ha/Desktop/new_dataset/pool/KMU Fire and Smoke/Indoor_outdoor(short_distance)flame/KMUFireSmoke__lb_fire__flame5.avi;320;240;748;24;KMUFireSmoke__lb_fire__flame5.avi;KMUFireSmoke;fire
/mnt/c/Users/ha/Desktop/new_dataset/pool/KMU Fire and Smoke/Indoor_outdoor(short_distance)flame/KMUFireSmoke__lb_fire__indoor_night_20m_heptane_CCD_001.avi;320;240;1658;24;KMUFireSmoke__lb_fire__indoor_night_20m_heptane_CCD_001.avi;KMUFireSmoke;fire
/mnt/c/Users/ha/Desktop/new_dataset/pool/KMU Fire and Smoke/Indoor_outdoor(short_distance)flame/KMUFireSmoke__lb_fire__indoor_night_20m_heptane_CCD_002.avi;320;240;3846;24;KMUFireSmoke__lb_fire__indoor_night_20m_heptane_CCD_002.avi;KMUFireSmoke;fire
/mnt/c/Users/ha/Desktop/new_dataset/pool/KMU Fire and Smoke/Indoor_outdoor(short_distance)flame/KMUFireSmoke__lb_fire__outdoor_daytime_10m_gasoline_CCD_001.avi;320;240;3491;24;KMUFireSmoke__lb_fire__outdoor_daytime_10m_gasoline_CCD_001.avi;KMUFireSmoke;fire
/mnt/c/Users/ha/Desktop/new_dataset/pool/KMU Fire and Smoke/Indoor_outdoor(short_distance)flame/KMUFireSmoke__lb_fire__outdoor_daytime_10m_heptane_CCD_001.avi;320;240;4548;24;KMUFireSmoke__lb_fire__outdoor_daytime_10m_heptane_CCD_001.avi;KMUFireSmoke;fire
/mnt/c/Users/ha/Desktop/new_dataset/pool/KMU Fire and Smoke/Indoor_outdoor(short_distance)flame/KMUFireSmoke__lb_fire__outdoor_daytime_20m_gasoline_CCD_001.avi;320;240;3924;24;KMUFireSmoke__lb_fire__outdoor_daytime_20m_gasoline_CCD_001.avi;KMUFireSmoke;fire
/mnt/c/Users/ha/Desktop/new_dataset/pool/KMU Fire and Smoke/Indoor_outdoor(short_distance)flame/KMUFireSmoke__lb_fire__outdoor_daytime_20m_heptane_CCD_001.avi;320;240;4430;24;KMUFireSmoke__lb_fire__outdoor_daytime_20m_heptane_CCD_001.avi;KMUFireSmoke;fire
/mnt/c/Users/ha/Desktop/new_dataset/pool/KMU Fire and Smoke/Indoor_outdoor(short_distance)flame/KMUFireSmoke__lb_fire__outdoor_daytime_30m_gasoline_CCD_001.avi;320;240;6981;24;KMUFireSmoke__lb_fire__outdoor_daytime_30m_gasoline_CCD_001.avi;KMUFireSmoke;fire
/mnt/c/Users/ha/Desktop/new_dataset/pool/KMU Fire and Smoke/Indoor_outdoor(short_distance)flame/KMUFireSmoke__lb_fire__outdoor_daytime_30m_heptane_CCD_001.avi;320;240;3754;24;KMUFireSmoke__lb_fire__outdoor_daytime_30m_heptane_CCD_001.avi;KMUFireSmoke;fire
/mnt/c/Users/ha/Desktop/new_dataset/pool/KMU Fire and Smoke/Indoor_outdoor(short_distance)flame/KMUFireSmoke__lb_fire__outdoor_night_10m_gasoline_CCD_001.avi;320;240;1208;24;KMUFireSmoke__lb_fire__outdoor_night_10m_gasoline_CCD_001.avi;KMUFireSmoke;fire
/mnt/c/Users/ha/Desktop/new_dataset/pool/KMU Fire and Smoke/Indoor_outdoor(short_distance)flame/KMUFireSmoke__lb_fire__outdoor_night_10m_gasoline_CCD_002.avi;320;240;1298;24;KMUFireSmoke__lb_fire__outdoor_night_10m_gasoline_CCD_002.avi;KMUFireSmoke;fire
/mnt/c/Users/ha/Desktop/new_dataset/pool/KMU Fire and Smoke/Indoor_outdoor(short_distance)flame/KMUFireSmoke__lb_fire__outdoor_night_10m_heptane_CCD_001.avi;320;240;3275;24;KMUFireSmoke__lb_fire__outdoor_night_10m_heptane_CCD_001.avi;KMUFireSmoke;fire
/mnt/c/Users/ha/Desktop/new_dataset/pool/KMU Fire and Smoke/Indoor_outdoor(short_distance)flame/KMUFireSmoke__lb_fire__outdoor_night_10m_heptane_CCD_002.avi;320;240;776;24;KMUFireSmoke__lb_fire__outdoor_night_10m_heptane_CCD_002.avi;KMUFireSmoke;fire
/mnt/c/Users/ha/Desktop/new_dataset/pool/KMU Fire and Smoke/Indoor_outdoor(short_distance)flame/KMUFireSmoke__lb_fire__outdoor_night_20m_gasoline_CCD_001.avi;320;240;5055;24;KMUFireSmoke__lb_fire__outdoor_night_20m_gasoline_CCD_001.avi;KMUFireSmoke;fire
/mnt/c/Users/ha/Desktop/new_dataset/pool/KMU Fire and Smoke/Indoor_outdoor(short_distance)flame/KMUFireSmoke__lb_fire__outdoor_night_20m_heptane_CCD_001.avi;320;240;4141;24;KMUFireSmoke__lb_fire__outdoor_night_20m_heptane_CCD_001.avi;KMUFireSmoke;fire
/mnt/c/Users/ha/Desktop/new_dataset/pool/KMU Fire and Smoke/Indoor_outdoor(short_distance)flame/KMUFireSmoke__lb_fire__outdoor_night_20m_heptane_CCD_002.avi;320;240;1645;24;KMUFireSmoke__lb_fire__outdoor_night_20m_heptane_CCD_002.avi;KMUFireSmoke;fire
/mnt/c/Users/ha/Desktop/new_dataset/pool/KMU Fire and Smoke/Indoor_outdoor(short_distance)flame/KMUFireSmoke__lb_fire__outdoor_night_30m_gasoline_CCD_001.avi;320;240;6977;24;KMUFireSmoke__lb_fire__outdoor_night_30m_gasoline_CCD_001.avi;KMUFireSmoke;fire
/mnt/c/Users/ha/Desktop/new_dataset/pool/KMU Fire and Smoke/Indoor_outdoor(short_distance)flame/KMUFireSmoke__lb_fire__outdoor_night_30m_heptane_CCD_001.avi;320;240;4496;24;KMUFireSmoke__lb_fire__outdoor_night_30m_heptane_CCD_001.avi;KMUFireSmoke;fire
/mnt/c/Users/ha/Desktop/new_dataset/pool/KMU Fire and Smoke/Smoke_flame_like_moving_object/KMUFireSmoke__lb_none__smoke_or_flame_like_object_1.avi;320;240;171;24;KMUFireSmoke__lb_none__smoke_or_flame_like_object_1.avi;KMUFireSmoke;none
/mnt/c/Users/ha/Desktop/new_dataset/pool/KMU Fire and Smoke/Smoke_flame_like_moving_object/KMUFireSmoke__lb_none__smoke_or_flame_like_object_10.avi;320;240;1830;24;KMUFireSmoke__lb_none__smoke_or_flame_like_object_10.avi;KMUFireSmoke;none
/mnt/c/Users/ha/Desktop/new_dataset/pool/KMU Fire and Smoke/Smoke_flame_like_moving_object/KMUFireSmoke__lb_none__smoke_or_flame_like_object_2.avi;320;240;530;24;KMUFireSmoke__lb_none__smoke_or_flame_like_object_2.avi;KMUFireSmoke;none
/mnt/c/Users/ha/Desktop/new_dataset/pool/KMU Fire and Smoke/Smoke_flame_like_moving_object/KMUFireSmoke__lb_none__smoke_or_flame_like_object_3.avi;320;240;862;24;KMUFireSmoke__lb_none__smoke_or_flame_like_object_3.avi;KMUFireSmoke;none
/mnt/c/Users/ha/Desktop/new_dataset/pool/KMU Fire and Smoke/Smoke_flame_like_moving_object/KMUFireSmoke__lb_none__smoke_or_flame_like_object_4.avi;320;240;904;24;KMUFireSmoke__lb_none__smoke_or_flame_like_object_4.avi;KMUFireSmoke;none
/mnt/c/Users/ha/Desktop/new_dataset/pool/KMU Fire and Smoke/Smoke_flame_like_moving_object/KMUFireSmoke__lb_none__smoke_or_flame_like_object_5.avi;320;240;8229;24;KMUFireSmoke__lb_none__smoke_or_flame_like_object_5.avi;KMUFireSmoke;none
/mnt/c/Users/ha/Desktop/new_dataset/pool/KMU Fire and Smoke/Smoke_flame_like_moving_object/KMUFireSmoke__lb_none__smoke_or_flame_like_object_6.avi;320;240;7317;24;KMUFireSmoke__lb_none__smoke_or_flame_like_object_6.avi;KMUFireSmoke;none
/mnt/c/Users/ha/Desktop/new_dataset/pool/KMU Fire and Smoke/Smoke_flame_like_moving_object/KMUFireSmoke__lb_none__smoke_or_flame_like_object_7.avi;320;240;2012;24;KMUFireSmoke__lb_none__smoke_or_flame_like_object_7.avi;KMUFireSmoke;none
/mnt/c/Users/ha/Desktop/new_dataset/pool/KMU Fire and Smoke/Smoke_flame_like_moving_object/KMUFireSmoke__lb_none__smoke_or_flame_like_object_8.avi;320;240;849;24;KMUFireSmoke__lb_none__smoke_or_flame_like_object_8.avi;KMUFireSmoke;none
/mnt/c/Users/ha/Desktop/new_dataset/pool/KMU Fire and Smoke/Smoke_flame_like_moving_object/KMUFireSmoke__lb_none__smoke_or_flame_like_object_9.avi;320;240;2807;24;KMUFireSmoke__lb_none__smoke_or_flame_like_object_9.avi;KMUFireSmoke;none
/mnt/c/Users/ha/Desktop/new_dataset/pool/KMU Fire and Smoke/Indoor_outdoor(short_distance)smoke/KMUFireSmoke__lb_smoke__indoor_daytime_smoke.avi;320;240;628;24;KMUFireSmoke__lb_smoke__indoor_daytime_smoke.avi;KMUFireSmoke;smoke
/mnt/c/Users/ha/Desktop/new_dataset/pool/KMU Fire and Smoke/Indoor_outdoor(short_distance)smoke/KMUFireSmoke__lb_smoke__indoor_night_smoke.avi;320;240;944;24;KMUFireSmoke__lb_smoke__indoor_night_smoke.avi;KMUFireSmoke;smoke
/mnt/c/Users/ha/Desktop/new_dataset/pool/KMU Fire and Smoke/Wildfire_smoke/KMUFireSmoke__lb_smoke__wildfire_smoke_1.avi;320;240;2326;24;KMUFireSmoke__lb_smoke__wildfire_smoke_1.avi;KMUFireSmoke;smoke
/mnt/c/Users/ha/Desktop/new_dataset/pool/KMU Fire and Smoke/Wildfire_smoke/KMUFireSmoke__lb_smoke__wildfire_smoke_2.avi;320;240;7622;24;KMUFireSmoke__lb_smoke__wildfire_smoke_2.avi;KMUFireSmoke;smoke
/mnt/c/Users/ha/Desktop/new_dataset/pool/KMU Fire and Smoke/Wildfire_smoke/KMUFireSmoke__lb_smoke__wildfire_smoke_3.avi;320;240;2886;24;KMUFireSmoke__lb_smoke__wildfire_smoke_3.avi;KMUFireSmoke;smoke
/mnt/c/Users/ha/Desktop/new_dataset/pool/KMU Fire and Smoke/Wildfire_smoke/KMUFireSmoke__lb_smoke__wildfire_smoke_4.avi;320;240;3173;24;KMUFireSmoke__lb_smoke__wildfire_smoke_4.avi;KMUFireSmoke;smoke
/mnt/c/Users/ha/Desktop/new_dataset/pool/pexels/PEXELs__lb_firesmoke__2908570-hd_2048_1080_24fps.mp4;2048;1080;269;23.97602398;PEXELs__lb_firesmoke__2908570-hd_2048_1080_24fps.mp4;PEXELs;firesmoke
/mnt/c/Users/ha/Desktop/new_dataset/pool/pexels/PEXELs__lb_firesmoke__12075744-hd_1920_1080_24fps.mp4;1920;1080;1164;23.97602398;PEXELs__lb_firesmoke__12075744-hd_1920_1080_24fps.mp4;PEXELs;firesmoke
/mnt/c/Users/ha/Desktop/new_dataset/pool/pexels/PEXELs__lb_firesmoke__12773184_1920_1080_24fps.mp4;1920;1080;489;23.97602398;PEXELs__lb_firesmoke__12773184_1920_1080_24fps.mp4;PEXELs;firesmoke
/mnt/c/Users/ha/Desktop/new_dataset/pool/pexels/PEXELs__lb_firesmoke__13283153_1920_1080_24fps.mp4;1920;1080;251;23.97602398;PEXELs__lb_firesmoke__13283153_1920_1080_24fps.mp4;PEXELs;firesmoke
/mnt/c/Users/ha/Desktop/new_dataset/pool/pexels/PEXELs__lb_firesmoke__13341335_1920_1080_24fps.mp4;1920;1080;530;23.97602398;PEXELs__lb_firesmoke__13341335_1920_1080_24fps.mp4;PEXELs;firesmoke
/mnt/c/Users/ha/Desktop/new_dataset/pool/pexels/PEXELs__lb_firesmoke__2836356-hd_1920_1080_24fps.mp4;1920;1080;434;23.97602398;PEXELs__lb_firesmoke__2836356-hd_1920_1080_24fps.mp4;PEXELs;firesmoke
/mnt/c/Users/ha/Desktop/new_dataset/pool/pexels/PEXELs__lb_firesmoke__3207799-hd_1920_1080_24fps.mp4;1920;1080;1294;23.97602398;PEXELs__lb_firesmoke__3207799-hd_1920_1080_24fps.mp4;PEXELs;firesmoke
/mnt/c/Users/ha/Desktop/new_dataset/pool/pexels/PEXELs__lb_firesmoke__4028453-hd_1920_1080_24fps.mp4;1920;1080;718;23.97602398;PEXELs__lb_firesmoke__4028453-hd_1920_1080_24fps.mp4;PEXELs;firesmoke
/mnt/c/Users/ha/Desktop/new_dataset/pool/pexels/PEXELs__lb_firesmoke__5669766-hd_1920_1080_24fps.mp4;1920;1080;1321;23.97602398;PEXELs__lb_firesmoke__5669766-hd_1920_1080_24fps.mp4;PEXELs;firesmoke
/mnt/c/Users/ha/Desktop/new_dataset/pool/pexels/PEXELs__lb_firesmoke__5701553-hd_1920_1080_24fps.mp4;1920;1080;1870;23.97602398;PEXELs__lb_firesmoke__5701553-hd_1920_1080_24fps.mp4;PEXELs;firesmoke
/mnt/c/Users/ha/Desktop/new_dataset/pool/pexels/PEXELs__lb_firesmoke__5880020-hd_1920_1080_24fps.mp4;1920;1080;720;23.97602398;PEXELs__lb_firesmoke__5880020-hd_1920_1080_24fps.mp4;PEXELs;firesmoke
/mnt/c/Users/ha/Desktop/new_dataset/pool/pexels/PEXELs__lb_firesmoke__5950042-hd_1920_1080_24fps.mp4;1920;1080;234;23.97602398;PEXELs__lb_firesmoke__5950042-hd_1920_1080_24fps.mp4;PEXELs;firesmoke
/mnt/c/Users/ha/Desktop/new_dataset/pool/pexels/PEXELs__lb_firesmoke__6403563-hd_1920_1080_24fps.mp4;1920;1080;420;23.97602398;PEXELs__lb_firesmoke__6403563-hd_1920_1080_24fps.mp4;PEXELs;firesmoke
/mnt/c/Users/ha/Desktop/new_dataset/pool/pexels/PEXELs__lb_firesmoke__8665965-hd_1920_1080_24fps.mp4;1920;1080;299;23.97602398;PEXELs__lb_firesmoke__8665965-hd_1920_1080_24fps.mp4;PEXELs;firesmoke
/mnt/c/Users/ha/Desktop/new_dataset/pool/pexels/PEXELs__lb_firesmoke__9339477-hd_1920_1080_24fps.mp4;1920;1080;1124;23.97602398;PEXELs__lb_firesmoke__9339477-hd_1920_1080_24fps.mp4;PEXELs;firesmoke
/mnt/c/Users/ha/Desktop/new_dataset/pool/pexels/PEXELs__lb_firesmoke__2406491-hd_1920_1080_24fps.mp4;1280;720;490;23.97602398;PEXELs__lb_firesmoke__2406491-hd_1920_1080_24fps.mp4;PEXELs;firesmoke
/mnt/c/Users/ha/Desktop/new_dataset/pool/DFire/valid/DFire__lb_none__FP33.mp4;1280;720;317;23.97602398;DFire__lb_none__FP33.mp4;DFire;none
/mnt/c/Users/ha/Desktop/new_dataset/pool/pexels/PEXELs__lb_firesmoke__5825806-hd_1080_1920_24fps.mp4;1080;1920;240;23.97602398;PEXELs__lb_firesmoke__5825806-hd_1080_1920_24fps.mp4;PEXELs;firesmoke
/mnt/c/Users/ha/Desktop/new_dataset/pool/FireNet/fire/FireNet__lb_firesmoke__FireVid66.mp4;1920;1080;435;22.17136683;FireNet__lb_firesmoke__FireVid66.mp4;FireNet;firesmoke
/mnt/c/Users/ha/Desktop/new_dataset/pool/FIRESENSE/fire_videos.1406/neg/FIRESENSE__lb_none__negsVideo12.1074.avi;1600;1200;514;19.68503937;FIRESENSE__lb_none__negsVideo12.1074.avi;FIRESENSE;none
/mnt/c/Users/ha/Desktop/new_dataset/pool/FIRESENSE/fire_videos.1406/neg/FIRESENSE__lb_none__negsVideo15.1078.avi;1600;1200;58;19.68503937;FIRESENSE__lb_none__negsVideo15.1078.avi;FIRESENSE;none
/mnt/c/Users/ha/Desktop/new_dataset/pool/FireNet/fire/FireNet__lb_firesmoke__FireVid45.mp4;1920;1080;174;18.7450848;FireNet__lb_firesmoke__FireVid45.mp4;FireNet;firesmoke
/mnt/c/Users/ha/Desktop/new_dataset/pool/fire video/VSD3__lb_none__video16.avi;1600;1200;196;18.50823617;VSD3__lb_none__video16.avi;VSD3;none
/mnt/c/Users/ha/Desktop/new_dataset/pool/FIRESENSE/fire_videos.1406/neg/FIRESENSE__lb_none__negsVideo16.1077.avi;1600;1200;196;18.50823617;FIRESENSE__lb_none__negsVideo16.1077.avi;FIRESENSE;none
/mnt/c/Users/ha/Desktop/new_dataset/pool/FireNet/fire/FireNet__lb_firesmoke__FireVid65.mp4;1920;1080;474;18.43740208;FireNet__lb_firesmoke__FireVid65.mp4;FireNet;firesmoke
/mnt/c/Users/ha/Desktop/new_dataset/pool/bilkent_VisiFire/Smoke Clips/bilkent_VisiFire__lb_smoke__sEmptyR1.avi;320;240;483;16.66666667;bilkent_VisiFire__lb_smoke__sEmptyR1.avi;bilkent_VisiFire;smoke
/mnt/c/Users/ha/Desktop/new_dataset/pool/FiSmo/RESCUER-videos/videos/FiSmo__lb_firesmoke__rescuer_053.mp4;320;240;153;15.29123303;FiSmo__lb_firesmoke__rescuer_053.mp4;FiSmo;firesmoke
/mnt/c/Users/ha/Desktop/new_dataset/pool/FiSmo/RESCUER-videos/videos/FiSmo__lb_firesmoke__rescuer_047.mp4;320;240;239;15.07057105;FiSmo__lb_firesmoke__rescuer_047.mp4;FiSmo;firesmoke
/mnt/c/Users/ha/Desktop/new_dataset/pool/FiSmo/RESCUER-videos/videos/FiSmo__lb_firesmoke__rescuer_045.mp4;320;240;208;15.04449457;FiSmo__lb_firesmoke__rescuer_045.mp4;FiSmo;firesmoke
/mnt/c/Users/ha/Desktop/new_dataset/pool/FiSmo/RESCUER-videos/videos/FiSmo__lb_firesmoke__rescuer_051.mp4;320;240;125;15.01214983;FiSmo__lb_firesmoke__rescuer_051.mp4;FiSmo;firesmoke
/mnt/c/Users/ha/Desktop/new_dataset/pool/FiSmo/RESCUER-videos/videos/FiSmo__lb_firesmoke__rescuer_052.mp4;320;240;137;15.01201692;FiSmo__lb_firesmoke__rescuer_052.mp4;FiSmo;firesmoke
/mnt/c/Users/ha/Desktop/new_dataset/pool/FiSmo/RESCUER-videos/videos/FiSmo__lb_firesmoke__rescuer_059.mp4;320;240;121;15.01188958;FiSmo__lb_firesmoke__rescuer_059.mp4;FiSmo;firesmoke
/mnt/c/Users/ha/Desktop/new_dataset/pool/FiSmo/RESCUER-videos/videos/FiSmo__lb_firesmoke__rescuer_054.mp4;320;240;146;15.01132704;FiSmo__lb_firesmoke__rescuer_054.mp4;FiSmo;firesmoke
/mnt/c/Users/ha/Desktop/new_dataset/pool/FiSmo/RESCUER-videos/videos/FiSmo__lb_firesmoke__rescuer_057.mp4;320;240;107;15.01115315;FiSmo__lb_firesmoke__rescuer_057.mp4;FiSmo;firesmoke
/mnt/c/Users/ha/Desktop/new_dataset/pool/FiSmo/RESCUER-videos/videos/FiSmo__lb_firesmoke__rescuer_041.mp4;320;240;100;15.01113326;FiSmo__lb_firesmoke__rescuer_041.mp4;FiSmo;firesmoke
/mnt/c/Users/ha/Desktop/new_dataset/pool/FiSmo/RESCUER-videos/videos/FiSmo__lb_firesmoke__rescuer_058.mp4;320;240;122;15.01099166;FiSmo__lb_firesmoke__rescuer_058.mp4;FiSmo;firesmoke
/mnt/c/Users/ha/Desktop/new_dataset/pool/Mivia_fire/Mivia__lb_none__fire30.avi;800;600;1931;15;Mivia__lb_none__fire30.avi;Mivia;none
/mnt/c/Users/ha/Desktop/new_dataset/pool/FiSmo/FireVid/FireVid/videos/FiSmo__lb_firesmoke__fireVid_001.mp4;450;360;2494;15;FiSmo__lb_firesmoke__fireVid_001.mp4;FiSmo;firesmoke
/mnt/c/Users/ha/Desktop/new_dataset/pool/bilkent_VisiFire/Fire Clips/bilkent_VisiFire__lb_fire__controlled1.avi;400;256;260;15;bilkent_VisiFire__lb_fire__controlled1.avi;bilkent_VisiFire;fire
/mnt/c/Users/ha/Desktop/new_dataset/pool/bilkent_VisiFire/Fire Clips/bilkent_VisiFire__lb_fire__controlled2.avi;400;256;246;15;bilkent_VisiFire__lb_fire__controlled2.avi;bilkent_VisiFire;fire
/mnt/c/Users/ha/Desktop/new_dataset/pool/bilkent_VisiFire/Fire Clips/bilkent_VisiFire__lb_fire__controlled3.avi;400;256;208;15;bilkent_VisiFire__lb_fire__controlled3.avi;bilkent_VisiFire;fire
/mnt/c/Users/ha/Desktop/new_dataset/pool/bilkent_VisiFire/Fire Clips/bilkent_VisiFire__lb_fire__forest1.avi;400;256;200;15;bilkent_VisiFire__lb_fire__forest1.avi;bilkent_VisiFire;fire
/mnt/c/Users/ha/Desktop/new_dataset/pool/bilkent_VisiFire/Fire Clips/bilkent_VisiFire__lb_fire__forest2.avi;400;256;245;15;bilkent_VisiFire__lb_fire__forest2.avi;bilkent_VisiFire;fire
/mnt/c/Users/ha/Desktop/new_dataset/pool/bilkent_VisiFire/Fire Clips/bilkent_VisiFire__lb_fire__forest3.avi;400;256;255;15;bilkent_VisiFire__lb_fire__forest3.avi;bilkent_VisiFire;fire
/mnt/c/Users/ha/Desktop/new_dataset/pool/bilkent_VisiFire/Fire Clips/bilkent_VisiFire__lb_fire__forest4.avi;400;256;219;15;bilkent_VisiFire__lb_fire__forest4.avi;bilkent_VisiFire;fire
/mnt/c/Users/ha/Desktop/new_dataset/pool/bilkent_VisiFire/Fire Clips/bilkent_VisiFire__lb_fire__forest5.avi;400;256;216;15;bilkent_VisiFire__lb_fire__forest5.avi;bilkent_VisiFire;fire
/mnt/c/Users/ha/Desktop/new_dataset/pool/bilkent_VisiFire/Fire Clips/bilkent_VisiFire__lb_fire__ForestFire1.avi;400;256;218;15;bilkent_VisiFire__lb_fire__ForestFire1.avi;bilkent_VisiFire;fire
/mnt/c/Users/ha/Desktop/new_dataset/pool/FIRESENSE/fire_videos.1406/pos/FIRESENSE__lb_fire__posVideo11.870.avi;400;256;178;15;FIRESENSE__lb_fire__posVideo11.870.avi;FIRESENSE;fire
/mnt/c/Users/ha/Desktop/new_dataset/pool/Mivia_fire/Mivia__lb_fire__fire10.avi;400;256;219;15;Mivia__lb_fire__fire10.avi;Mivia;fire
/mnt/c/Users/ha/Desktop/new_dataset/pool/Mivia_fire/Mivia__lb_fire__fire11.avi;400;256;216;15;Mivia__lb_fire__fire11.avi;Mivia;fire
/mnt/c/Users/ha/Desktop/new_dataset/pool/Mivia_fire/Mivia__lb_fire__fire12.avi;400;256;218;15;Mivia__lb_fire__fire12.avi;Mivia;fire
/mnt/c/Users/ha/Desktop/new_dataset/pool/Mivia_fire/Mivia__lb_fire__fire3.avi;400;256;260;15;Mivia__lb_fire__fire3.avi;Mivia;fire
/mnt/c/Users/ha/Desktop/new_dataset/pool/Mivia_fire/Mivia__lb_fire__fire4.avi;400;256;246;15;Mivia__lb_fire__fire4.avi;Mivia;fire
/mnt/c/Users/ha/Desktop/new_dataset/pool/Mivia_fire/Mivia__lb_fire__fire5.avi;400;256;208;15;Mivia__lb_fire__fire5.avi;Mivia;fire
/mnt/c/Users/ha/Desktop/new_dataset/pool/Mivia_fire/Mivia__lb_fire__fire7.avi;400;256;200;15;Mivia__lb_fire__fire7.avi;Mivia;fire
/mnt/c/Users/ha/Desktop/new_dataset/pool/Mivia_fire/Mivia__lb_fire__fire8.avi;400;256;245;15;Mivia__lb_fire__fire8.avi;Mivia;fire
/mnt/c/Users/ha/Desktop/new_dataset/pool/Mivia_fire/Mivia__lb_fire__fire9.avi;400;256;255;15;Mivia__lb_fire__fire9.avi;Mivia;fire
/mnt/c/Users/ha/Desktop/new_dataset/pool/FiSmo/FireVid/FireVid/videos/FiSmo__lb_firesmoke__fireVid_008.avi;400;256;218;15;FiSmo__lb_firesmoke__fireVid_008.avi;FiSmo;firesmoke
/mnt/c/Users/ha/Desktop/new_dataset/pool/FiSmo/FireVid/FireVid/videos/FiSmo__lb_firesmoke__fireVid_019.avi;400;256;260;15;FiSmo__lb_firesmoke__fireVid_019.avi;FiSmo;firesmoke
/mnt/c/Users/ha/Desktop/new_dataset/pool/FiSmo/FireVid/FireVid/videos/FiSmo__lb_firesmoke__fireVid_020.avi;400;256;246;15;FiSmo__lb_firesmoke__fireVid_020.avi;FiSmo;firesmoke
/mnt/c/Users/ha/Desktop/new_dataset/pool/FiSmo/FireVid/FireVid/videos/FiSmo__lb_firesmoke__fireVid_021.avi;400;256;208;15;FiSmo__lb_firesmoke__fireVid_021.avi;FiSmo;firesmoke
/mnt/c/Users/ha/Desktop/new_dataset/pool/FiSmo/FireVid/FireVid/videos/FiSmo__lb_firesmoke__fireVid_024.avi;400;256;200;15;FiSmo__lb_firesmoke__fireVid_024.avi;FiSmo;firesmoke
/mnt/c/Users/ha/Desktop/new_dataset/pool/bilkent_VisiFire/Fire Clips/bilkent_VisiFire__lb_fire__fire1.avi;320;240;708;15;bilkent_VisiFire__lb_fire__fire1.avi;bilkent_VisiFire;fire
/mnt/c/Users/ha/Desktop/new_dataset/pool/Mivia_fire/Mivia__lb_fire__fire1.avi;320;240;708;15;Mivia__lb_fire__fire1.avi;Mivia;fire
/mnt/c/Users/ha/Desktop/new_dataset/pool/FiSmo/FireVid/FireVid/videos/FiSmo__lb_firesmoke__fireVid_025.avi;320;240;708;15;FiSmo__lb_firesmoke__fireVid_025.avi;FiSmo;firesmoke
/mnt/c/Users/ha/Desktop/new_dataset/pool/bilkent_VisiFire/Smoke Clips/bilkent_VisiFire__lb_smoke__sMoky.avi;320;240;900;15;bilkent_VisiFire__lb_smoke__sMoky.avi;bilkent_VisiFire;smoke
/mnt/c/Users/ha/Desktop/new_dataset/pool/bilkent_VisiFire/Smoke Clips/bilkent_VisiFire__lb_smoke__sWindow.avi;320;240;244;15;bilkent_VisiFire__lb_smoke__sWindow.avi;bilkent_VisiFire;smoke
/mnt/c/Users/ha/Desktop/new_dataset/pool/bilkent_VisiFire/Smoke Clips/AccidentsInaTunnel/bilkent_VisiFire__lb_smoke__TunnelAccident1.avi;320;240;191;15;bilkent_VisiFire__lb_smoke__TunnelAccident1.avi;bilkent_VisiFire;smoke
/mnt/c/Users/ha/Desktop/new_dataset/pool/bilkent_VisiFire/Smoke Clips/AccidentsInaTunnel/bilkent_VisiFire__lb_smoke__TunnelAccident2.avi;320;240;394;15;bilkent_VisiFire__lb_smoke__TunnelAccident2.avi;bilkent_VisiFire;smoke
/mnt/c/Users/ha/Desktop/new_dataset/pool/bilkent_VisiFire/Smoke Clips/AccidentsInaTunnel/bilkent_VisiFire__lb_smoke__TunnelAccident3.avi;320;240;102;15;bilkent_VisiFire__lb_smoke__TunnelAccident3.avi;bilkent_VisiFire;smoke
/mnt/c/Users/ha/Desktop/new_dataset/pool/Mivia_fire/Mivia__lb_smoke__fire15.avi;320;240;244;15;Mivia__lb_smoke__fire15.avi;Mivia;smoke
/mnt/c/Users/ha/Desktop/new_dataset/pool/FIRESENSE/smoke_videos.1407/pos/FIRESENSE__lb_smoketestpos08.824.avi;320;240;363;15;FIRESENSE__lb_smoketestpos08.824.avi;FIRESENSE;smoketestpos08.824.avi
/mnt/c/Users/ha/Desktop/new_dataset/pool/FIRESENSE/smoke_videos.1407/pos/FIRESENSE__lb_smoketestpos03.819.avi;320;240;322;14.999925;FIRESENSE__lb_smoketestpos03.819.avi;FIRESENSE;smoketestpos03.819.avi
/mnt/c/Users/ha/Desktop/new_dataset/pool/Mivia_fire/Mivia__lb_none__fire31.avi;800;600;1496;14.998;Mivia__lb_none__fire31.avi;Mivia;none
/mnt/c/Users/ha/Desktop/new_dataset/pool/FiSmo/RESCUER-videos/videos/FiSmo__lb_firesmoke__rescuer_044.mp4;320;240;161;14.91618524;FiSmo__lb_firesmoke__rescuer_044.mp4;FiSmo;firesmoke
/mnt/c/Users/ha/Desktop/new_dataset/pool/FiSmo/RESCUER-videos/videos/FiSmo__lb_firesmoke__rescuer_056.mp4;320;240;160;14.8984577;FiSmo__lb_firesmoke__rescuer_056.mp4;FiSmo;firesmoke
/mnt/c/Users/ha/Desktop/new_dataset/pool/FiSmo/RESCUER-videos/videos/FiSmo__lb_firesmoke__rescuer_055.mp4;320;240;160;14.89839604;FiSmo__lb_firesmoke__rescuer_055.mp4;FiSmo;firesmoke
/mnt/c/Users/ha/Desktop/new_dataset/pool/FiSmo/RESCUER-videos/videos/FiSmo__lb_firesmoke__rescuer_060.mp4;320;240;163;14.89668282;FiSmo__lb_firesmoke__rescuer_060.mp4;FiSmo;firesmoke
/mnt/c/Users/ha/Desktop/new_dataset/pool/FiSmo/RESCUER-videos/videos/FiSmo__lb_firesmoke__rescuer_050.mp4;320;240;218;14.89637453;FiSmo__lb_firesmoke__rescuer_050.mp4;FiSmo;firesmoke
/mnt/c/Users/ha/Desktop/new_dataset/pool/FiSmo/RESCUER-videos/videos/FiSmo__lb_firesmoke__rescuer_049.mp4;320;240;179;14.88769081;FiSmo__lb_firesmoke__rescuer_049.mp4;FiSmo;firesmoke
/mnt/c/Users/ha/Desktop/new_dataset/pool/FiSmo/RESCUER-videos/videos/FiSmo__lb_firesmoke__rescuer_046.mp4;320;240;238;14.88305132;FiSmo__lb_firesmoke__rescuer_046.mp4;FiSmo;firesmoke
/mnt/c/Users/ha/Desktop/new_dataset/pool/FiSmo/RESCUER-videos/videos/FiSmo__lb_firesmoke__rescuer_042.mp4;320;240;246;14.87869229;FiSmo__lb_firesmoke__rescuer_042.mp4;FiSmo;firesmoke
/mnt/c/Users/ha/Desktop/new_dataset/pool/FiSmo/FireVid/FireVid/videos/FiSmo__lb_firesmoke__fireVid_027.mp4;320;240;200;14.87777905;FiSmo__lb_firesmoke__fireVid_027.mp4;FiSmo;firesmoke
/mnt/c/Users/ha/Desktop/new_dataset/pool/FiSmo/RESCUER-videos/videos/FiSmo__lb_firesmoke__rescuer_061.mp4;320;240;202;14.87756695;FiSmo__lb_firesmoke__rescuer_061.mp4;FiSmo;firesmoke
/mnt/c/Users/ha/Desktop/new_dataset/pool/FiSmo/RESCUER-videos/videos/FiSmo__lb_firesmoke__rescuer_048.mp4;320;240;238;14.87619836;FiSmo__lb_firesmoke__rescuer_048.mp4;FiSmo;firesmoke
/mnt/c/Users/ha/Desktop/new_dataset/pool/FiSmo/RESCUER-videos/videos/FiSmo__lb_firesmoke__rescuer_040.mp4;320;240;238;14.87616737;FiSmo__lb_firesmoke__rescuer_040.mp4;FiSmo;firesmoke
/mnt/c/Users/ha/Desktop/new_dataset/pool/FiSmo/FireVid/FireVid/videos/FiSmo__lb_firesmoke__fireVid_026.mp4;320;240;235;14.87359554;FiSmo__lb_firesmoke__fireVid_026.mp4;FiSmo;firesmoke
/mnt/c/Users/ha/Desktop/new_dataset/pool/FiSmo/RESCUER-videos/videos/FiSmo__lb_firesmoke__rescuer_039.mp4;320;240;220;14.87139622;FiSmo__lb_firesmoke__rescuer_039.mp4;FiSmo;firesmoke
/mnt/c/Users/ha/Desktop/new_dataset/pool/FireNet/fire/FireNet__lb_firesmoke__FireVid42.mp4;1920;1080;384;14.59527258;FireNet__lb_firesmoke__FireVid42.mp4;FireNet;firesmoke
/mnt/c/Users/ha/Desktop/new_dataset/pool/FiSmo/RESCUER-videos/videos/FiSmo__lb_firesmoke__rescuer_043.mp4;320;240;134;14.47106806;FiSmo__lb_firesmoke__rescuer_043.mp4;FiSmo;firesmoke
/mnt/c/Users/ha/Desktop/new_dataset/pool/FireNet/fire/FireNet__lb_firesmoke__FireVid64.mp4;1920;1080;102;14.28635902;FireNet__lb_firesmoke__FireVid64.mp4;FireNet;firesmoke
/mnt/c/Users/ha/Desktop/new_dataset/pool/FireNet/fire/FireNet__lb_firesmoke__FireVid49.mp4;1920;1080;231;14.2861364;FireNet__lb_firesmoke__FireVid49.mp4;FireNet;firesmoke
/mnt/c/Users/ha/Desktop/new_dataset/pool/bilkent_VisiFire/Smoke Clips/bilkent_VisiFire__lb_smoke__sEmptyR2.avi;320;240;342;14.28571429;bilkent_VisiFire__lb_smoke__sEmptyR2.avi;bilkent_VisiFire;smoke
/mnt/c/Users/ha/Desktop/new_dataset/pool/Mivia_fire/Mivia__lb_smoke__fire24.avi;320;240;342;14.28571429;Mivia__lb_smoke__fire24.avi;Mivia;smoke
/mnt/c/Users/ha/Desktop/new_dataset/pool/FireNet/fire/FireNet__lb_firesmoke__FireVid63.mp4;1920;1080;101;14.28275134;FireNet__lb_firesmoke__FireVid63.mp4;FireNet;firesmoke
/mnt/c/Users/ha/Desktop/new_dataset/pool/FireNet/fire/FireNet__lb_firesmoke__FireVid57.mp4;1920;1080;191;14.28008912;FireNet__lb_firesmoke__FireVid57.mp4;FireNet;firesmoke
/mnt/c/Users/ha/Desktop/new_dataset/pool/FireNet/fire/FireNet__lb_firesmoke__FireVid44.mp4;1920;1080;80;14.27475331;FireNet__lb_firesmoke__FireVid44.mp4;FireNet;firesmoke
/mnt/c/Users/ha/Desktop/new_dataset/pool/FireNet/fire/FireNet__lb_firesmoke__FireVid43.mp4;1920;1080;85;14.2740658;FireNet__lb_firesmoke__FireVid43.mp4;FireNet;firesmoke
/mnt/c/Users/ha/Desktop/new_dataset/pool/FireNet/fire/FireNet__lb_firesmoke__FireVid62.mp4;1920;1080;190;14.26494253;FireNet__lb_firesmoke__FireVid62.mp4;FireNet;firesmoke
/mnt/c/Users/ha/Desktop/new_dataset/pool/FireNet/fire/FireNet__lb_firesmoke__FireVid52.mp4;1920;1080;42;14.2646354;FireNet__lb_firesmoke__FireVid52.mp4;FireNet;firesmoke
/mnt/c/Users/ha/Desktop/new_dataset/pool/FireNet/fire/FireNet__lb_firesmoke__FireVid58.mp4;1920;1080;65;14.26446563;FireNet__lb_firesmoke__FireVid58.mp4;FireNet;firesmoke
/mnt/c/Users/ha/Desktop/new_dataset/pool/FireNet/fire/FireNet__lb_firesmoke__FireVid53.mp4;1920;1080;178;14.2590374;FireNet__lb_firesmoke__FireVid53.mp4;FireNet;firesmoke
/mnt/c/Users/ha/Desktop/new_dataset/pool/FireNet/fire/FireNet__lb_firesmoke__FireVid61.mp4;1920;1080;148;14.2554116;FireNet__lb_firesmoke__FireVid61.mp4;FireNet;firesmoke
/mnt/c/Users/ha/Desktop/new_dataset/pool/FireNet/fire/FireNet__lb_firesmoke__FireVid59.mp4;1920;1080;225;14.24217893;FireNet__lb_firesmoke__FireVid59.mp4;FireNet;firesmoke
/mnt/c/Users/ha/Desktop/new_dataset/pool/FireNet/fire/FireNet__lb_firesmoke__FireVid56.mp4;1920;1080;51;14.23582465;FireNet__lb_firesmoke__FireVid56.mp4;FireNet;firesmoke
/mnt/c/Users/ha/Desktop/new_dataset/pool/FireNet/fire/FireNet__lb_firesmoke__FireVid54.mp4;1920;1080;137;14.2317783;FireNet__lb_firesmoke__FireVid54.mp4;FireNet;firesmoke
/mnt/c/Users/ha/Desktop/new_dataset/pool/FireNet/fire/FireNet__lb_firesmoke__FireVid47.mp4;1920;1080;232;14.23100437;FireNet__lb_firesmoke__FireVid47.mp4;FireNet;firesmoke
/mnt/c/Users/ha/Desktop/new_dataset/pool/FireNet/fire/FireNet__lb_firesmoke__FireVid48.mp4;1920;1080;146;14.21974814;FireNet__lb_firesmoke__FireVid48.mp4;FireNet;firesmoke
/mnt/c/Users/ha/Desktop/new_dataset/pool/FireNet/fire/FireNet__lb_firesmoke__FireVid60.mp4;1920;1080;150;14.20734088;FireNet__lb_firesmoke__FireVid60.mp4;FireNet;firesmoke
/mnt/c/Users/ha/Desktop/new_dataset/pool/FireNet/fire/FireNet__lb_firesmoke__FireVid55.mp4;1920;1080;23;14.18634136;FireNet__lb_firesmoke__FireVid55.mp4;FireNet;firesmoke
/mnt/c/Users/ha/Desktop/new_dataset/pool/FireNet/fire/FireNet__lb_firesmoke__FireVid46.mp4;1920;1080;82;14.15284303;FireNet__lb_firesmoke__FireVid46.mp4;FireNet;firesmoke
/mnt/c/Users/ha/Desktop/new_dataset/pool/FireNet/fire/FireNet__lb_firesmoke__FireVid50.mp4;1920;1080;23;13.91110335;FireNet__lb_firesmoke__FireVid50.mp4;FireNet;firesmoke
/mnt/c/Users/ha/Desktop/new_dataset/pool/FireNet/fire/FireNet__lb_firesmoke__FireVid51.mp4;1920;1080;8;13.21294869;FireNet__lb_firesmoke__FireVid51.mp4;FireNet;firesmoke
/mnt/c/Users/ha/Desktop/new_dataset/pool/bilkent_VisiFire/Smoke Clips/Smoke_Far/bilkent_VisiFire__lb_smoke__Colakli_Smoke_Output.avi;720;576;401;10;bilkent_VisiFire__lb_smoke__Colakli_Smoke_Output.avi;bilkent_VisiFire;smoke
/mnt/c/Users/ha/Desktop/new_dataset/pool/bilkent_VisiFire/Smoke Clips/Smoke_Far/bilkent_VisiFire__lb_smoke__sorgun1.avi;720;576;609;10;bilkent_VisiFire__lb_smoke__sorgun1.avi;bilkent_VisiFire;smoke
/mnt/c/Users/ha/Desktop/new_dataset/pool/Mivia_fire/Mivia__lb_smoke__fire29.avi;720;576;609;10;Mivia__lb_smoke__fire29.avi;Mivia;smoke
/mnt/c/Users/ha/Desktop/new_dataset/pool/bilkent_VisiFire/Smoke Clips/Smoke_Far/bilkent_VisiFire__lb_smoke__ISYAM_Smoke_Output.avi;720;480;85;10;bilkent_VisiFire__lb_smoke__ISYAM_Smoke_Output.avi;bilkent_VisiFire;smoke
/mnt/c/Users/ha/Desktop/new_dataset/pool/Mivia_fire/Mivia__lb_smoke__fire21.avi;720;480;85;10;Mivia__lb_smoke__fire21.avi;Mivia;smoke
/mnt/c/Users/ha/Desktop/new_dataset/pool/FIRESENSE/fire_videos.1406/pos/FIRESENSE__lb_fire__posVideo1.868.avi;352;288;293;10;FIRESENSE__lb_fire__posVideo1.868.avi;FIRESENSE;fire
/mnt/c/Users/ha/Desktop/new_dataset/pool/FIRESENSE/fire_videos.1406/pos/FIRESENSE__lb_fire__posVideo6.875.avi;352;288;258;10;FIRESENSE__lb_fire__posVideo6.875.avi;FIRESENSE;fire
/mnt/c/Users/ha/Desktop/new_dataset/pool/fire video/VSD3__lb_firesmoke__video3.avi;352;288;293;10;VSD3__lb_firesmoke__video3.avi;VSD3;firesmoke
/mnt/c/Users/ha/Desktop/new_dataset/pool/bilkent_VisiFire/Smoke Clips/Smoke_Far/bilkent_VisiFire__lb_smoke__Factory_Smoke_Output.avi;352;288;143;10;bilkent_VisiFire__lb_smoke__Factory_Smoke_Output.avi;bilkent_VisiFire;smoke
/mnt/c/Users/ha/Desktop/new_dataset/pool/bilkent_VisiFire/Smoke Clips/Smoke_Far/bilkent_VisiFire__lb_smoke__Smoke_Manavgat_Output.avi;352;288;606;10;bilkent_VisiFire__lb_smoke__Smoke_Manavgat_Output.avi;bilkent_VisiFire;smoke
/mnt/c/Users/ha/Desktop/new_dataset/pool/Mivia_fire/Mivia__lb_smoke__fire18.avi;352;288;606;10;Mivia__lb_smoke__fire18.avi;Mivia;smoke
/mnt/c/Users/ha/Desktop/new_dataset/pool/Mivia_fire/Mivia__lb_smoke__fire25.avi;352;288;143;10;Mivia__lb_smoke__fire25.avi;Mivia;smoke
/mnt/c/Users/ha/Desktop/new_dataset/pool/bilkent_VisiFire/Fire Clips/bilkent_VisiFire__lb_fire__barbeq.avi;320;240;439;10;bilkent_VisiFire__lb_fire__barbeq.avi;bilkent_VisiFire;fire
/mnt/c/Users/ha/Desktop/new_dataset/pool/bilkent_VisiFire/Fire Clips/bilkent_VisiFire__lb_fire__fBackYardFire.avi;320;240;1201;10;bilkent_VisiFire__lb_fire__fBackYardFire.avi;bilkent_VisiFire;fire
/mnt/c/Users/ha/Desktop/new_dataset/pool/bilkent_VisiFire/Other Clips/bilkent_VisiFire__lb_fire__barbeqraw.avi;320;240;439;10;bilkent_VisiFire__lb_fire__barbeqraw.avi;bilkent_VisiFire;fire
/mnt/c/Users/ha/Desktop/new_dataset/pool/FIRESENSE/fire_videos.1406/pos/FIRESENSE__lb_fire__posVideo7.876.avi;320;240;547;10;FIRESENSE__lb_fire__posVideo7.876.avi;FIRESENSE;fire
/mnt/c/Users/ha/Desktop/new_dataset/pool/Mivia_fire/Mivia__lb_fire__fire6.avi;320;240;1201;10;Mivia__lb_fire__fire6.avi;Mivia;fire
/mnt/c/Users/ha/Desktop/new_dataset/pool/FiSmo/FireVid/FireVid/videos/FiSmo__lb_firesmoke__fireVid_018.avi;320;240;439;10;FiSmo__lb_firesmoke__fireVid_018.avi;FiSmo;firesmoke
/mnt/c/Users/ha/Desktop/new_dataset/pool/FiSmo/FireVid/FireVid/videos/FiSmo__lb_firesmoke__fireVid_022.avi;320;240;1201;10;FiSmo__lb_firesmoke__fireVid_022.avi;FiSmo;firesmoke
/mnt/c/Users/ha/Desktop/new_dataset/pool/DFire/test/DFire__lb_none__FP31.mp4;320;240;155;10;DFire__lb_none__FP31.mp4;DFire;none
/mnt/c/Users/ha/Desktop/new_dataset/pool/DFire/test/DFire__lb_none__FP32.mp4;320;240;160;10;DFire__lb_none__FP32.mp4;DFire;none
/mnt/c/Users/ha/Desktop/new_dataset/pool/bilkent_VisiFire/Smoke Clips/bilkent_VisiFire__lb_none__CarLights1.avi;320;240;155;10;bilkent_VisiFire__lb_none__CarLights1.avi;bilkent_VisiFire;none
/mnt/c/Users/ha/Desktop/new_dataset/pool/bilkent_VisiFire/Smoke Clips/bilkent_VisiFire__lb_none__CarLights2.avi;320;240;160;10;bilkent_VisiFire__lb_none__CarLights2.avi;bilkent_VisiFire;none
/mnt/c/Users/ha/Desktop/new_dataset/pool/fire video/VSD3__lb_none__video12.avi;320;240;155;10;VSD3__lb_none__video12.avi;VSD3;none
/mnt/c/Users/ha/Desktop/new_dataset/pool/FIRESENSE/fire_videos.1406/neg/FIRESENSE__lb_none__negsVideo2.859.avi;320;240;155;10;FIRESENSE__lb_none__negsVideo2.859.avi;FIRESENSE;none
/mnt/c/Users/ha/Desktop/new_dataset/pool/FIRESENSE/fire_videos.1406/neg/FIRESENSE__lb_none__negsVideo3.860.avi;320;240;160;10;FIRESENSE__lb_none__negsVideo3.860.avi;FIRESENSE;none
/mnt/c/Users/ha/Desktop/new_dataset/pool/bilkent_VisiFire/Smoke Clips/bilkent_VisiFire__lb_smoke__sBehindtheFence.avi;320;240;630;10;bilkent_VisiFire__lb_smoke__sBehindtheFence.avi;bilkent_VisiFire;smoke
/mnt/c/Users/ha/Desktop/new_dataset/pool/bilkent_VisiFire/Smoke Clips/bilkent_VisiFire__lb_smoke__sBtFence2.avi;320;240;1400;10;bilkent_VisiFire__lb_smoke__sBtFence2.avi;bilkent_VisiFire;smoke
/mnt/c/Users/ha/Desktop/new_dataset/pool/bilkent_VisiFire/Smoke Clips/bilkent_VisiFire__lb_smoke__sWasteBasket.avi;320;240;900;10;bilkent_VisiFire__lb_smoke__sWasteBasket.avi;bilkent_VisiFire;smoke
/mnt/c/Users/ha/Desktop/new_dataset/pool/Mivia_fire/Mivia__lb_smoke__fire16.avi;320;240;900;10;Mivia__lb_smoke__fire16.avi;Mivia;smoke
/mnt/c/Users/ha/Desktop/new_dataset/pool/Mivia_fire/Mivia__lb_smoke__fire19.avi;320;240;630;10;Mivia__lb_smoke__fire19.avi;Mivia;smoke
/mnt/c/Users/ha/Desktop/new_dataset/pool/Mivia_fire/Mivia__lb_smoke__fire27.avi;320;240;1400;10;Mivia__lb_smoke__fire27.avi;Mivia;smoke
/mnt/c/Users/ha/Desktop/new_dataset/pool/FIRESENSE/smoke_videos.1407/pos/FIRESENSE__lb_smoketestpos06.822.avi;320;240;201;10;FIRESENSE__lb_smoketestpos06.822.avi;FIRESENSE;smoketestpos06.822.avi
/mnt/c/Users/ha/Desktop/new_dataset/pool/FIRESENSE/smoke_videos.1407/pos/FIRESENSE__lb_smoketestpos07.823.avi;320;240;701;10;FIRESENSE__lb_smoketestpos07.823.avi;FIRESENSE;smoketestpos07.823.avi
/mnt/c/Users/ha/Desktop/new_dataset/pool/bilkent_VisiFire/Forest Smoke Clips/bilkent_VisiFire__lb_smoke__20090409 ManavgatTEst.avi;320;240;5960;9;bilkent_VisiFire__lb_smoke__20090409 ManavgatTEst.avi;bilkent_VisiFire;smoke
/mnt/c/Users/ha/Desktop/new_dataset/pool/Mivia_fire/Mivia__lb_smoke__fire20.avi;320;240;5960;9;Mivia__lb_smoke__fire20.avi;Mivia;smoke
/mnt/c/Users/ha/Desktop/new_dataset/pool/bilkent_VisiFire/Forest Smoke Clips/bilkent_VisiFire__lb_smoke__20070817_Aksehir_Duman_Test5_en_Iyisi_near_487_frame.avi;720;576;6103;7;bilkent_VisiFire__lb_smoke__20070817_Aksehir_Duman_Test5_en_Iyisi_near_487_frame.avi;bilkent_VisiFire;smoke
/mnt/c/Users/ha/Desktop/new_dataset/pool/bilkent_VisiFire/Forest Smoke Clips/bilkent_VisiFire__lb_smoke__Pelco_Colakli.avi;720;576;851;7;bilkent_VisiFire__lb_smoke__Pelco_Colakli.avi;bilkent_VisiFire;smoke
/mnt/c/Users/ha/Desktop/new_dataset/pool/bilkent_VisiFire/Smoke Clips/Smoke_Far/bilkent_VisiFire__lb_smoke__Pelco_Colakli.avi;720;576;851;7;bilkent_VisiFire__lb_smoke__Pelco_Colakli.avi;bilkent_VisiFire;smoke
/mnt/c/Users/ha/Desktop/new_dataset/pool/Mivia_fire/Mivia__lb_smoke__fire23.avi;720;576;6103;7;Mivia__lb_smoke__fire23.avi;Mivia;smoke
/mnt/c/Users/ha/Desktop/new_dataset/pool/Mivia_fire/Mivia__lb_smoke__fire26.avi;720;576;851;7;Mivia__lb_smoke__fire26.avi;Mivia;smoke
/mnt/c/Users/ha/Desktop/new_dataset/pool/FIRESENSE/smoke_videos.1407/pos/FIRESENSE__lb_smoketestpos05.821.avi;320;240;514;4.6905;FIRESENSE__lb_smoketestpos05.821.avi;FIRESENSE;smoketestpos05.821.avi
/mnt/c/Users/ha/Desktop/new_dataset/pool/DFire/test/DFire__lb_firesmoke__VP1.mp4;1280;720;60;2;DFire__lb_firesmoke__VP1.mp4;DFire;firesmoke
/mnt/c/Users/ha/Desktop/new_dataset/pool/DFire/test/DFire__lb_firesmoke__VP10.mp4;1280;720;60;2;DFire__lb_firesmoke__VP10.mp4;DFire;firesmoke
/mnt/c/Users/ha/Desktop/new_dataset/pool/DFire/test/DFire__lb_firesmoke__VP12.mp4;1280;720;60;2;DFire__lb_firesmoke__VP12.mp4;DFire;firesmoke
/mnt/c/Users/ha/Desktop/new_dataset/pool/DFire/test/DFire__lb_firesmoke__VP13.mp4;1280;720;60;2;DFire__lb_firesmoke__VP13.mp4;DFire;firesmoke
/mnt/c/Users/ha/Desktop/new_dataset/pool/DFire/test/DFire__lb_firesmoke__VP14.mp4;1280;720;60;2;DFire__lb_firesmoke__VP14.mp4;DFire;firesmoke
/mnt/c/Users/ha/Desktop/new_dataset/pool/DFire/test/DFire__lb_firesmoke__VP15.mp4;1280;720;60;2;DFire__lb_firesmoke__VP15.mp4;DFire;firesmoke
/mnt/c/Users/ha/Desktop/new_dataset/pool/DFire/test/DFire__lb_firesmoke__VP16.mp4;1280;720;60;2;DFire__lb_firesmoke__VP16.mp4;DFire;firesmoke
/mnt/c/Users/ha/Desktop/new_dataset/pool/DFire/test/DFire__lb_firesmoke__VP17.mp4;1280;720;60;2;DFire__lb_firesmoke__VP17.mp4;DFire;firesmoke
/mnt/c/Users/ha/Desktop/new_dataset/pool/DFire/test/DFire__lb_firesmoke__VP19.mp4;1280;720;60;2;DFire__lb_firesmoke__VP19.mp4;DFire;firesmoke
/mnt/c/Users/ha/Desktop/new_dataset/pool/DFire/test/DFire__lb_firesmoke__VP20.mp4;1280;720;60;2;DFire__lb_firesmoke__VP20.mp4;DFire;firesmoke
/mnt/c/Users/ha/Desktop/new_dataset/pool/DFire/test/DFire__lb_firesmoke__VP21.mp4;1280;720;60;2;DFire__lb_firesmoke__VP21.mp4;DFire;firesmoke
/mnt/c/Users/ha/Desktop/new_dataset/pool/DFire/test/DFire__lb_firesmoke__VP22.mp4;1280;720;60;2;DFire__lb_firesmoke__VP22.mp4;DFire;firesmoke
/mnt/c/Users/ha/Desktop/new_dataset/pool/DFire/test/DFire__lb_firesmoke__VP25.mp4;1280;720;60;2;DFire__lb_firesmoke__VP25.mp4;DFire;firesmoke
/mnt/c/Users/ha/Desktop/new_dataset/pool/DFire/test/DFire__lb_firesmoke__VP26.mp4;1280;720;60;2;DFire__lb_firesmoke__VP26.mp4;DFire;firesmoke
/mnt/c/Users/ha/Desktop/new_dataset/pool/DFire/test/DFire__lb_firesmoke__VP27.mp4;1280;720;60;2;DFire__lb_firesmoke__VP27.mp4;DFire;firesmoke
/mnt/c/Users/ha/Desktop/new_dataset/pool/DFire/test/DFire__lb_firesmoke__VP28.mp4;1280;720;60;2;DFire__lb_firesmoke__VP28.mp4;DFire;firesmoke
/mnt/c/Users/ha/Desktop/new_dataset/pool/DFire/test/DFire__lb_firesmoke__VP29.mp4;1280;720;60;2;DFire__lb_firesmoke__VP29.mp4;DFire;firesmoke
/mnt/c/Users/ha/Desktop/new_dataset/pool/DFire/test/DFire__lb_firesmoke__VP3.mp4;1280;720;60;2;DFire__lb_firesmoke__VP3.mp4;DFire;firesmoke
/mnt/c/Users/ha/Desktop/new_dataset/pool/DFire/test/DFire__lb_firesmoke__VP30.mp4;1280;720;60;2;DFire__lb_firesmoke__VP30.mp4;DFire;firesmoke
/mnt/c/Users/ha/Desktop/new_dataset/pool/DFire/test/DFire__lb_firesmoke__VP31.mp4;1280;720;60;2;DFire__lb_firesmoke__VP31.mp4;DFire;firesmoke
/mnt/c/Users/ha/Desktop/new_dataset/pool/DFire/test/DFire__lb_firesmoke__VP36.mp4;1280;720;60;2;DFire__lb_firesmoke__VP36.mp4;DFire;firesmoke
/mnt/c/Users/ha/Desktop/new_dataset/pool/DFire/test/DFire__lb_firesmoke__VP37.mp4;1280;720;60;2;DFire__lb_firesmoke__VP37.mp4;DFire;firesmoke
/mnt/c/Users/ha/Desktop/new_dataset/pool/DFire/test/DFire__lb_firesmoke__VP39.mp4;1280;720;60;2;DFire__lb_firesmoke__VP39.mp4;DFire;firesmoke
/mnt/c/Users/ha/Desktop/new_dataset/pool/DFire/test/DFire__lb_firesmoke__VP41.mp4;1280;720;60;2;DFire__lb_firesmoke__VP41.mp4;DFire;firesmoke
/mnt/c/Users/ha/Desktop/new_dataset/pool/DFire/test/DFire__lb_firesmoke__VP43.mp4;1280;720;60;2;DFire__lb_firesmoke__VP43.mp4;DFire;firesmoke
/mnt/c/Users/ha/Desktop/new_dataset/pool/DFire/test/DFire__lb_firesmoke__VP44.mp4;1280;720;60;2;DFire__lb_firesmoke__VP44.mp4;DFire;firesmoke
/mnt/c/Users/ha/Desktop/new_dataset/pool/DFire/test/DFire__lb_firesmoke__VP45.mp4;1280;720;60;2;DFire__lb_firesmoke__VP45.mp4;DFire;firesmoke
/mnt/c/Users/ha/Desktop/new_dataset/pool/DFire/test/DFire__lb_firesmoke__VP46.mp4;1280;720;60;2;DFire__lb_firesmoke__VP46.mp4;DFire;firesmoke
/mnt/c/Users/ha/Desktop/new_dataset/pool/DFire/test/DFire__lb_firesmoke__VP47.mp4;1280;720;60;2;DFire__lb_firesmoke__VP47.mp4;DFire;firesmoke
/mnt/c/Users/ha/Desktop/new_dataset/pool/DFire/test/DFire__lb_firesmoke__VP49.mp4;1280;720;60;2;DFire__lb_firesmoke__VP49.mp4;DFire;firesmoke
/mnt/c/Users/ha/Desktop/new_dataset/pool/DFire/test/DFire__lb_firesmoke__VP5.mp4;1280;720;60;2;DFire__lb_firesmoke__VP5.mp4;DFire;firesmoke
/mnt/c/Users/ha/Desktop/new_dataset/pool/DFire/test/DFire__lb_firesmoke__VP6.mp4;1280;720;60;2;DFire__lb_firesmoke__VP6.mp4;DFire;firesmoke
/mnt/c/Users/ha/Desktop/new_dataset/pool/DFire/test/DFire__lb_firesmoke__VP7.mp4;1280;720;60;2;DFire__lb_firesmoke__VP7.mp4;DFire;firesmoke
/mnt/c/Users/ha/Desktop/new_dataset/pool/DFire/test/DFire__lb_firesmoke__VP8.mp4;1280;720;60;2;DFire__lb_firesmoke__VP8.mp4;DFire;firesmoke
/mnt/c/Users/ha/Desktop/new_dataset/pool/DFire/test/DFire__lb_firesmoke__VP9.mp4;1280;720;60;2;DFire__lb_firesmoke__VP9.mp4;DFire;firesmoke
/mnt/c/Users/ha/Desktop/new_dataset/pool/DFire/valid/DFire__lb_firesmoke__VP11.mp4;1280;720;60;2;DFire__lb_firesmoke__VP11.mp4;DFire;firesmoke
/mnt/c/Users/ha/Desktop/new_dataset/pool/DFire/valid/DFire__lb_firesmoke__VP18.mp4;1280;720;60;2;DFire__lb_firesmoke__VP18.mp4;DFire;firesmoke
/mnt/c/Users/ha/Desktop/new_dataset/pool/DFire/valid/DFire__lb_firesmoke__VP2.mp4;1280;720;60;2;DFire__lb_firesmoke__VP2.mp4;DFire;firesmoke
/mnt/c/Users/ha/Desktop/new_dataset/pool/DFire/valid/DFire__lb_firesmoke__VP23.mp4;1280;720;60;2;DFire__lb_firesmoke__VP23.mp4;DFire;firesmoke
/mnt/c/Users/ha/Desktop/new_dataset/pool/DFire/valid/DFire__lb_firesmoke__VP24.mp4;1280;720;60;2;DFire__lb_firesmoke__VP24.mp4;DFire;firesmoke
/mnt/c/Users/ha/Desktop/new_dataset/pool/DFire/valid/DFire__lb_firesmoke__VP32.mp4;1280;720;60;2;DFire__lb_firesmoke__VP32.mp4;DFire;firesmoke
/mnt/c/Users/ha/Desktop/new_dataset/pool/DFire/valid/DFire__lb_firesmoke__VP33.mp4;1280;720;60;2;DFire__lb_firesmoke__VP33.mp4;DFire;firesmoke
/mnt/c/Users/ha/Desktop/new_dataset/pool/DFire/valid/DFire__lb_firesmoke__VP34.mp4;1280;720;60;2;DFire__lb_firesmoke__VP34.mp4;DFire;firesmoke
/mnt/c/Users/ha/Desktop/new_dataset/pool/DFire/valid/DFire__lb_firesmoke__VP35.mp4;1280;720;60;2;DFire__lb_firesmoke__VP35.mp4;DFire;firesmoke
/mnt/c/Users/ha/Desktop/new_dataset/pool/DFire/valid/DFire__lb_firesmoke__VP38.mp4;1280;720;60;2;DFire__lb_firesmoke__VP38.mp4;DFire;firesmoke
/mnt/c/Users/ha/Desktop/new_dataset/pool/DFire/valid/DFire__lb_firesmoke__VP4.mp4;1280;720;60;2;DFire__lb_firesmoke__VP4.mp4;DFire;firesmoke
/mnt/c/Users/ha/Desktop/new_dataset/pool/DFire/valid/DFire__lb_firesmoke__VP40.mp4;1280;720;60;2;DFire__lb_firesmoke__VP40.mp4;DFire;firesmoke
/mnt/c/Users/ha/Desktop/new_dataset/pool/DFire/valid/DFire__lb_firesmoke__VP42.mp4;1280;720;60;2;DFire__lb_firesmoke__VP42.mp4;DFire;firesmoke
/mnt/c/Users/ha/Desktop/new_dataset/pool/DFire/valid/DFire__lb_firesmoke__VP48.mp4;1280;720;60;2;DFire__lb_firesmoke__VP48.mp4;DFire;firesmoke
/mnt/c/Users/ha/Desktop/new_dataset/pool/DFire/valid/DFire__lb_firesmoke__VP50.mp4;1280;720;60;2;DFire__lb_firesmoke__VP50.mp4;DFire;firesmoke
/mnt/c/Users/ha/Desktop/new_dataset/pool/DFire/test/DFire__lb_none__FP11.mp4;1280;720;60;2;DFire__lb_none__FP11.mp4;DFire;none
/mnt/c/Users/ha/Desktop/new_dataset/pool/DFire/test/DFire__lb_none__FP12.mp4;1280;720;60;2;DFire__lb_none__FP12.mp4;DFire;none
/mnt/c/Users/ha/Desktop/new_dataset/pool/DFire/test/DFire__lb_none__FP13.mp4;1280;720;60;2;DFire__lb_none__FP13.mp4;DFire;none
/mnt/c/Users/ha/Desktop/new_dataset/pool/DFire/test/DFire__lb_none__FP14.mp4;1280;720;3;2;DFire__lb_none__FP14.mp4;DFire;none
/mnt/c/Users/ha/Desktop/new_dataset/pool/DFire/test/DFire__lb_none__FP18.mp4;1280;720;2;2;DFire__lb_none__FP18.mp4;DFire;none
/mnt/c/Users/ha/Desktop/new_dataset/pool/DFire/test/DFire__lb_none__FP19.mp4;1280;720;60;2;DFire__lb_none__FP19.mp4;DFire;none
/mnt/c/Users/ha/Desktop/new_dataset/pool/DFire/test/DFire__lb_none__FP20.mp4;1280;720;60;2;DFire__lb_none__FP20.mp4;DFire;none
/mnt/c/Users/ha/Desktop/new_dataset/pool/DFire/test/DFire__lb_none__FP21.mp4;1280;720;60;2;DFire__lb_none__FP21.mp4;DFire;none
/mnt/c/Users/ha/Desktop/new_dataset/pool/DFire/test/DFire__lb_none__FP22.mp4;1280;720;60;2;DFire__lb_none__FP22.mp4;DFire;none
/mnt/c/Users/ha/Desktop/new_dataset/pool/DFire/test/DFire__lb_none__FP23.mp4;1280;720;60;2;DFire__lb_none__FP23.mp4;DFire;none
/mnt/c/Users/ha/Desktop/new_dataset/pool/DFire/test/DFire__lb_none__FP25.mp4;1280;720;60;2;DFire__lb_none__FP25.mp4;DFire;none
/mnt/c/Users/ha/Desktop/new_dataset/pool/DFire/test/DFire__lb_none__FP26.mp4;1280;720;60;2;DFire__lb_none__FP26.mp4;DFire;none
/mnt/c/Users/ha/Desktop/new_dataset/pool/DFire/test/DFire__lb_none__FP27.mp4;1280;720;60;2;DFire__lb_none__FP27.mp4;DFire;none
/mnt/c/Users/ha/Desktop/new_dataset/pool/DFire/test/DFire__lb_none__FP28.mp4;1280;720;60;2;DFire__lb_none__FP28.mp4;DFire;none
/mnt/c/Users/ha/Desktop/new_dataset/pool/DFire/test/DFire__lb_none__FP29.mp4;1280;720;60;2;DFire__lb_none__FP29.mp4;DFire;none
/mnt/c/Users/ha/Desktop/new_dataset/pool/DFire/test/DFire__lb_none__FP8.mp4;1280;720;60;2;DFire__lb_none__FP8.mp4;DFire;none
/mnt/c/Users/ha/Desktop/new_dataset/pool/DFire/valid/DFire__lb_none__FP10.mp4;1280;720;60;2;DFire__lb_none__FP10.mp4;DFire;none
/mnt/c/Users/ha/Desktop/new_dataset/pool/DFire/valid/DFire__lb_none__FP15.mp4;1280;720;60;2;DFire__lb_none__FP15.mp4;DFire;none
/mnt/c/Users/ha/Desktop/new_dataset/pool/DFire/valid/DFire__lb_none__FP16.mp4;1280;720;60;2;DFire__lb_none__FP16.mp4;DFire;none
/mnt/c/Users/ha/Desktop/new_dataset/pool/DFire/valid/DFire__lb_none__FP17.mp4;1280;720;60;2;DFire__lb_none__FP17.mp4;DFire;none
/mnt/c/Users/ha/Desktop/new_dataset/pool/DFire/valid/DFire__lb_none__FP24.mp4;1280;720;60;2;DFire__lb_none__FP24.mp4;DFire;none
/mnt/c/Users/ha/Desktop/new_dataset/pool/DFire/valid/DFire__lb_none__FP30.mp4;1280;720;60;2;DFire__lb_none__FP30.mp4;DFire;none
/mnt/c/Users/ha/Desktop/new_dataset/pool/DFire/valid/DFire__lb_none__FP9.mp4;1280;720;60;2;DFire__lb_none__FP9.mp4;DFire;none
/mnt/c/Users/ha/Desktop/new_dataset/pool/DFire/test/DFire__lb_none__FP1.mp4;1280;720;30;1;DFire__lb_none__FP1.mp4;DFire;none
/mnt/c/Users/ha/Desktop/new_dataset/pool/DFire/test/DFire__lb_none__FP2.mp4;1280;720;31;1;DFire__lb_none__FP2.mp4;DFire;none
/mnt/c/Users/ha/Desktop/new_dataset/pool/DFire/test/DFire__lb_none__FP3.mp4;1280;720;31;1;DFire__lb_none__FP3.mp4;DFire;none
/mnt/c/Users/ha/Desktop/new_dataset/pool/DFire/test/DFire__lb_none__FP4.mp4;1280;720;31;1;DFire__lb_none__FP4.mp4;DFire;none
/mnt/c/Users/ha/Desktop/new_dataset/pool/DFire/valid/DFire__lb_none__FP5.mp4;1280;720;31;1;DFire__lb_none__FP5.mp4;DFire;none
/mnt/c/Users/ha/Desktop/new_dataset/pool/DFire/valid/DFire__lb_none__FP6.mp4;1280;720;30;1;DFire__lb_none__FP6.mp4;DFire;none
/mnt/c/Users/ha/Desktop/new_dataset/pool/DFire/valid/DFire__lb_none__FP7.mp4;1280;720;31;1;DFire__lb_none__FP7.mp4;DFire;none
